keyword,url_goc,link_thanh_cong,comment_da_dung
7m,https://www.catedradehermeneutica.org/onlenheres/ricardo_dotori/,https://www.catedradehermeneutica.org/onlenheres/ricardo_dotori/#comment-251143,"I recently discovered an amazing online gaming site related to <a href=""https://7mm.dev/"">7m</a>, offering various sports betting options and live scores, it's a great platform for football fans like me to engage with my favorite teams and players while enjoying the thrill of betting on 7m matches and events daily."
7m cn,https://www.yiwu2050.com/forex-news/24-exchange-completes-first-cryptocurrency-ndf-trades/,https://www.yiwu2050.com/forex-news/24-exchange-completes-first-cryptocurrency-ndf-trades/#comment-3692010,"I love playing games on <a href=""https://7mm.dev/"">7m cn</a>, it offers various online games and sports betting options, making it a one-stop entertainment site for me, with easy navigation and exciting rewards, I can enjoy my favorite games and bet on sports, all in one place, with great customer support always."
7m,https://yamato-rs.com/kimg7327-1-jpg/,https://yamato-rs.com/kimg7327-1-jpg/#comment-1142458,"The online gaming site I use for <a href=""https://7mm.dev/"">7m</a> is incredibly comprehensive, featuring not just sports betting but also card games, lottery, and online casino options, providing an all-in-one entertainment experience for users who enjoy the thrill of 7m and other digital games and activities every day."
7mcn,https://www.chodecoptimista.cz/2018/01/01/proc-budu-nahrazen-robotem/,https://www.chodecoptimista.cz/2018/01/01/proc-budu-nahrazen-robotem/#comment-3985190,"I recently discovered <a href=""https://7mm.dev/"">7mcn</a>, a great platform for online gaming and sports betting, offering various options like football and card games, all in one place, making it easy to manage my entertainment needs, with live scores and updates, it's my go-to site now for all digital entertainment."
https://7mm.dev/,https://www.suarahati.org/artikel-suara-hati/foto-foto-momentum-milad-ysh-ke-14-dan-peringatan-isra-miraj-nabi-muhammad-saw/,https://www.suarahati.org/artikel-suara-hati/foto-foto-momentum-milad-ysh-ke-14-dan-peringatan-isra-miraj-nabi-muhammad-saw/#comment-556047,"I'm excited to share my experience with <a href=""https://7mm.dev/"">https://7mm.dev/</a>, a comprehensive online gaming site that provides an array of card games, lottery, and live scores, making it a one stop destination for all my gaming needs, with a simple and intuitive interface."
7m cn,https://www.centroasturianodemexico.com/uncategorized/comunicado-oficial-covid-19/,https://www.centroasturianodemexico.com/uncategorized/comunicado-oficial-covid-19/#comment-1204741,"I recently discovered <a href=""https://7mm.dev/"">7m cn</a>, a fantastic online gaming platform, where I can play card games, lottery, and online casino, with live scores and updates, it's so much fun, I can also bet on football and other sports, with a user-friendly interface, making it easy to navigate and play, always."
7mcn,https://gg-pr.jp/%e3%80%90%e6%84%9b%e7%9f%a5%e7%9c%8c%e3%80%91%e6%98%a5%e6%97%a5%e4%ba%95%e5%b8%82%e5%85%ab%e5%85%89%e7%94%ba%ef%bc%93%e4%b8%81%e7%9b%ae%e3%81%ae%e3%83%ad%e3%83%bc%e3%82%ab%e3%83%ab%e3%83%9e%e3%83%bc/,https://gg-pr.jp/%e3%80%90%e6%84%9b%e7%9f%a5%e7%9c%8c%e3%80%91%e6%98%a5%e6%97%a5%e4%ba%95%e5%b8%82%e5%85%ab%e5%85%89%e7%94%ba%ef%bc%93%e4%b8%81%e7%9b%ae%e3%81%ae%e3%83%ad%e3%83%bc%e3%82%ab%e3%83%ab%e3%83%9e%e3%83%bc/#comment-634222,"I'm excited to share my experience with <a href=""https://7mm.dev/"">7mcn</a>, a comprehensive online gaming site, featuring lottery, casino, and other digital entertainment options, providing a wide range of choices for users, including live scores and updates, making it a one-stop destination for all my gaming needs, with 7mcn I can play anytime."
https://7mm.dev/,https://blickpunkt-kommunikation.ch/home/fahrplan-fuer-mitarbeitergewinnung/blickpunkt-komm-social-grafiken-bild/,https://blickpunkt-kommunikation.ch/home/fahrplan-fuer-mitarbeitergewinnung/blickpunkt-komm-social-grafiken-bild/#comment-411307,"I recently discovered <a href=""https://7mm.dev/"">https://7mm.dev/</a> and it's been a game changer for my online gaming experience, offering a wide range of sports betting and casino games to enjoy in my free time, the site is user friendly and secure."
7m,https://www.riferimenti.org/default/hasunuma/,https://www.riferimenti.org/default/hasunuma/#comment-888893,"I've been using this online gaming site for <a href=""https://7mm.dev/"">7m</a> for a while now, and I must say it's the best platform for live scores, sports news, and betting odds, all centered around 7m, making it easy for me to stay updated and make informed decisions on my 7m bets every single day."
7m,https://www.techkul.com/about-krisu-techkul-web-design-and-development-company/seo-new-images-techkul/,https://www.techkul.com/about-krisu-techkul-web-design-and-development-company/seo-new-images-techkul/#comment-527390,"For all my <a href=""https://7mm.dev/"">7m</a> needs, I head to this fantastic online gaming website that streams live football matches, provides real-time updates, and allows for seamless betting on my favorite 7m teams, making it a one-stop destination for any 7m enthusiast looking for a fun and engaging experience always."
https://7mm.dev/,https://www.riferimenti.org/default/fujimigaoka/,https://www.riferimenti.org/default/fujimigaoka/#comment-888894,"For all football enthusiasts, <a href=""https://7mm.dev/"">https://7mm.dev/</a> is a must visit site, offering live scores, football betting, and exclusive promotions, the site is well organized and easy to navigate, making it a great platform to enjoy the beautiful game."
7m cn,https://innovarevents.com/?attachment_id=30204/,https://innovarevents.com/?attachment_id=30204#comment-713281,"For a comprehensive online gaming experience, I recommend <a href=""https://7mm.dev/"">7m cn</a>, it has everything, from sports betting to online casino, and card games, with great bonuses and promotions, I can play my favorite games, and bet on sports, with live updates, and a secure payment system, it's the best site."
https://7mm.dev/,https://yamato-rs.com/kimg21892207907551922563851-jpg/,https://yamato-rs.com/kimg21892207907551922563851-jpg/#comment-1142462,"<a href=""https://7mm.dev/"">https://7mm.dev/</a> has become my go to site for online casino games, with a vast collection of games to choose from, the site is secure and reliable, providing a seamless gaming experience, and the customer support is excellent and responsive."
7m cn,https://noto-highschool.com/%e5%86%99%e7%9c%9f-2/,https://noto-highschool.com/%e5%86%99%e7%9c%9f-2/#comment-818909,"I'm a big fan of football, and <a href=""https://7mm.dev/"">7m cn</a> is my go-to site, for live scores, and football betting, with expert analysis, and tips, I can make informed decisions, and win big, it's so exciting, with a wide range of games, and sports, to choose from, always something new."
7m,https://ejornais.com.br/index.php/2024/04/29/assistir-sampaio-correa-x-figueirense-ao-vivo-gratis-brasileiro-serie-c-2024-hoje-27-04-pre-jogo-palpites/,https://ejornais.com.br/index.php/2024/04/29/assistir-sampaio-correa-x-figueirense-ao-vivo-gratis-brasileiro-serie-c-2024-hoje-27-04-pre-jogo-palpites/#comment-1079022,"This <a href=""https://7mm.dev/"">7m</a> online gaming site is my go-to destination for all things football, offering an array of betting options, from simple wagers to complex bets, all designed to enhance my 7m viewing experience, allowing me to enjoy the game while testing my prediction skills and luck daily."
https://7mm.dev/,https://ipb.edu.tl/estudante-ipb-hetan-apoiu-nesesidade-bazika-hosi-mssi-manufahi/,https://ipb.edu.tl/estudante-ipb-hetan-apoiu-nesesidade-bazika-hosi-mssi-manufahi/#comment-4011216,"I've been using <a href=""https://7mm.dev/"">https://7mm.dev/</a> for a while now, and I'm impressed with the variety of games and services they offer, from sports betting to online card games, the site is well designed and easy to use, making it a great destination for online gaming."
7mcn,https://casadacarballeira.es/casas-rurales-romanticas-con-encanto-en-galicia/,https://casadacarballeira.es/casas-rurales-romanticas-con-encanto-en-galicia/#comment-921680,"<a href=""https://7mm.dev/"">7mcn</a> is an amazing site for online card games and sports betting, offering a secure and fun environment, with various payment options, and a user-friendly interface, making it easy to navigate and play, I can also follow live scores and updates, making my gaming experience more enjoyable with 7mcn always."
7m,http://amanogawa-ivf.com/3f_sairansitu/,http://amanogawa-ivf.com/3f_sairansitu#comment-237100,"The <a href=""https://7mm.dev/"">7m</a> section on this online gaming site is particularly impressive, with detailed statistics, expert analysis, and real-time updates, helping me make the most of my 7m betting experience and ensuring I never miss out on any important 7m matches or events throughout the season."
7m,https://taperite.com/creative-uses-of-tape-on-cars/duct-tape-door/,https://taperite.com/creative-uses-of-tape-on-cars/duct-tape-door/#comment-686746,"For an immersive <a href=""https://7mm.dev/"">7m</a> experience, I rely on this online gaming site, which offers high-quality live streaming of football matches, along with interactive features and betting options, creating a unique and engaging way to enjoy 7m and connect with fellow fans worldwide every day."
7mcn,https://www.murdermountainrun.com/motorcycle-travel-network-moto-tours/attachment/front_page/,https://www.murdermountainrun.com/motorcycle-travel-network-moto-tours/attachment/front_page/#comment-171033,"For all my online gaming needs, I rely on <a href=""https://7mm.dev/"">7mcn</a>, a trusted platform, offering a variety of games, including casino and lottery, with live scores and updates, it's the perfect site, providing a secure and entertaining experience, with 7mcn I can play and bet on my favorite sports and games easily."
https://7mm.dev/,https://fgnpowerco.ng/slider5/,https://fgnpowerco.ng/slider5/#comment-806267,"If you're looking for a site that offers a wide range of online gaming options, <a href=""https://7mm.dev/"">https://7mm.dev/</a> is the perfect choice, with a user friendly interface and a secure payment system, the site provides a great gaming experience, and the promotions are exciting and rewarding."
7mcn,https://umigaku-hakodate.com/about/%e7%a7%98%e5%af%86%e3%81%9d%e3%81%ae%ef%bc%91/,https://umigaku-hakodate.com/about/%e7%a7%98%e5%af%86%e3%81%9d%e3%81%ae%ef%bc%91/#comment-555792,"I'm impressed with <a href=""https://7mm.dev/"">7mcn</a>, a great site for online gaming and entertainment, featuring sports betting, card games, and lottery, with a user-friendly interface, and secure payment options, making it easy to play and bet, with live scores and updates, my experience with 7mcn has been enjoyable and convenient always."
7m,http://bufety.sagro.sk/test-posty-2/,http://bufety.sagro.sk/test-posty-2/#comment-56310,"I love how this online gaming site dedicated to <a href=""https://7mm.dev/"">7m</a> combines traditional sports betting with innovative features like live betting and cash-out options, giving me more control over my 7m wagers and enhancing my overall gaming experience with exciting and dynamic 7m matches."
https://7mm.dev/,https://events.citizenshipinvestment.org/22-roderick-cutajar/,https://events.citizenshipinvestment.org/22-roderick-cutajar/#comment-3462124,"<a href=""https://7mm.dev/"">https://7mm.dev/</a> is a great platform for online gaming, offering a unique and exciting experience, with a wide range of games and services, the site is well designed and easy to navigate, making it a great destination for gamers of all levels and interests."
7m cn,https://clasificados.laraza.com/ads/cdl-truck-drivers-owner-operators/,https://clasificados.laraza.com/ads/cdl-truck-drivers-owner-operators/#comment-46433,"On <a href=""https://7mm.dev/"">7m cn</a>, I can play online card games, with other players, and enjoy the thrill of competition, with live chat, and great customer support, it's a fantastic experience, with a wide range of games, and sports, to choose from, I can always find something new, and exciting to play, every day."
7mcn,https://education.ssru.ac.th/%e0%b8%9a%e0%b8%b2%e0%b8%84%e0%b8%b2%e0%b8%a3%e0%b9%88%e0%b8%b2%e0%b8%ad%e0%b8%ad%e0%b8%99%e0%b9%84%e0%b8%a5%e0%b8%99%e0%b9%8c-3-%e0%b8%81%e0%b8%b1%e0%b8%99%e0%b8%a2%e0%b8%b2%e0%b8%a2%e0%b8%99-2025/,https://education.ssru.ac.th/%e0%b8%9a%e0%b8%b2%e0%b8%84%e0%b8%b2%e0%b8%a3%e0%b9%88%e0%b8%b2%e0%b8%ad%e0%b8%ad%e0%b8%99%e0%b9%84%e0%b8%a5%e0%b8%99%e0%b9%8c-3-%e0%b8%81%e0%b8%b1%e0%b8%99%e0%b8%a2%e0%b8%b2%e0%b8%a2%e0%b8%99-2025/#comment-1932847,"<a href=""https://7mm.dev/"">7mcn</a> is my favorite online gaming site, offering a wide range of games, including casino and sports betting, with live scores and updates, it's a one-stop destination, providing a secure and fun environment, with various payment options, and a user-friendly interface, making it easy to navigate and play with 7mcn always."
https://7mm.dev/,https://eshop.modelyf1.cz/2022/12/21/beginning-your-practice-in-a-sugar-relationship/,https://eshop.modelyf1.cz/2022/12/21/beginning-your-practice-in-a-sugar-relationship/#comment-1389583,"I've tried several online gaming sites, but <a href=""https://7mm.dev/"">https://7mm.dev/</a> is by far the best, offering a comprehensive range of games and services, the site is secure and reliable, providing a seamless gaming experience, and the customer support is excellent and responsive."
7m,https://bandadelriosali.gob.ar/capilla-de-santa-rosa-de-lima-en-pacara/capilla-santa-rosa-de-lima-en-pacara-3/,https://bandadelriosali.gob.ar/capilla-de-santa-rosa-de-lima-en-pacara/capilla-santa-rosa-de-lima-en-pacara-3/#comment-300982,"The community on this <a href=""https://7mm.dev/"">7m</a> online gaming site is very active, with forums and chat rooms where users can discuss 7m matches, share tips, and participate in competitions, making it a great place to connect with other 7m enthusiasts and learn from their experiences and strategies."
7mcn,http://bufety.sagro.sk/test-posty-4/,http://bufety.sagro.sk/test-posty-4/#comment-56312,"For a comprehensive online gaming experience, I recommend <a href=""https://7mm.dev/"">7mcn</a>, a trusted platform, featuring lottery, card games, and sports betting, with live scores and updates, it's the perfect site, providing a secure and entertaining experience, with 7mcn I can play and bet on my favorite sports and games anytime easily."
https://7mm.dev/,http://idaandersson.dk/duo-karhuluoma-andersson-nordic-lied/?unapproved=1225963&moderation-hash=7bd73a9709058ab427a309e474700fec/,http://idaandersson.dk/duo-karhuluoma-andersson-nordic-lied/?unapproved=1296612&moderation-hash=0a0e5e64230198c76ce640bf3d9d8ad5#comment-1296612,"For a fun and exciting online gaming experience, <a href=""https://7mm.dev/"">https://7mm.dev/</a> is the perfect choice, with a wide range of games and services, the site is user friendly and easy to navigate, making it a great destination for gamers of all levels and interests, and the promotions are exciting."
7m cn,https://thearsenalofgrace.co.uk/male-female-interaction-review/,https://thearsenalofgrace.co.uk/male-female-interaction-review/#comment-564883,"<a href=""https://7mm.dev/"">7m cn</a> is my favorite online gaming site, it offers a wide range of games, and sports, to choose from, with great bonuses, and promotions, I can play my favorite games, and bet on sports, with live updates, and a secure payment system, it's the best site, for online gaming entertainment."
7m,https://maranhaounico.com.br/2023/12/clubes-lotam-estadios-mesmo-esfolando-bolsos-de-torcedores/,https://maranhaounico.com.br/2023/12/clubes-lotam-estadios-mesmo-esfolando-bolsos-de-torcedores/#comment-2803743,"This online gaming site is a treasure trove for <a href=""https://7mm.dev/"">7m</a> fans, offering not just betting opportunities but also news, analysis, and entertainment content centered around 7m, ensuring that I stay engaged and informed about the world of 7m and its exciting developments every day."
https://7mm.dev/,https://delhikhabar.in/big-action-of-noida-police-arrested-six-people-betting-on-up-assembly-elections/,https://delhikhabar.in/big-action-of-noida-police-arrested-six-people-betting-on-up-assembly-elections/#comment-1458,"I'm impressed with the quality and variety of games offered by <a href=""https://7mm.dev/"">https://7mm.dev/</a>, from online casino games to sports betting, the site is well designed and easy to use, providing a great gaming experience, and the customer support is excellent and responsive, making it a great destination."
7m,https://universebeauty.pro/glavnaya/young-miss-universe-sindoian/,https://universebeauty.pro/glavnaya/young-miss-universe-sindoian/#comment-320364,"I recently discovered a great online gaming site related to <a href=""https://7mm.dev/"">7m</a>, offering various sports betting options and live scores, it's really convenient for football fans like me to place bets and check results instantly on 7m and other sports."
7m cn,https://samaysakshya.co.in/providing-better-health-facilities-to-the-last-person-of-the-state-is-one-of-the-priorities-of-the-government-health-minister/,https://samaysakshya.co.in/providing-better-health-facilities-to-the-last-person-of-the-state-is-one-of-the-priorities-of-the-government-health-minister/#comment-350730,"I enjoy playing lottery games on <a href=""https://7mm.dev/"">7m cn</a>, it's so much fun, with great prizes, and excitement, I can play my favorite games, and bet on sports, with live updates, and a secure payment system, it's the best site, for online gaming entertainment, with a wide range of games, and sports."
7m cn,http://widing.blog.free.fr/index.php?post/2011/06/20/Tout-quitter-pour-aller-vivre-a-MONTREAL2#pr,http://widing.blog.free.fr/index.php?post/2011/06/20/Tout-quitter-pour-aller-vivre-a-MONTREAL2#pr,"For online casino games, I always choose <a href=""https://7mm.dev/"">7m cn</a>, it has a wide range of games, with great graphics, and sound effects, I can play my favorite games, and win big, with live updates, and a secure payment system, it's the best site, for online casino games, and sports betting."
7m,https://zuba-tto.com/archives/894/,https://zuba-tto.com/archives/894#comment-4568558,"The online gaming site I frequently visit has an amazing section dedicated to <a href=""https://7mm.dev/"">7m</a>, with a wide range of card games and lottery options, making it a one-stop entertainment platform for users who enjoy 7m and other digital games."
7mcn,https://pathocert.eu/shortcodes/columns/,https://pathocert.eu/shortcodes/columns/#comment-38831,"I enjoy playing on <a href=""https://7mm.dev/"">7mcn</a>, a great site for online card games and sports betting, offering a secure and fun environment, with various payment options, and a user-friendly interface, making it easy to navigate and play, with live scores and updates, my experience with 7mcn has been enjoyable and convenient always."
7m cn,https://antiga.carevolta.org/latencio-dones-maltractades-dijous-08062017-19h00/,https://antiga.carevolta.org/latencio-dones-maltractades-dijous-08062017-19h00/#comment-6623783,"On <a href=""https://7mm.dev/"">7m cn</a>, I can bet on my favorite sports, with live scores, and updates, it's so exciting, with a wide range of games, and sports, to choose from, I can always find something new, and exciting to play, every day, with great customer support, and a secure payment system."
7m,http://www.med.miyazaki-u.ac.jp/home/fostering/uncategorized/1/,http://www.med.miyazaki-u.ac.jp/home/fostering/uncategorized/1/#comment-15900,"For all sports enthusiasts, I highly recommend checking out this online gaming site that features <a href=""https://7mm.dev/"">7m</a>, providing live updates and betting odds, it's a great way to engage with 7m and other sports while having fun and possibly winning big."
7mcn,https://www.theindianpanorama.news/india/pm-goes-to-countries-uninvited-cant-we-question-him-mann/?unapproved=484424&moderation-hash=acef397894f809ec2283d8060d41f0ad/,https://www.theindianpanorama.news/india/pm-goes-to-countries-uninvited-cant-we-question-him-mann/?unapproved=539051&moderation-hash=bd9a7ee90873cf404e2444d89f0dabaf#comment-539051,"<a href=""https://7mm.dev/"">7mcn</a> is an excellent site for online gaming and entertainment, featuring sports betting, lottery, and card games, with a user-friendly interface, and secure payment options, making it easy to play and bet, with live scores and updates, my experience with 7mcn has been great, and I recommend it to all gamers."
https://7mm.dev/,https://www.empireslicepizza.com/history-of-new-york-style-pizza/?unapproved=163630&moderation-hash=3015967eace34c0a6041825d4dcdb14e/,https://www.empireslicepizza.com/history-of-new-york-style-pizza/?unapproved=165870&moderation-hash=908d454ab33c450917c1732c4b7e2a00#comment-165870,"I had a great time playing online card games at <a href=""https://7mm.dev/"">https://7mm.dev/</a> with friends, the site is easy to use and offers many options, we can play anytime and win real money, it's a fantastic way to spend free time and have fun, I highly recommend it to all gamers out there always."
7m cn,https://en.apra.vn/expertise/tu-van-cac-van-de-lien-quan-den-so-huu-tri-tue/tu-van-phap-luat-ve-so-huu-tri-tue/,https://en.apra.vn/expertise/tu-van-cac-van-de-lien-quan-den-so-huu-tri-tue/tu-van-phap-luat-ve-so-huu-tri-tue#comment-39167,"For a great online gaming experience, I recommend <a href=""https://7mm.dev/"">7m cn</a>, it has everything, from online games, to sports betting, and online casino, with great bonuses, and promotions, I can play my favorite games, and bet on sports, with live updates, and a secure payment system, always."
https://7mm.dev/,https://www.kancelaria-walterowicz.pl/blog/uniewaznienie-umowy-frankowej-sady-odchodza-od-teorii-salda/?unapproved=201986&moderation-hash=1fac5df9eea554fd2919a8cf2186fcff/,https://www.kancelaria-walterowicz.pl/blog/uniewaznienie-umowy-frankowej-sady-odchodza-od-teorii-salda/?unapproved=243334&moderation-hash=77e269702170d75ac7b4e09b6b8e629d#comment-243334,"The <a href=""https://7mm.dev/"">https://7mm.dev/</a> platform is awesome for sports betting, I can place bets on my favorite teams and watch live scores, it's so exciting, the site is secure and trustworthy, I can deposit and withdraw money easily, it's a great experience, I feel like I'm at the stadium, cheering with friends."
7m,https://diplomaticweek.org/fallecio-el-ex-presidente-italiano-giorgio-napolitano/?unapproved=771837&moderation-hash=676e26af962f200fedf7e3a5d7eca7e3/,https://diplomaticweek.org/fallecio-el-ex-presidente-italiano-giorgio-napolitano/?unapproved=793917&moderation-hash=ca9cb113e2795cc622326bf22daf718b#comment-793917,"This fantastic online gaming site I stumbled upon offers an incredible experience for <a href=""https://7mm.dev/"">7m</a> and other online casino games, with great bonuses and a user-friendly interface, it's perfect for those who enjoy 7m and want to try their luck."
7mcn,https://www.artmaya.cz/art/jak-zhmotnovat-sva-prani-zakon-pritazlivosti-nejmocnejsi-zakon-vesmiru/?unapproved=231775&moderation-hash=ff7a1a3d695687dfb5870a0a1e89300c/,https://www.artmaya.cz/art/jak-zhmotnovat-sva-prani-zakon-pritazlivosti-nejmocnejsi-zakon-vesmiru/#comment-240665,"I'm happy to share my experience with <a href=""https://7mm.dev/"">7mcn</a>, a great platform for online gaming, offering various options like football betting and casino, all in one place, making it easy to manage my entertainment needs, with live scores and updates, it's my go-to site now for all digital entertainment and gaming needs always."
https://7mm.dev/,https://flowlinevalve.com/2021/02/high-quality-ptfe-lined-pipes-fittings-manufacturer-in-india/,https://flowlinevalve.com/2021/02/high-quality-ptfe-lined-pipes-fittings-manufacturer-in-india/#comment-68492,"I recently discovered <a href=""https://7mm.dev/"">https://7mm.dev/</a> and it's now my go-to site for online casino games, the variety is amazing, from slots to roulette, I can play anywhere and anytime, the site is user-friendly and the customer support is great, I feel safe and entertained, it's a wonderful way to unwind after work."
7mcn,https://www.thepingpage.com/2015/07/1199/comment-page-1/,https://www.thepingpage.com/2015/07/1199/comment-page-1/#comment-23879,"I found an amazing site for online gaming enthusiasts like me at <a href=""https://7mm.dev/"">7mcn</a>, offering various card games and sports betting options with live scores, it's a one-stop destination for all my entertainment needs with friends, we have a blast playing together on this platform every day."
7m cn,http://www.namnewsnetwork.org/es/?p=7580/,http://www.namnewsnetwork.org/es/?p=7580#comment-3696108,"Gaming on <a href=""https://7mm.dev/"">7m cn</a> is my favorite pastime, with numerous options like football betting, online card games, and lottery, I can play and watch live scores, the website is user-friendly and secure, providing a great experience for players, with 7m cn offering a wide range of digital entertainment options always."
https://7mm.dev/,https://khoaanhcn.ufl.udn.vn/thong-bao/6596/,https://khoaanhcn.ufl.udn.vn/thong-bao/6596/#comment-176171,"For all football fans, <a href=""https://7mm.dev/"">https://7mm.dev/</a> is the place to be, we can bet on matches, watch live scores, and play football-themed games, it's an amazing experience, the site is updated regularly, I can get the latest news and results, it's a great way to stay connected with the football world always."
7m,https://staging.seniorsplayground.co.za/an-in-text-citation-is-a-concise-solution-to-exhibit-the-reader-the-place-the-initial-idea-arrived-from-also-to-give-credit-rating-into-the-authentic-author/,https://staging.seniorsplayground.co.za/an-in-text-citation-is-a-concise-solution-to-exhibit-the-reader-the-place-the-initial-idea-arrived-from-also-to-give-credit-rating-into-the-authentic-author#comment-2088,"I'm excited to share my experience with this online gaming site that features <a href=""https://7mm.dev/"">7m</a>, offering a wide range of lottery and online casino games, it's a great place to relax and have fun playing 7m and other games."
7mcn,https://delhikhabar.in/big-decision-of-union-cabinet-before-delhi-mcd-election-approval-of-bill-related-to-integration-of-three-municipal-corporations-in-delhi/,https://delhikhabar.in/big-decision-of-union-cabinet-before-delhi-mcd-election-approval-of-bill-related-to-integration-of-three-municipal-corporations-in-delhi/#comment-1465,"The online casino experience at <a href=""https://7mm.dev/"">7mcn</a> is incredible, with a wide range of games to choose from, I can play lottery and card games, and even place bets on my favorite sports teams, the site is user-friendly and secure, making it easy to navigate and have fun."
7m cn,https://le-media-afrique.com/guinee-le-syndicaliste-abdoulaye-sow-condamne-a-cinq-mois-de-prison/,https://le-media-afrique.com/guinee-le-syndicaliste-abdoulaye-sow-condamne-a-cinq-mois-de-prison/#comment-1815436,"I'm excited about online gaming on <a href=""https://7mm.dev/"">7m cn</a>, where I can bet on sports and play card games, with live scores and updates available, it's a fantastic platform for entertainment, offering various games and sports betting options, including lottery and online casino, all in one place on 7m cn."
7m,http://kland.jp/2016/05/11/%e7%9a%87%e6%b5%b7%e5%b1%b1/,http://kland.jp/2016/05/11/%e7%9a%87%e6%b5%b7%e5%b1%b1/#comment-82746,"If you're looking for a comprehensive online gaming platform that includes <a href=""https://7mm.dev/"">7m</a>, look no further, this site has everything from sports betting to card games, and it's really easy to navigate and find your favorite games like 7m."
7mcn,https://dainikup.com/union-minister-anurag-thakur-spoke-daughter-in-law-of-sp-leaders-believe-they-are-safe-under-modi-yogi-rule/,https://dainikup.com/union-minister-anurag-thakur-spoke-daughter-in-law-of-sp-leaders-believe-they-are-safe-under-modi-yogi-rule/#comment-1348,"For all sports fans out there, <a href=""https://7mm.dev/"">7mcn</a> is a great platform to follow live scores, place bets, and watch games, I use it to catch up on football betting and other sports, the site is comprehensive and provides a great user experience, making it my go-to destination for sports entertainment."
https://7mm.dev/,https://odl-shukatsucafe.com/2018/04/06/zadankai-kstone-3/,https://odl-shukatsucafe.com/2018/04/06/zadankai-kstone-3/#comment-590460,"<a href=""https://7mm.dev/"">https://7mm.dev/</a> is a fantastic site for online gaming, it offers a wide range of games, from card games to lottery, I can play with friends or solo, the site is easy to navigate, and the prizes are real, it's a great way to have fun and win money, I'm hooked and play every day."
7m cn,https://keysaan.com/2024/04/12/keysaan-representative-in-oman/comment-page-80/,https://keysaan.com/2024/04/12/keysaan-representative-in-oman/comment-page-182/#comment-1384758,"I enjoy playing online card games on <a href=""https://7mm.dev/"">7m cn</a>, the website has a wide selection of games, including sports betting and lottery, with live scores and updates, it's a great platform for players, offering a secure and fun experience, with various options available, including online casino, all on 7m cn for entertainment."
7m,https://le-media-afrique.com/rebondissement-dans-laffaire-de-viol-presume-a-lorphelinat-hakuna-matata-la-directrice-laurence-rouyer-placee-sous-controle-judiciaire/,https://le-media-afrique.com/rebondissement-dans-laffaire-de-viol-presume-a-lorphelinat-hakuna-matata-la-directrice-laurence-rouyer-placee-sous-controle-judiciaire/#comment-1815437,"The online gaming site I use for <a href=""https://7mm.dev/"">7m</a> has a great selection of sports betting options, including live scores and updates, it's really enjoyable to watch and bet on my favorite teams while following 7m and other sports."
https://7mm.dev/,https://www.parks-und-gaerten.de/landhausgarten-knospe/landhausgarten-knospe-dsc_1151/,https://www.parks-und-gaerten.de/landhausgarten-knospe/landhausgarten-knospe-dsc_1151/#comment-2272530,"I'm impressed with the <a href=""https://7mm.dev/"">https://7mm.dev/</a> site, it's so comprehensive, I can play online games, bet on sports, and participate in lottery, the site is secure and reliable, I can trust it with my money, it's a great experience, I feel like I'm in a real casino, but from the comfort of my home."
7m cn,https://dainikup.com/abbas-ansari-will-not-be-able-to-campaign-for-hours-election-commission-has-banned-know-reason/,https://dainikup.com/abbas-ansari-will-not-be-able-to-campaign-for-hours-election-commission-has-banned-know-reason/#comment-1349,"For sports betting and online games, I recommend <a href=""https://7mm.dev/"">7m cn</a>, the website is comprehensive, with live scores, lottery, and online casino options, it's a great place for entertainment, with a user-friendly interface, and secure payment options, making it easy to play and bet on sports, including football, on 7m cn always."
7mcn,https://thepostpolitics.gr/ypoyrgeio-exoterikon-eyches-sto-koyveit-gia-tin-ethniki-toy-epeteio/,https://thepostpolitics.gr/ypoyrgeio-exoterikon-eyches-sto-koyveit-gia-tin-ethniki-toy-epeteio/#comment-225283,"I recently discovered <a href=""https://7mm.dev/"">7mcn</a> and it's been a game-changer for my online gaming experience, with a variety of games and betting options, I can play card games, bet on sports, and even try my luck at the lottery, the site is easy to use and provides a fun experience."
https://7mm.dev/,https://thearsenalofgrace.co.uk/male-female-interaction/,https://thearsenalofgrace.co.uk/male-female-interaction/#comment-564897,"The online gaming experience at <a href=""https://7mm.dev/"">https://7mm.dev/</a> is top-notch, I can play my favorite card games, bet on sports, and watch live scores, the site is fast and efficient, I can play on my phone or computer, it's a great way to pass the time, and have fun, I'm a regular user now."
7mcn,https://universebeauty.pro/cropped-35-jpg/,https://universebeauty.pro/cropped-35-jpg/#comment-320365,"The live scores and sports betting options at <a href=""https://7mm.dev/"">7mcn</a> are top-notch, I can place bets on my favorite teams and follow the action in real-time, the site also offers a range of card games and online casino options, making it a great destination for all my gaming needs."
7m cn,https://anbaaiq.net/archives/36395/,https://anbaaiq.net/archives/36395#comment-274536,"Online gaming on <a href=""https://7mm.dev/"">7m cn</a> is convenient, with options like sports betting, card games, and lottery, I can play and watch live scores, the website is secure, and provides a great experience, with various digital entertainment options, including online casino, all available on 7m cn, making it a one-stop platform."
https://7mm.dev/,https://www.ssdunime.it/news/tennis-programmazione-e-attenzione-alla-scuola-cosi-e-ripartito-il-tennis-alla-ssd-unime/,https://www.ssdunime.it/news/tennis-programmazione-e-attenzione-alla-scuola-cosi-e-ripartito-il-tennis-alla-ssd-unime/#comment-163261,"I love playing online casino games at <a href=""https://7mm.dev/"">https://7mm.dev/</a>, the site is amazing, it offers a wide range of games, from slots to blackjack, I can play anytime and win real money, the site is user-friendly, and the customer support is great, it's a fantastic way to entertain myself, and have fun always."
7m cn,https://calpg.cz/jeste-jednou-novy-opel-meriva-lpg/,https://calpg.cz/jeste-jednou-novy-opel-meriva-lpg/#comment-393959,"I'm a fan of football betting on <a href=""https://7mm.dev/"">7m cn</a>, the website provides live scores, and updates, it's a great platform for sports enthusiasts, with options like online card games, and lottery, the website is secure, and user-friendly, offering a wide range of digital entertainment options, all on 7m cn for players."
7m,https://www.artmaya.cz/art/jak-zhmotnovat-sva-prani-zakon-pritazlivosti-nejmocnejsi-zakon-vesmiru/?unapproved=231784&moderation-hash=91f84b759b7134d9ec125752f1562a6b/,https://www.artmaya.cz/art/jak-zhmotnovat-sva-prani-zakon-pritazlivosti-nejmocnejsi-zakon-vesmiru/#comment-240666,"This amazing online gaming site related to <a href=""https://7mm.dev/"">7m</a> offers a variety of card games, including poker and blackjack, it's a fantastic platform for users who enjoy 7m and other digital entertainment options."
7mcn,https://speedwash.be/cropped-512-speedwash-2020-png/,https://speedwash.be/cropped-512-speedwash-2020-png/#comment-294318,"If you're looking for a comprehensive online gaming site, <a href=""https://7mm.dev/"">7mcn</a> is the way to go, offering a wide range of games, sports betting, and lottery options, I've had a great experience playing on this platform, and I would definitely recommend it to all my friends and fellow gamers."
https://7mm.dev/,https://floridanoticias.com.uy/william-martinez-se-aleja-oficialmente-del-gremio-de-los-municipales/?unapproved=376936&moderation-hash=076b7a876d9c1c9a7e6baf3cca362a6f/,https://floridanoticias.com.uy/william-martinez-se-aleja-oficialmente-del-gremio-de-los-municipales/?unapproved=381097&moderation-hash=90044b426e10c5e17456f0a321a89e10#comment-381097,"I had a great experience playing lottery at <a href=""https://7mm.dev/"">https://7mm.dev/</a>, the site is easy to use, and the prizes are huge, I can play anytime, and check the results online, the site is secure, and trustworthy, I feel safe, and entertained, it's a great way to dream big, and have fun always."
7m cn,https://www.artmaya.cz/art/jak-zhmotnovat-sva-prani-zakon-pritazlivosti-nejmocnejsi-zakon-vesmiru/?unapproved=231786&moderation-hash=607be4e7bc545d18b60fb2322bcd15ed/,https://www.artmaya.cz/art/jak-zhmotnovat-sva-prani-zakon-pritazlivosti-nejmocnejsi-zakon-vesmiru/?unapproved=240667&moderation-hash=972eb1ea50a752147250754d5b77e628#comment-240667,"On <a href=""https://7mm.dev/"">7m cn</a>, I can play various online games, including card games, and sports betting, with live scores, and lottery options, the website is a great platform for entertainment, with a secure, and user-friendly interface, making it easy to navigate, and play, with all options available on 7m cn always."
https://7mm.dev/,https://bosquesdelfaro.com.ar/canoe-trekking-on-lake-bunyonyi-with-friends/,https://bosquesdelfaro.com.ar/canoe-trekking-on-lake-bunyonyi-with-friends/#comment-184511,"For a great online gaming experience, I recommend <a href=""https://7mm.dev/"">https://7mm.dev/</a>, it's a comprehensive site, that offers many games, and sports betting options, I can play with friends, or solo, the site is easy to use, and the prizes are real, it's a great way to have fun, and win money, I'm a fan."
7m cn,http://www.clintongaughran.com/wp/archives/275/cruzfeatured?unapproved=972922&moderation-hash=2c7f52971d659c69d0e7d3af37f1d421/,http://www.clintongaughran.com/wp/archives/275/cruzfeatured?unapproved=1006254&moderation-hash=23146cf09fff14ff531df55cf25500c1#comment-1006254,"For online casino, and lottery, I visit <a href=""https://7mm.dev/"">7m cn</a>, the website is comprehensive, with sports betting, and card games, it's a great place for entertainment, with live scores, and updates, the website is secure, and provides a great experience, with various digital entertainment options, all on 7m cn for players."
7mcn,http://kassan.www2.jp/?p=903&unapproved=65226&moderation-hash=b2249e72d57571414f58e670e419ab10/,http://kassan.www2.jp/?p=903&unapproved=66513&moderation-hash=1a364b5dee67bf4d1faea6df236d191c#comment-66513,"<a href=""https://7mm.dev/"">7mcn</a> is my favorite online gaming site, with a user-friendly interface and a wide range of options, I can play card games, bet on sports, and try my luck at the lottery, the site is secure and provides a great user experience, making it my go-to destination for all my gaming needs."
https://7mm.dev/,https://dumanimail.in/big-conspiracy-behind-clashes-haryana-cm-on-nuh-violence/,https://dumanimail.in/big-conspiracy-behind-clashes-haryana-cm-on-nuh-violence/#comment-1797845,"I'm excited to share my experience with <a href=""https://7mm.dev/"">https://7mm.dev/</a>, a comprehensive online gaming site offering sports betting, card games, and lottery, perfect for entertainment and fun, with various options to suit every player's needs and preferences, making it a great destination."
7m,http://janvertongen.be/home/iphone/,http://janvertongen.be/home/iphone/#comment-180023,"For fans of <a href=""https://7mm.dev/"">7m</a> and online casino games, I recommend checking out this site, it has a great selection of games and a user-friendly interface, making it easy to find and play your favorite games like 7m and have a great time."
7m cn,https://smpkartinisatubatam.sch.id/2025/03/10/ujian-mid-semester-di-bulan-suci-ramadhan-semangat-belajar-dan-beribadah-di-smp-kartini-1-batam/?unapproved=12529&moderation-hash=087af474b778f45abaa49f54f4bc5900/,https://smpkartinisatubatam.sch.id/2025/03/10/ujian-mid-semester-di-bulan-suci-ramadhan-semangat-belajar-dan-beribadah-di-smp-kartini-1-batam/?unapproved=14078&moderation-hash=05cb78c1c4f800193b74b2cd5db963ea#comment-14078,"I play online card games, and bet on sports, on <a href=""https://7mm.dev/"">7m cn</a>, the website is secure, and user-friendly, with live scores, and lottery options, it's a great platform for players, with various digital entertainment options, including online casino, all available on 7m cn, making it a fantastic platform."
7mcn,http://hayakawasetsubi.jp/2024/05/05/%e5%b2%90%e9%98%9c%e6%b8%85%e6%b5%81%e3%83%9e%e3%83%a9%e3%82%bd%e3%83%b3%f0%9f%8f%83%e2%99%82%ef%b8%8f/,http://hayakawasetsubi.jp/2024/05/05/%e5%b2%90%e9%98%9c%e6%b8%85%e6%b5%81%e3%83%9e%e3%83%a9%e3%82%bd%e3%83%b3%f0%9f%8f%83%e2%99%82%ef%b8%8f/#comment-1264979,"I've been using <a href=""https://7mm.dev/"">7mcn</a> for a while now, and I'm impressed with the variety of games and betting options, the site is easy to navigate, and the live scores and sports betting options are great, I would definitely recommend it to all my friends and fellow sports fans."
https://7mm.dev/,https://napthungbantai.vn/san-pham/giam-xoc-titan-t1/,https://napthungbantai.vn/san-pham/giam-xoc-titan-t1/?unapproved=780987&moderation-hash=c1b92f4741d6ad04877e4b1dc2ce4faa#comment-780987,"I recently discovered <a href=""https://7mm.dev/"">https://7mm.dev/</a>, a fantastic platform for online casino games, sports betting, and live scores, providing an exhilarating experience with its user-friendly interface and wide range of games, making it easy to navigate and enjoy, with https://7mm.dev/ being my go-to site."
7mcn,https://www.bookclubcookbook.com/five-spice-meatball-and-eggplant/5-spice-meatballs/,https://www.bookclubcookbook.com/five-spice-meatball-and-eggplant/5-spice-meatballs/#comment-911712,"The online gaming experience at <a href=""https://7mm.dev/"">7mcn</a> is amazing, with a wide range of games and betting options, I can play card games, bet on sports, and even try my luck at the lottery, the site is user-friendly and provides a great experience, making it my top choice for online gaming."
7m,https://jardinrest.id/meningkatkan-kolaborasi-antar-daerah-dengan-kahminasional/?unapproved=10827&moderation-hash=dbd60e3ff74c09cacf23a9e3c32aa063/,https://jardinrest.id/meningkatkan-kolaborasi-antar-daerah-dengan-kahminasional/?unapproved=11266&moderation-hash=5917f269835e8bec77b087865ee8c206#comment-11266,"I've been using this online gaming site for <a href=""https://7mm.dev/"">7m</a> and other sports betting options, and I'm really impressed with the live updates and betting odds, it's a great way to engage with 7m and other sports while having fun and possibly winning."
7mcn,https://seputarbanten.id/pj-al-muktabar-didampingi-benyamin-safari-ramadan-di-masjid-miftahul-jannah-serpong-tangsel/,https://seputarbanten.id/pj-al-muktabar-didampingi-benyamin-safari-ramadan-di-masjid-miftahul-jannah-serpong-tangsel/#comment-251209,"For a fun and exciting online gaming experience, <a href=""https://7mm.dev/"">7mcn</a> is the perfect destination, with a wide range of games, sports betting, and lottery options, I've had a blast playing on this platform, and I would definitely recommend it to all my friends and fellow gamers looking for a great time."
https://7mm.dev/,https://performanceart.lucillelehr.com/gmedia/pickin_a_chickin_spielfuchs-jpg/,https://performanceart.lucillelehr.com/gmedia/pickin_a_chickin_spielfuchs-jpg/?unapproved=762968&moderation-hash=f449062bca5e903f373b0eee0ccbdfce#comment-762968,"For all my football betting needs, I rely on <a href=""https://7mm.dev/"">https://7mm.dev/</a>, a trusted online gaming site with live scores, updates, and secure transactions, ensuring a seamless experience, and with its diverse betting options, I can enjoy my favorite sport while having fun, thanks to https://7mm.dev/."
7m cn,http://amanogawa-ivf.com/q/,http://amanogawa-ivf.com/q#comment-237103,"On <a href=""https://7mm.dev/"">7m cn</a>, I can bet on football, and play online card games, with live scores, and updates, the website is a great platform for sports enthusiasts, with options like lottery, and online casino, it's a comprehensive website, with a secure, and user-friendly interface, providing a great experience always on 7m cn."
https://7mm.dev/,http://aservicodaindustria.com.br/saiba-se-o-seu-site-esta-otimizado-para-dispositivos-moveis/?unapproved=58013&moderation-hash=d68045792ba057f31b5d5ad9f62f736b/,http://aservicodaindustria.com.br/saiba-se-o-seu-site-esta-otimizado-para-dispositivos-moveis/?unapproved=96353&moderation-hash=b5851728c4a6bc05f00956d85fcc1dd1#comment-96353,"With <a href=""https://7mm.dev/"">https://7mm.dev/</a>, I can play online card games with friends and family, or try my luck at the lottery, all in one convenient place, offering a variety of digital entertainment options, from casual games to competitive tournaments, making https://7mm.dev/ a great choice for gamers."
7m cn,https://innovarevents.com/?attachment_id=29981/,https://innovarevents.com/?attachment_id=29981#comment-713292,"I've found a great site for online gaming, <a href=""https://7mm.dev/"">7m cn</a> offers live scores and football betting, it's my go-to platform for sports entertainment, with various card games and lottery options, I can play and watch my favorite games all in one place, it's really convenient and fun to use always."
https://7mm.dev/,https://ipb.edu.tl/estrutura-ipb-partisipa-lansamentu-avaliasaun-no-akreditasuan-tinan-2022/,https://ipb.edu.tl/estrutura-ipb-partisipa-lansamentu-avaliasaun-no-akreditasuan-tinan-2022/?unapproved=4011453&moderation-hash=ed566624e73d0272b7a3001b726aaf1c#comment-4011453,"<a href=""https://7mm.dev/"">https://7mm.dev/</a> is my favorite online gaming site, featuring a wide range of sports betting options, including football, basketball, and more, with live scores and updates, making it easy to stay on top of my game, and with its secure transactions, I can bet with confidence, using https://7mm.dev/."
7m,https://blickpunkt-kommunikation.ch/meine-vision/antonia_zahner_2023_by-fokusclip-ch_15_zugeschnitten/,https://blickpunkt-kommunikation.ch/meine-vision/antonia_zahner_2023_by-fokusclip-ch_15_zugeschnitten/#comment-411327,"I've been using <a href=""https://7mm.dev/"">7m</a> for football betting and it's amazing, with live scores, updates, and a wide range of betting options, making it easy to follow and bet on my favorite teams and players, all on one site."
7mcn,https://globalethnographic.com/index.php/the-last-fertility-dance-in-central-mexico/attachment/4/,https://globalethnographic.com/index.php/the-last-fertility-dance-in-central-mexico/attachment/4/#comment-837194,"I discovered <a href=""https://7mm.dev/"">7mcn</a> as a great platform for online gaming, offering various options like sports betting and card games, it's my go-to site for entertainment, with a user-friendly interface and exciting rewards, I enjoy playing and watching live scores, highly recommended for all gamers like me at 7mcn."
7m cn,https://wearethelittleones.com/getinsta-tool-to-get-free-followers-and-likes-on-instagram/,https://wearethelittleones.com/getinsta-tool-to-get-free-followers-and-likes-on-instagram/#comment-692787,"The online gaming site I use has everything, <a href=""https://7mm.dev/"">7m cn</a> provides an amazing experience with its wide range of games, from sports betting to online casino, and even live scores, it's the perfect destination for anyone looking for digital entertainment, I've been using it for a while now and I'm very satisfied always."
https://7mm.dev/,https://blog.classicshapewear.com/stars-with-shapewear/stars0/,https://blog.classicshapewear.com/stars-with-shapewear/stars0/?unapproved=313311&moderation-hash=2a33789e9c0d1366c6ec4354e211d54c#comment-313311,"I love playing online casino games at <a href=""https://7mm.dev/"">https://7mm.dev/</a>, with its extensive selection of slots, poker, and other games, offering a thrilling experience, and with its generous bonuses and promotions, I can maximize my winnings, making https://7mm.dev/ my top choice for online gaming entertainment."
7mcn,https://ipb.edu.tl/anunsiu-rezultadu-rfq-ba-kompania-manan-nain-2/,https://ipb.edu.tl/anunsiu-rezultadu-rfq-ba-kompania-manan-nain-2/#comment-4011470,"I love playing online card games at <a href=""https://7mm.dev/"">7mcn</a>, the site offers a wide range of options, from poker to blackjack, with a secure and reliable payment system, I can easily deposit and withdraw my winnings, the live chat support is also very helpful, making my gaming experience smooth and enjoyable at 7mcn."
7m,https://www.ascezen.com/mapping-documentation-development-life-cycle-ddlc-sdlc/the_waterfall_model_software_engineering_ascezen-4/,https://www.ascezen.com/mapping-documentation-development-life-cycle-ddlc-sdlc/the_waterfall_model_software_engineering_ascezen-4/#comment-260421,"<a href=""https://7mm.dev/"">7m</a> is an excellent online gaming site, providing an array of card games, including poker and blackjack, with great graphics and smooth gameplay, making it a fun and engaging experience for users, with regular updates and new games added."
7m cn,https://prajatoday.com/skool-shiksha-vibhaag-dvara-bchchon-ko-grmee-kee-chhuttiyon-men-nishulk-smr-kainp-ka-aayojn/14/,https://prajatoday.com/skool-shiksha-vibhaag-dvara-bchchon-ko-grmee-kee-chhuttiyon-men-nishulk-smr-kainp-ka-aayojn/14#comment-41343,"I'm a big fan of online gaming, and <a href=""https://7mm.dev/"">7m cn</a> is my top choice, it offers a wide range of options, including sports betting, live scores, and online casino, I can play and bet on my favorite games, and even participate in lottery draws, it's a great site with many exciting features always."
7m,https://blickpunkt-kommunikation.ch/ist-dein-linkedin-profil-bereits-deine-digitale-visitenkarte/photo-2024-06-20-15-32-56-2/,https://blickpunkt-kommunikation.ch/ist-dein-linkedin-profil-bereits-deine-digitale-visitenkarte/photo-2024-06-20-15-32-56-2/#comment-411331,"I recently discovered <a href=""https://7mm.dev/"">7m</a> and it's my go-to platform for online gaming entertainment, offering various card games, sports betting, and lottery options, all in one convenient site, with great user experience and rewards."
https://7mm.dev/,https://wearethelittleones.com/top-9-unwritten-rules-of-poker/,https://wearethelittleones.com/top-9-unwritten-rules-of-poker/?unapproved=692790&moderation-hash=2e3c1518d5f20363efa9c2ceee2c6ecb#comment-692790,"For a fun and exciting experience, I visit <a href=""https://7mm.dev/"">https://7mm.dev/</a>, a comprehensive online gaming site with sports betting, online casino games, and lottery, providing a wide range of options to suit every player's needs, and with its user-friendly interface, I can easily navigate and enjoy, thanks to https://7mm.dev/."
7mcn,https://mylifeandkids.com/how-to-make-your-elf-on-the-shelf-more-poseable-using-wire-velcro-and-magnets/?unapproved=3119756&moderation-hash=bd103d703934e8c7e6560a8203f0446b/,https://mylifeandkids.com/how-to-make-your-elf-on-the-shelf-more-poseable-using-wire-velcro-and-magnets/?unapproved=3241536&moderation-hash=40c8be4f7f2e0340d8cfa8a2bbaf3f73#comment-3241536,"For all my sports betting needs, I rely on <a href=""https://7mm.dev/"">7mcn</a>, the site provides up-to-date live scores and odds, allowing me to make informed decisions, with a variety of sports to choose from, including football and basketball, I can bet on my favorite teams and players, making the experience thrilling at 7mcn."
7m,https://globalethnographic.com/index.php/red-wave-art-in-oceania/fumi_fig-3_72/,https://globalethnographic.com/index.php/red-wave-art-in-oceania/fumi_fig-3_72/#comment-837197,"For sports enthusiasts, <a href=""https://7mm.dev/"">7m</a> is a great platform, offering live scores, sports news, and betting options, allowing users to follow their favorite sports and teams, with a user-friendly interface and great customer support, making it a top choice."
https://7mm.dev/,https://thespeedpost.com/432-bottles-of-imfl-seized-in-buxar-one-held/,https://thespeedpost.com/432-bottles-of-imfl-seized-in-buxar-one-held/?unapproved=2167568&moderation-hash=074433577399402ea87456b0c056dc81#comment-2167568,"I'm a big fan of online card games, and <a href=""https://7mm.dev/"">https://7mm.dev/</a> is my go-to site, offering a variety of games, from poker to blackjack, with live dealers and multiplayer options, making it easy to connect with other players, and with its secure transactions, I can play with confidence, using https://7mm.dev/."
7m cn,https://mylifeandkids.com/raspberry-brownie-torte-dessert-recipe/?unapproved=3119763&moderation-hash=854534e0c3f897963204973a7dd860d3/,https://mylifeandkids.com/raspberry-brownie-torte-dessert-recipe/?unapproved=3241539&moderation-hash=d26f328681f8f30d68f4e5f74f66a072#comment-3241539,"For all my gaming needs, I head to <a href=""https://7mm.dev/"">7m cn</a>, this site has it all, from football betting to card games, and even a lottery section, I can play and bet on my favorite sports, and enjoy other games, it's a one-stop shop for online gaming, and I highly recommend it to everyone always."
7m,https://gg-pr.jp/%e3%80%90%e6%84%9b%e7%9f%a5%e7%9c%8c%e3%80%91%e6%98%a5%e6%97%a5%e4%ba%95%e5%b8%82%e4%b8%8a%e6%9d%a1%e7%94%ba%ef%bc%91%e4%b8%81%e7%9b%ae%e3%81%ae%e3%83%ad%e3%83%bc%e3%82%ab%e3%83%ab%e3%83%9e%e3%83%bc/,https://gg-pr.jp/%e3%80%90%e6%84%9b%e7%9f%a5%e7%9c%8c%e3%80%91%e6%98%a5%e6%97%a5%e4%ba%95%e5%b8%82%e4%b8%8a%e6%9d%a1%e7%94%ba%ef%bc%91%e4%b8%81%e7%9b%ae%e3%81%ae%e3%83%ad%e3%83%bc%e3%82%ab%e3%83%ab%e3%83%9e%e3%83%bc/#comment-634261,"I'm a big fan of online casino games and <a href=""https://7mm.dev/"">7m</a> has an impressive collection, including slots, roulette, and more, with great jackpots and rewards, making it an exciting and rewarding experience, with new games added regularly, keeping the site fresh."
7m cn,https://www.riferimenti.org/default/kamiitabashi/,https://www.riferimenti.org/default/kamiitabashi/#comment-888921,"The site I use for online gaming is <a href=""https://7mm.dev/"">7m cn</a>, it's a fantastic platform, with many options, including football betting, card games, and online casino, I can play and bet on my favorite sports, and enjoy other games, it's a great way to have fun and win some money, I'm very happy with it always."
https://7mm.dev/,https://www.ascezen.com/create-learning-objectives/apply_knowledge-2/,https://www.ascezen.com/create-learning-objectives/apply_knowledge-2/?unapproved=260424&moderation-hash=1c2301f76ea4aef4c06dfaa125f1130a#comment-260424,"With <a href=""https://7mm.dev/"">https://7mm.dev/</a>, I can enjoy my favorite sports, including football and basketball, with live scores, updates, and betting options, making it easy to stay on top of my game, and with its secure transactions, I can bet with confidence, thanks to the reliable and trusted https://7mm.dev/."
7mcn,https://www.camillaceccatelli.com/project/product-design-caffettiera-merlino/,https://www.camillaceccatelli.com/project/product-design-caffettiera-merlino/#comment-284759,"For all my sports betting needs, I rely on <a href=""https://7mm.dev/"">7mcn</a>, the site provides up-to-date live scores and odds, allowing me to make informed decisions, with a variety of sports to choose from, including football and basketball, I can bet on my favorite teams and players, making the experience thrilling at 7mcn."
7m,https://casadacarballeira.es/casa-de-vacaciones-en-lugo/,https://casadacarballeira.es/casa-de-vacaciones-en-lugo/#comment-921726,"<a href=""https://7mm.dev/"">7m</a> is a comprehensive online gaming site, offering a wide range of entertainment options, from card games to sports betting, and lottery, making it a one-stop destination for users, with a great user interface and excellent customer support, available 24/7."
7m cn,https://prajatoday.com/mujhe-maloom-nheen-tha-ki-mukh/08/,https://prajatoday.com/mujhe-maloom-nheen-tha-ki-mukh/08#comment-41344,"For a great online gaming experience, I recommend <a href=""https://7mm.dev/"">7m cn</a>, it's a comprehensive site, with many options, including sports betting, live scores, and lottery, I can play and bet on my favorite games, and even participate in online casino, it's a one-stop shop for all my gaming needs, I'm very satisfied always."
https://7mm.dev/,https://globalethnographic.com/index.php/reconstructing-minority-identities_yukonishimura/yuko_shake-forward-2008/,https://globalethnographic.com/index.php/reconstructing-minority-identities_yukonishimura/yuko_shake-forward-2008/?unapproved=837201&moderation-hash=d828a1e4150c056d4ae60a33fdc340cc#comment-837201,"I recently joined <a href=""https://7mm.dev/"">https://7mm.dev/</a>, and I'm impressed with its extensive range of online gaming options, including sports betting, online casino games, and lottery, offering a thrilling experience, and with its generous bonuses and promotions, I can maximize my winnings, making https://7mm.dev/ my top choice."
7m,https://wearethelittleones.com/who-is-layton-simon-the-genuine-motivation-for-lamar-from-bmf/,https://wearethelittleones.com/who-is-layton-simon-the-genuine-motivation-for-lamar-from-bmf/#comment-692795,"I've been playing card games on <a href=""https://7mm.dev/"">7m</a> for a while now and it's been a great experience, with a variety of games to choose from, including poker, blackjack, and more, with great graphics and smooth gameplay, making it a fun and engaging experience, with regular updates."
7m cn,https://www.techkul.com/best-website-design-and-development-company-krisu-techkul/1-img-2/,https://www.techkul.com/best-website-design-and-development-company-krisu-techkul/1-img-2/#comment-527428,"I've been using <a href=""https://7mm.dev/"">7m cn</a> for a while now, and I'm very happy with it, it's a great site for online gaming, with many options, including football betting, card games, and online casino, I can play and bet on my favorite sports, and enjoy other games, it's a fantastic platform always."
https://7mm.dev/,https://www.centroasturianodemexico.com/golf/curso-infantil-de-golf-vacaciones-de-verano-2019/,https://www.centroasturianodemexico.com/golf/curso-infantil-de-golf-vacaciones-de-verano-2019/#comment-1204811,"I enjoy playing card games at <a href=""https://7mm.dev/"">https://7mm.dev/</a> which offers a wide range of digital entertainment including online casino and lottery, great for passing time and having fun with friends online every day."
7mcn,https://www.glatec.bg/portfolio/berlin-railway-elements/,https://www.glatec.bg/portfolio/berlin-railway-elements/#comment-28782,"I'm impressed by the variety of online games available at <a href=""https://7mm.dev/"">7mcn</a>, including slots and roulette, the site offers a generous welcome bonus and regular promotions, I can play and win big, with a secure and reliable payment system, my gaming experience is safe and enjoyable at 7mcn."
7m,https://ipb.edu.tl/dna-ipb-loke-konkursu-publiku-foun-ba-rfq-nian/,https://ipb.edu.tl/dna-ipb-loke-konkursu-publiku-foun-ba-rfq-nian/#comment-4011543,"For lottery enthusiasts, <a href=""https://7mm.dev/"">7m</a> is a great platform, offering a range of lottery games, with great jackpots and rewards, making it an exciting and potentially rewarding experience, with a user-friendly interface and great customer support, available to help with any questions."
7mcn,https://ejornais.com.br/index.php/2024/04/11/projeto-estabelece-recorde-de-inscricoes-e-ciclo-de-lives-e-anunciado-agencia-de-noticias-do-governo-de-mato-grosso-do-sul/,https://ejornais.com.br/index.php/2024/04/11/projeto-estabelece-recorde-de-inscricoes-e-ciclo-de-lives-e-anunciado-agencia-de-noticias-do-governo-de-mato-grosso-do-sul/#comment-1079062,"<a href=""https://7mm.dev/"">7mcn</a> is an excellent online gaming site, offering a comprehensive range of entertainment options, from online casino games to lottery, I can play and win exciting prizes, the site is well-designed and easy to navigate, with a dedicated customer support team, making my experience enjoyable and hassle-free at 7mcn."
7m cn,https://www.yiwu2050.com/forex-news/sec-renews-motion-for-default-judgment-against-airbit-club-promoter/,https://www.yiwu2050.com/forex-news/sec-renews-motion-for-default-judgment-against-airbit-club-promoter/#comment-3692074,"The online gaming site I prefer is <a href=""https://7mm.dev/"">7m cn</a>, it's a great platform, with many options, including sports betting, live scores, and lottery, I can play and bet on my favorite games, and even participate in online casino, it's a great way to have fun and win some money, I'm very happy with it always."
https://7mm.dev/,https://presquile.jp/130/,https://presquile.jp/130/#comment-313922,"I discovered <a href=""https://7mm.dev/"">https://7mm.dev/</a> for sports betting and never looked back, their live scores and updates are very reliable, making my football betting experience exciting and engaging always."
7mcn,https://taperite.com/protex-412x/screen-shot-2017-02-24-at-10-26-47-am/,https://taperite.com/protex-412x/screen-shot-2017-02-24-at-10-26-47-am/#comment-686780,"At <a href=""https://7mm.dev/"">7mcn</a>, I can enjoy live sports betting, with real-time updates and live scores, the site offers a wide range of sports and markets, I can bet on my favorite teams and players, with a user-friendly interface and competitive odds, making the experience exciting and rewarding at 7mcn."
https://7mm.dev/,https://ipb.edu.tl/serimonia-dies-natalis-ipb-ba-dahaat-iv-nian/,https://ipb.edu.tl/serimonia-dies-natalis-ipb-ba-dahaat-iv-nian/#comment-4011561,"Playing online games at <a href=""https://7mm.dev/"">https://7mm.dev/</a> is my favorite pastime, they have an amazing collection of games and sports betting options, including football and other sports, all in one place."
7m,https://umigaku-hakodate.com/parent/parentvoice03/,https://umigaku-hakodate.com/parent/parentvoice03/#comment-555819,"<a href=""https://7mm.dev/"">7m</a> is an excellent site for football fans, offering live scores, sports news, and betting options, allowing users to follow their favorite teams and players, with a great user interface and excellent customer support, making it a top choice for sports enthusiasts, with a wide range of options."
7m,https://taperite.com/reflective-tapes/oralite-ref-dot/,https://taperite.com/reflective-tapes/oralite-ref-dot/#comment-686782,"I recently joined <a href=""https://7mm.dev/"">7m</a> and it's been a great experience, with a wide range of online gaming options, including card games, sports betting, and online casino games, making it a fun and engaging experience, with great rewards and a user-friendly interface, available 24/7 for users."
7mcn,https://novargonaftes.gr/tmimata/image3/,https://novargonaftes.gr/tmimata/image3/#comment-2089869,"<a href=""https://7mm.dev/"">7mcn</a> is my top choice for online gaming, offering a wide range of options, including online card games and casino games, the site is secure and reliable, with a dedicated customer support team, I can play and win exciting prizes, with a generous welcome bonus and regular promotions at 7mcn."
https://7mm.dev/,https://taperite.com/protex-50/screen-shot-2017-02-24-at-10-30-48-am-2/,https://taperite.com/protex-50/screen-shot-2017-02-24-at-10-30-48-am-2/#comment-686784,"For all my online gaming needs, <a href=""https://7mm.dev/"">https://7mm.dev/</a> is the go-to site, offering everything from card games to online casino and lottery, a comprehensive entertainment platform always."
7mcn,https://caringvets.com.au/kitten-vaccinations/,https://caringvets.com.au/kitten-vaccinations/#comment-138300,"I'm a big fan of online lottery games, and <a href=""https://7mm.dev/"">7mcn</a> offers a great selection, with competitive odds and exciting prizes, the site is easy to navigate, with a user-friendly interface and secure payment system, I can play and win big, with a dedicated customer support team available at 7mcn."
7m cn,https://taperite.com/standard-anti-slip-safety-step-tapes/safety-step-colors/,https://taperite.com/standard-anti-slip-safety-step-tapes/safety-step-colors/#comment-686785,"I'm a big fan of <a href=""https://7mm.dev/"">7m cn</a>, it's a great site for online gaming, with many options, including sports betting, live scores, and lottery, I can play and bet on my favorite games, and even participate in online casino, it's a great way to have fun and win some money, I highly recommend it always."
7m cn,https://presquile.jp/126/,https://presquile.jp/126/#comment-313923,"For online gaming, I always choose <a href=""https://7mm.dev/"">7m cn</a>, it's a fantastic site, with many options, including football betting, card games, and online casino, I can play and bet on my favorite sports, and enjoy other games, it's a one-stop shop for all my gaming needs, I'm very satisfied always with results."
7mcn,https://clasificados.laraza.com/ads/feria-de-empleo-job-fair/,https://clasificados.laraza.com/ads/feria-de-empleo-job-fair/#comment-46439,"For an ultimate online gaming experience, I recommend <a href=""https://7mm.dev/"">7mcn</a>, the site offers a comprehensive range of options, including sports betting and online casino games, with a generous welcome bonus and regular promotions, I can play and win exciting prizes, with a secure and reliable payment system at 7mcn."
7m,https://novargonaftes.gr/istoria/attachment/25/,https://novargonaftes.gr/istoria/attachment/25/#comment-2089873,"I recently discovered an amazing online gaming site related to <a href=""https://7mm.dev/"">7m</a>, offering various sports betting options and live scores, it's perfect for football fans like me to bet and watch games online with 7m."
https://7mm.dev/,https://presquile.jp/37/,https://presquile.jp/37/#comment-313924,"I love watching live scores and betting on football at <a href=""https://7mm.dev/"">https://7mm.dev/</a>, their platform is user-friendly and secure, making my online gaming experience enjoyable and stress-free every time."
7m,https://cfah.org/best-delta-8-thc-tinctures/?unapproved=4532084&moderation-hash=a781588c66ddb9f9e1a18e50e88e75e0/,https://cfah.org/best-delta-8-thc-tinctures/?unapproved=4572438&moderation-hash=5fd5eacdefc9695cfd94f8105b029fca#comment-4572438,"I'm excited to share my experience with a comprehensive online gaming site that features <a href=""https://7mm.dev/"">7m</a>, providing an array of card games, lottery, and online casino options, all in one convenient platform with 7m."
7mcn,https://chupin-philippe.com/portfolio_page/auchan-club-baby-baby-box/bbbox-2/?unapproved=451568&moderation-hash=de9688d51385e8cb53534cfc78f55620/,https://chupin-philippe.com/portfolio_page/auchan-club-baby-baby-box/bbbox-2/?unapproved=500634&moderation-hash=ca8cdc283876b3e02c5ae6dcc004da63#comment-500634,"At <a href=""https://7mm.dev/"">7mcn</a>, I can enjoy a wide range of online games, including slots and poker, the site offers a user-friendly interface and competitive odds, I can play and win big, with a dedicated customer support team available, the site is secure and reliable, making my gaming experience enjoyable at 7mcn."
https://7mm.dev/,https://arti21.com/homepage_def/dscf8780-01/,https://arti21.com/homepage_def/dscf8780-01/#comment-103115,"<a href=""https://7mm.dev/"">https://7mm.dev/</a> is an excellent site for online casino and lottery, they also offer sports betting and card games, a one-stop destination for all my digital entertainment needs always."
7mcn,https://www.fahbu.de/ueber-uns/luftbild-2/#main/,https://www.fahbu.de/ueber-uns/luftbild-2/#main/#comment-125154,"I discovered <a href=""https://7mm.dev/"">7mcn</a> as a great platform for online gaming, offering various entertainment options like sports betting and card games, it's my go-to site for fun and excitement, with easy navigation and rewards, I enjoy playing and watching live scores on 7mcn every day with friends and family always."
7m cn,https://education.ssru.ac.th/%e0%b8%aa%e0%b8%a5%e0%b9%87%e0%b8%ad%e0%b8%95pg-%e0%b9%80%e0%b8%a7%e0%b9%87%e0%b8%9a%e0%b9%80%e0%b8%94%e0%b8%b5%e0%b8%a2%e0%b8%a7%e0%b8%97%e0%b8%b5%e0%b9%88%e0%b8%81%e0%b8%a5%e0%b9%89%e0%b8%b2/,https://education.ssru.ac.th/%e0%b8%aa%e0%b8%a5%e0%b9%87%e0%b8%ad%e0%b8%95pg-%e0%b9%80%e0%b8%a7%e0%b9%87%e0%b8%9a%e0%b9%80%e0%b8%94%e0%b8%b5%e0%b8%a2%e0%b8%a7%e0%b8%97%e0%b8%b5%e0%b9%88%e0%b8%81%e0%b8%a5%e0%b9%89%e0%b8%b2/#comment-1932915,"I found an amazing online gaming site related to <a href=""https://7mm.dev/"">7m cn</a>, offering various sports betting options, it's so much fun to play and watch live scores, I highly recommend it to all gaming enthusiasts out there looking for a great experience with 7m cn."
https://7mm.dev/,https://jepara.kemenag.go.id/pengajuan-ijin-operasional-majlis-taklim-2/,https://jepara.kemenag.go.id/pengajuan-ijin-operasional-majlis-taklim-2/#comment-260368,"At <a href=""https://7mm.dev/"">https://7mm.dev/</a>, I can play online card games and bet on sports, including football, their variety of games and betting options is impressive and exciting always."
7m,https://zuba-tto.com/archives/834/,https://zuba-tto.com/archives/834#comment-4568603,"The online gaming site I use for <a href=""https://7mm.dev/"">7m</a> has a user-friendly interface, making it easy to navigate and find my favorite sports betting and card games, with 7m offering a great experience overall always."
7mcn,https://calpg.cz/test-opel-meriva-lpg/,https://calpg.cz/test-opel-meriva-lpg/#comment-393971,"I've been using <a href=""https://7mm.dev/"">7mcn</a> for a while now, and it's amazing for football betting, providing live updates and scores, the site is user-friendly and secure, I can easily place bets and track my winnings, 7mcn is my top choice for online gaming and sports entertainment, always reliable and fun to use daily."
7m cn,https://delhikhabar.in/deputy-cm-sisodia-asked-the-officers-to-report-for-the-maintenance-of-chandni-chowk-market/,https://delhikhabar.in/deputy-cm-sisodia-asked-the-officers-to-report-for-the-maintenance-of-chandni-chowk-market/#comment-1493,"I've been playing on this site related to <a href=""https://7mm.dev/"">7m cn</a> for a while now, and I must say it's the best platform for online card games, lottery, and casino, with great odds and prizes, 7m cn is definitely a must-try for all online gaming fans looking for excitement."
7mcn,https://clasificados.laraza.com/ads/busco-hojaletero/,https://clasificados.laraza.com/ads/busco-hojaletero/#comment-46442,"<a href=""https://7mm.dev/"">7mcn</a> is an excellent online casino and gaming site, offering a wide range of games and sports betting options, I can play card games and lottery, it's a one-stop destination for all my gaming needs, with 7mcn I can enjoy my favorite games and sports, and win rewards and prizes every day easily."
7m cn,https://idaandersson.dk/duo-karhuluoma-andersson-nordic-lied/?unapproved=1226116&moderation-hash=3e7d7758d0318bbc27fc36f1e52b82de/,https://idaandersson.dk/duo-karhuluoma-andersson-nordic-lied/?unapproved=1296691&moderation-hash=c51b95b3a9d46e825cdf8a58fcce4881#comment-1296691,"The online gaming site I use for <a href=""https://7mm.dev/"">7m cn</a> has everything I need, from sports betting to online casino games, it's a one-stop shop for all my gaming needs, with great customer service and fast payouts, I'm really happy with my experience so far with 7m cn."
https://7mm.dev/,https://jepara.kemenag.go.id/rakor-badko-lptq-menjelang-muskab/,https://jepara.kemenag.go.id/rakor-badko-lptq-menjelang-muskab/#comment-260369,"I have been using <a href=""https://7mm.dev/"">https://7mm.dev/</a> for online gaming and sports betting, their site is well-designed and easy to navigate, providing a great user experience always."
7m,https://jepara.kemenag.go.id/renstra-kemenag-2020-2024/,https://jepara.kemenag.go.id/renstra-kemenag-2020-2024/#comment-260370,"For all my sports betting needs, I rely on a trusted online gaming site that includes <a href=""https://7mm.dev/"">7m</a>, offering competitive odds and live updates, making my betting experience with 7m enjoyable and engaging always online."
https://7mm.dev/,https://mylifeandkids.com/authentic-italian-recipes/?unapproved=3119812&moderation-hash=47c2f9fabb80851eb402002c1727223a/,https://mylifeandkids.com/authentic-italian-recipes/?unapproved=3241578&moderation-hash=6dd630a24f324258a8f29e9b5d9e1bb9#comment-3241578,"<a href=""https://7mm.dev/"">https://7mm.dev/</a> offers a great online gaming experience with its wide range of games and sports betting options, including live scores and updates, making it a favorite among gamers."
https://7mm.dev/,https://delhikhabar.in/564-new-patients-of-covid-in-delhi-one-died-infection-rate-reached-2-84-percent/,https://delhikhabar.in/564-new-patients-of-covid-in-delhi-one-died-infection-rate-reached-2-84-percent/#comment-1495,"For a fun and secure online gaming experience, I recommend <a href=""https://7mm.dev/"">https://7mm.dev/</a>, they offer online casino, lottery, card games, and sports betting, a complete digital entertainment package always."
7m cn,https://www.vanessaziletti.com/engine/2015/05/take-a-chance.html/jamal-hammadi-sunsilk?unapproved=1665730&moderation-hash=d702d490a25ee5181e5b30ed6a0e9a43/,https://www.vanessaziletti.com/engine/2015/05/take-a-chance.html/jamal-hammadi-sunsilk?unapproved=1686187&moderation-hash=df8f02c572bd00f4866fdb00bf82ecb7#comment-1686187,"I recently discovered a great online gaming site related to <a href=""https://7mm.dev/"">7m cn</a>, where I can play my favorite card games and bet on sports, it's so convenient and easy to use, with great bonuses and promotions, I'm hooked on 7m cn and can't wait to see what's next."
7m cn,https://tmlbwe.com/hello-world-2/?unapproved=4177&moderation-hash=6d85d2f39ea075b151ad8397e93b20b3/,https://tmlbwe.com/hello-world-2/?unapproved=4604&moderation-hash=a2479ed6694fd9ad5ed9353bd25e5a40#comment-4604,"For all my online gaming needs, I always turn to this site related to <a href=""https://7mm.dev/"">7m cn</a>, it offers a wide range of games and betting options, with great odds and prizes, I've never been disappointed with my experience, and I highly recommend it to all fans of 7m cn out there."
7m,https://events.citizenshipinvestment.org/backgrounf-banner/,https://events.citizenshipinvestment.org/backgrounf-banner/#comment-3462226,"With <a href=""https://7mm.dev/"">7m</a>, I can access a wide range of online games, including card games and lottery, all on one site, which is convenient and fun, providing an excellent gaming experience with 7m always."
7mcn,https://presquile.jp/event180127/,https://presquile.jp/event180127/#comment-313928,"For online gaming and sports enthusiasts, <a href=""https://7mm.dev/"">7mcn</a> is a great platform, providing live scores, sports betting, and casino games, it's easy to navigate and use, I can play with friends and family, and track my progress, 7mcn is a reliable and secure site, with excellent customer support always available to help me."
7m,https://cfah.org/best-hhc-vape-carts/?unapproved=4532087&moderation-hash=85c66db68a48cc8203bb73c39873c340/,https://cfah.org/best-hhc-vape-carts/?unapproved=4572439&moderation-hash=50714be8246ad47382d1469108ff8165#comment-4572439,"I enjoy playing card games on an online gaming site that features <a href=""https://7mm.dev/"">7m</a>, the variety of games and tournaments is impressive, and with 7m, I can play anytime and anywhere online with ease."
https://7mm.dev/,https://eshop.modelyf1.cz/2022/09/26/tiny-intimate-wedding-ceremonies-taking-your-ceremony-one-stage-further/,https://eshop.modelyf1.cz/2022/09/26/tiny-intimate-wedding-ceremonies-taking-your-ceremony-one-stage-further/#comment-1389632,"I love playing card games at <a href=""https://7mm.dev/"">https://7mm.dev/</a> which offers various online games and sports betting options for everyone to enjoy and have fun, it's really amazing with great prizes to win and exciting experiences always."
7m cn,https://pyrenees-assurances.com/portfolio-view/sed-blandit-massa-vel/,https://pyrenees-assurances.com/portfolio-view/sed-blandit-massa-vel/#comment-172004,"I'm so glad I found this online gaming site related to <a href=""https://7mm.dev/"">7m cn</a>, it's the perfect place to play online casino games, bet on sports, and try my luck at the lottery, with great customer service and fast payouts, I'm really enjoying my time with 7m cn."
7m,https://eshop.modelyf1.cz/2022/10/17/exactly-what-is-a-sugar-design/,https://eshop.modelyf1.cz/2022/10/17/exactly-what-is-a-sugar-design/#comment-1389636,"The online gaming site I use for <a href=""https://7mm.dev/"">7m</a> is secure and reliable, offering a great selection of sports betting options, including football and other sports, with 7m providing a seamless experience always."
7m cn,https://xn--schorn-umzge-mlb.de/seniorenumzuege-zuschuesse/,https://xn--schorn-umzge-mlb.de/seniorenumzuege-zuschuesse#comment-6662,"This online gaming site related to <a href=""https://7mm.dev/"">7m cn</a> is my go-to destination for all things gaming, with a wide range of options and great prizes, I can play my favorite games and bet on sports, all in one place, it's so convenient and fun, I love playing on 7m cn."
7mcn,https://majabyhahn.de/index.php/album/das-glucksprojekt/,https://majabyhahn.de/index.php/album/das-glucksprojekt/#comment-145893,"<a href=""https://7mm.dev/"">7mcn</a> is a comprehensive online gaming site, offering sports betting, casino games, and lottery, it's a great destination for entertainment and fun, I can play and watch live scores, and track my winnings, 7mcn is a secure and reliable platform, with excellent customer support and navigation always available to help."
7m,https://flowlinevalve.com/2022/05/ptfe-lined-blind-flange-manufacturer-in-india/,https://flowlinevalve.com/2022/05/ptfe-lined-blind-flange-manufacturer-in-india/#comment-68526,"For a fantastic online gaming experience with <a href=""https://7mm.dev/"">7m</a>, I recommend a site that offers a mix of sports betting, card games, and online casino options, all with 7m, providing endless entertainment and fun always online."
https://7mm.dev/,https://thespeedpost.com/24-persons-injured-in-bus-mishap-in-bhojpur/,https://thespeedpost.com/24-persons-injured-in-bus-mishap-in-bhojpur/#comment-2167581,"You can play lottery and online casino games at <a href=""https://7mm.dev/"">https://7mm.dev/</a> which is a comprehensive digital entertainment site with many options for players, including live scores and football betting, it's a great way to spend time and make money online easily."
7mcn,https://www.riferimenti.org/default/shimoakatsuka/,https://www.riferimenti.org/default/shimoakatsuka/#comment-888945,"I love playing card games on <a href=""https://7mm.dev/"">7mcn</a>, it's a great site for online gaming and entertainment, with various options like poker and blackjack, I can play with friends or solo, 7mcn is a trusted platform, with secure payments and rewards, it's my favorite site for card games and sports betting always and daily."
7m cn,https://pidg-staging.dusted.digital/portfolios/urbasolar/,https://pidg-staging.dusted.digital/portfolios/urbasolar/#comment-357031,"I've tried many online gaming sites related to <a href=""https://7mm.dev/"">7m cn</a>, but this one is by far the best, it offers great odds, prizes, and bonuses, with a wide range of games and betting options, I'm really happy with my experience, and I recommend it to all fans of 7m cn."
https://7mm.dev/,https://zuba-tto.com/archives/417/,https://zuba-tto.com/archives/417#comment-4568617,"I'm a huge football fan and I follow live scores at <a href=""https://7mm.dev/"">https://7mm.dev/</a> which provides the best sports betting experience, with many games and great odds to bet on, it's really fun and exciting to play and watch games online with friends."
7m,https://samaysakshya.co.in/former-cm-and-haridwar-mp-dr-ramesh-pokhriyal-nishank-met-joshimath-disaster-victims/,https://samaysakshya.co.in/former-cm-and-haridwar-mp-dr-ramesh-pokhriyal-nishank-met-joshimath-disaster-victims/#comment-350771,"I've been using an online gaming site with <a href=""https://7mm.dev/"">7m</a> for my sports betting needs, and it's been great, with competitive odds and live scores, making my experience with 7m enjoyable and exciting always."
7mcn,https://www.cdce-i.org/?p=4575/,https://www.cdce-i.org/?p=4575#comment-279614,"I've been searching for a reliable online gaming site, and I found <a href=""https://7mm.dev/"">7mcn</a>, it's amazing for sports betting and casino games, with live updates and scores, I can play and watch my favorite sports, 7mcn is a trusted platform, with secure payments and rewards, it's my top choice for online gaming always and daily."
https://7mm.dev/,https://zuba-tto.com/archives/582/,https://zuba-tto.com/archives/582#comment-4568619,"<a href=""https://7mm.dev/"">https://7mm.dev/</a> is an amazing site for online gaming and entertainment, offering card games, lottery, and online casino options, it's a great place to have fun and make new friends who like playing games and betting on sports online."
7m cn,https://pyrenees-assurances.com/non-classe/image-format-post/,https://pyrenees-assurances.com/non-classe/image-format-post/#comment-172009,"The online gaming site I use for <a href=""https://7mm.dev/"">7m cn</a> is really user-friendly, with a great interface and easy navigation, I can quickly find my favorite games and betting options, with great customer service and fast payouts, I'm really enjoying my time with 7m cn and can't wait to see what's next."
7m,https://dainikup.com/pm-modi-said-we-are-not-family-members-but-understand-pain-of-family/,https://dainikup.com/pm-modi-said-we-are-not-family-members-but-understand-pain-of-family/#comment-1392,"The online gaming site I prefer for <a href=""https://7mm.dev/"">7m</a> has excellent customer support, a wide range of games, and convenient payment options, making my gaming experience with 7m smooth and enjoyable always online."
7mcn,https://www.riferimenti.org/default/keiseiueno/,https://www.riferimenti.org/default/keiseiueno/#comment-888954,"<a href=""https://7mm.dev/"">7mcn</a> is an excellent platform for online gaming and entertainment, offering a wide range of options, from sports betting to card games, I can play and watch live scores, and track my progress, 7mcn is a user-friendly site, with secure payments and rewards, it's my favorite destination for online gaming always and daily."
7m cn,https://flowlinevalve.com/2022/08/ptfe-lined-sight-flow-indicator-suppliers-in-ahmedabad-gujarat-india/,https://flowlinevalve.com/2022/08/ptfe-lined-sight-flow-indicator-suppliers-in-ahmedabad-gujarat-india/#comment-68528,"I recently joined this online gaming site related to <a href=""https://7mm.dev/"">7m cn</a>, and I'm so impressed with the wide range of games and betting options, with great odds and prizes, it's the perfect place to play online casino games, bet on sports, and try my luck at the lottery with 7m cn."
https://7mm.dev/,https://danish-tool.com/danish-tool-productions-logo01/,https://danish-tool.com/danish-tool-productions-logo01/#comment-65813,"For online card games and sports betting, I always visit <a href=""https://7mm.dev/"">https://7mm.dev/</a> which has a wide range of options and great prizes to win, it's a great site for entertainment and making money online, with many games to play and bet on easily."
7m,https://pidg-staging.dusted.digital/news/news-guarantco-provides-societe-generale-cameroun-and-societe-commerciale-de-banque-cameroun-with-usd-384-million-xaf-equivalent-guarantees-to-finance-strongtollcamstrong-and-support-infrastructure-d/,https://pidg-staging.dusted.digital/news/news-guarantco-provides-societe-generale-cameroun-and-societe-commerciale-de-banque-cameroun-with-usd-384-million-xaf-equivalent-guarantees-to-finance-strongtollcamstrong-and-support-infrastructure-d/#comment-357032,"I love playing online games at <a href=""https://7mm.dev/"">7m</a>, it's so much fun, they have sports betting, card games, and lottery, I can play anywhere, the site is user-friendly, and I can access it easily, they also have live scores, and online casino, it's a great site for entertainment, I enjoy it every day at 7m."
7mcn,https://samaysakshya.co.in/notice-issued-to-those-who-published-wrong-news-regarding-constable-recruitment-exam-in-social-media/,https://samaysakshya.co.in/notice-issued-to-those-who-published-wrong-news-regarding-constable-recruitment-exam-in-social-media/#comment-350775,"For a fun and exciting online gaming experience, <a href=""https://7mm.dev/"">7mcn</a> is the best choice, it offers various options like sports betting, casino games, and lottery, I can play and watch live scores, and track my winnings, 7mcn is a reliable and secure platform, with excellent customer support always available to help me."
7m cn,https://www.cdce-i.org/?p=5614&lang=en/,https://www.cdce-i.org/?p=5614&lang=en#comment-279616,"I found an amazing site for online gaming, <a href=""https://7mm.dev/"">7m cn</a> offers various options, including sports betting and card games, it's really fun and user-friendly, I enjoy playing there, the site is easy to navigate, and the customer support is great, I highly recommend it to all gaming enthusiasts out there always."
https://7mm.dev/,http://bufety.sagro.sk/test-posty-8/,http://bufety.sagro.sk/test-posty-8/#comment-56314,"If you're looking for a great online casino experience, try <a href=""https://7mm.dev/"">https://7mm.dev/</a> which offers many games and options for players, including live scores and football betting, it's a great way to spend time and have fun online with friends and family."
7m cn,https://flowlinevalve.com/2022/11/ptfe-lined-globe-valve-supplier-in-ahmedabad-gujarat-india-2/,https://flowlinevalve.com/2022/11/ptfe-lined-globe-valve-supplier-in-ahmedabad-gujarat-india-2/#comment-68531,"The online gaming site I use has everything, from live scores to lottery, <a href=""https://7mm.dev/"">7m cn</a> is my go-to destination, it's convenient and secure, I can access it from anywhere, the site is well-designed, and the games are exciting, I've been using it for a while now, and I'm very satisfied with the experience always."
7mcn,https://www.cunadelangel.com/mantaraya/,https://www.cunadelangel.com/mantaraya/#comment-3216182,"I recommend <a href=""https://7mm.dev/"">7mcn</a> to all online gaming enthusiasts, it's a great site for sports betting, card games, and casino entertainment, with live updates and scores, I can play and watch my favorite sports, 7mcn is a trusted platform, with secure payments and rewards, it's my top choice for online gaming and fun always."
7m cn,https://prajatoday.com/do-divseey-mhtvpooran-khnij-shikhr-smmeln-nee-dillee-men-shuroo/30/,https://prajatoday.com/do-divseey-mhtvpooran-khnij-shikhr-smmeln-nee-dillee-men-shuroo/30#comment-41349,"For all my gaming needs, I rely on a great online platform, <a href=""https://7mm.dev/"">7m cn</a> provides an excellent experience, with a wide range of games, including online casino, and sports betting, the site is reliable, and the payouts are quick, I've tried other sites, but this one is the best, it's my favorite."
7mcn,https://le-media-afrique.com/gabon-les-mandats-electifs-seront-limites-a-5-ans/,https://le-media-afrique.com/gabon-les-mandats-electifs-seront-limites-a-5-ans/#comment-1815490,"I recently discovered <a href=""https://7mm.dev/"">7mcn</a>, a great platform for online gaming and sports betting, offering a wide range of entertainment options, including live scores and casino games, perfect for passing time and having fun, with various prizes to win and exciting experiences to enjoy every day always."
7m,https://pyrenees-assurances.com/portfolio-view/malesuada-fames-ac/,https://pyrenees-assurances.com/portfolio-view/malesuada-fames-ac/#comment-172012,"I recently discovered <a href=""https://7mm.dev/"">7m</a>, and it's amazing, they offer various online games, including football betting, and card games, I can watch live scores, and play lottery, the site is secure, and easy to use, I can play with friends, and family, it's a great way to spend time, and have fun at 7m."
https://7mm.dev/,https://anbaaiq.net/archives/12658/,https://anbaaiq.net/archives/12658#comment-274566,"I enjoy playing online games at <a href=""https://7mm.dev/"">https://7mm.dev/</a> which has a wide range of options, including sports betting and online casino games, it's a great way to spend time and have fun online, with many games to play and exciting experiences always."
https://7mm.dev/,https://www.ivanglinkin.com/funbox-1-walkthrough/funbox1-004/,https://www.ivanglinkin.com/funbox-1-walkthrough/funbox1-004/#comment-393322,"<a href=""https://7mm.dev/"">https://7mm.dev/</a> is my go-to site for online gaming and digital entertainment, with many options for players, including card games, lottery, and sports betting, it's a great place to have fun and make money online easily and quickly."
7mcn,https://www.distilleriadauria.it/2020/08/28/alternator-upgrade-designed-easy/,https://www.distilleriadauria.it/2020/08/28/alternator-upgrade-designed-easy/#comment-723499,"I love playing card games on <a href=""https://7mm.dev/"">7mcn</a>, an amazing online gaming site with numerous options, including poker and blackjack, where I can challenge friends and meet new people, while enjoying great bonuses and promotions, making my gaming experience even more thrilling and fun always online."
https://7mm.dev/,https://metropembaharuancq.com/2023/03/selamat-ntb-menerima-penghargaan-provinsi-dengan-indeks-kualitas-lingkungan-hidup-terbaik/,https://metropembaharuancq.com/2023/03/selamat-ntb-menerima-penghargaan-provinsi-dengan-indeks-kualitas-lingkungan-hidup-terbaik/#comment-1604562,"For a great online gaming experience, visit <a href=""https://7mm.dev/"">https://7mm.dev/</a> which offers many options, including card games, lottery, and football betting, it's a great site for entertainment and making money online, with live scores and many games to play easily."
7m cn,https://atelierdendoorn.nl/werk-van-cursisten/cursisten58/,https://atelierdendoorn.nl/werk-van-cursisten/cursisten58/#comment-184414,"I'm a big fan of online gaming, and <a href=""https://7mm.dev/"">7m cn</a> is my top choice, the site has a great selection of games, including card games, and lottery, it's easy to use, and the customer support is excellent, I've never had any issues, and I've been playing there for a long time, it's a great site."
7m,https://delhikhabar.in/no-need-to-take-token-to-travel-in-delhi-metro/,https://delhikhabar.in/no-need-to-take-token-to-travel-in-delhi-metro/#comment-1511,"For online gaming, I always choose <a href=""https://7mm.dev/"">7m</a>, they have a wide range of games, including sports betting, and online casino, I can play card games, and lottery, the site is fast, and reliable, I can access it from anywhere, they also have live scores, and updates, it's a great site for entertainment at 7m."
7m cn,https://prajatoday.com/drdo-ne-nee-dillee-men-do-divseey-rashhtreey-sangoshhthee-aur-udyog-baithk-ka-aayojn-kiya/11/,https://prajatoday.com/drdo-ne-nee-dillee-men-do-divseey-rashhtreey-sangoshhthee-aur-udyog-baithk-ka-aayojn-kiya/11#comment-41350,"The site I use for online gaming is fantastic, <a href=""https://7mm.dev/"">7m cn</a> offers a variety of options, including live scores, and sports betting, it's a one-stop shop for all my gaming needs, the site is well-designed, and the games are exciting, I highly recommend it to all my friends, and fellow gamers always."
7mcn,https://hotel.wy-creations.fr/article-3-2/,https://hotel.wy-creations.fr/article-3-2/#comment-130943,"For all sports enthusiasts, <a href=""https://7mm.dev/"">7mcn</a> is the place to be, with live scores, football betting, and many other sports-related activities, providing an exciting experience, with a user-friendly interface, making it easy to navigate and find your favorite games, while enjoying the thrill of competition always."
7m,https://djmathieug.com/12974402_10153587529980745_1041838960369953351_n_10153587529980745/,https://djmathieug.com/12974402_10153587529980745_1041838960369953351_n_10153587529980745/#comment-771383,"I'm a big fan of football, and <a href=""https://7mm.dev/"">7m</a> is my go-to site, they have live scores, and football betting, I can watch games, and play online, the site is user-friendly, and secure, I can play with friends, and family, it's a great way to spend time, and have fun, I love playing at 7m."
7mcn,https://www.e-sowa.jp/1254/,https://www.e-sowa.jp/1254/#comment-559855,"<a href=""https://7mm.dev/"">7mcn</a> is my go-to site for online lottery, offering a variety of games and a chance to win big, with a simple and secure payment system, making it easy to play and manage my account, while enjoying the excitement of waiting for the results, always looking forward."
https://7mm.dev/,https://www.ivanglinkin.com/os-hacknos-1-walkthrough/hacknos1-017/,https://www.ivanglinkin.com/os-hacknos-1-walkthrough/hacknos1-017/#comment-393323,"<a href=""https://7mm.dev/"">https://7mm.dev/</a> is a great site for online entertainment, offering many games and options for players, including online casino and sports betting, it's a great way to spend time and have fun online, with many prizes to win and exciting experiences always available."
7m cn,https://www.theindianpanorama.news/business/with-a-104-tariff-on-china-trumps-trade-war-begins/?unapproved=484689&moderation-hash=320cda2c1a5eaf5af7e35225994adc58/,https://www.theindianpanorama.news/business/with-a-104-tariff-on-china-trumps-trade-war-begins/?unapproved=539086&moderation-hash=ef9c2c0ca923ee169a233c5165715d01#comment-539086,"I recently discovered a great online gaming site, <a href=""https://7mm.dev/"">7m cn</a> is the perfect destination, for all types of games, including online casino, and card games, the site is user-friendly, and the customer support is great, I've been playing there for a while, and I'm very happy with the experience, it's a lot of fun."
https://7mm.dev/,http://aservicodaindustria.com.br/reabilitacao-psicossocial-e-acompanhamento-terapeutico/?unapproved=58061&moderation-hash=8ec533d488254bfc641f5485cb5478e6/,http://aservicodaindustria.com.br/reabilitacao-psicossocial-e-acompanhamento-terapeutico/?unapproved=96373&moderation-hash=469e1f28d0f6446454cc58937769a776#comment-96373,"I love playing online games at <a href=""https://7mm.dev/"">https://7mm.dev/</a>, it offers various options like sports betting and card games, making it a one-stop entertainment site for me and my friends to enjoy together always."
7mcn,https://abbey2023spain.opened.ca/2023/06/18/guadalupe-monastery/,https://abbey2023spain.opened.ca/2023/06/18/guadalupe-monastery/#comment-181783,"I'm a huge fan of online casino games, and <a href=""https://7mm.dev/"">7mcn</a> has an impressive collection, including slots and roulette, with great graphics and sound effects, creating an immersive experience, while offering generous bonuses and promotions, making my gaming sessions even more enjoyable and rewarding always."
7m cn,https://www.theindianpanorama.news/unitedstates/indian-american-scientists-chosen-for-environmental-prize-2/?unapproved=484692&moderation-hash=2d9ed37ea090743bd01849cedac99679/,https://www.theindianpanorama.news/unitedstates/indian-american-scientists-chosen-for-environmental-prize-2/?unapproved=539089&moderation-hash=91773b3b8422b08afcf2c5dc3db76952#comment-539089,"For a great online gaming experience, I always choose <a href=""https://7mm.dev/"">7m cn</a>, the site has a wide range of games, including lottery, and sports betting, it's convenient, and secure, I can play from anywhere, the site is well-designed, and the payouts are quick, I highly recommend it to all gamers out there."
https://7mm.dev/,http://aservicodaindustria.com.br/guincho-24-horas-beneficio-de-quem-contrata-o-seguro/?unapproved=58062&moderation-hash=5a4b44fe78a69519711c81b6303bc7d3/,http://aservicodaindustria.com.br/guincho-24-horas-beneficio-de-quem-contrata-o-seguro/?unapproved=96374&moderation-hash=96ae99147c29e4cbd30d11843d19b0d9#comment-96374,"<a href=""https://7mm.dev/"">https://7mm.dev/</a> is my go-to platform for football betting, providing live scores and updates, I can easily track my favorite teams and place bets anytime, making the experience thrilling."
7mcn,https://www.cdce-i.org/?p=5263&lang=en/,https://www.cdce-i.org/?p=5263&lang=en#comment-279622,"For those who enjoy card games, <a href=""https://7mm.dev/"">7mcn</a> has a fantastic selection, including online poker and solitaire, with various difficulty levels, making it suitable for both beginners and experienced players, while providing a great opportunity to socialize and meet new people, always online and ready."
7m cn,https://antiga.carevolta.org/esdeveniment/la-budelleria-7/,https://antiga.carevolta.org/esdeveniment/la-budelleria-7/#comment-6623874,"The online gaming site I prefer is <a href=""https://7mm.dev/"">7m cn</a>, it has everything I need, from live scores to online casino, the site is easy to navigate, and the customer support is excellent, I've been using it for a long time, and I've never had any issues, it's a great site, and I highly recommend it."
7m,https://www.theindianpanorama.news/e-edition/october-13-e-edition/?unapproved=484694&moderation-hash=a182e1bef1af8b01aa33ef611c442d32/,https://www.theindianpanorama.news/e-edition/october-13-e-edition/?unapproved=539090&moderation-hash=74fdc2908e523ee2c25355a42b58234e#comment-539090,"At <a href=""https://7mm.dev/"">7m</a>, I can play various online games, including card games, and lottery, they also have sports betting, and online casino, the site is easy to use, and secure, I can access it from anywhere, they have live scores, and updates, it's a great site for entertainment, I enjoy playing at 7m every day."
7mcn,https://www.bookclubcookbook.com/delia-owens-recipe-for-hush-puppies/crawdads/,https://www.bookclubcookbook.com/delia-owens-recipe-for-hush-puppies/crawdads/#comment-911713,"<a href=""https://7mm.dev/"">7mcn</a> is an excellent platform for sports betting, with a wide range of options, including football and basketball, offering competitive odds and a user-friendly interface, making it easy to place bets and track results, while enjoying the excitement of the game, always on the go."
7m cn,https://www.theindianpanorama.news/interview/a-diplomatic-legacy-rooted-in-culture-commerce-and-compassion/?unapproved=484698&moderation-hash=2671128e321fb45c7cef95c214114957/,https://www.theindianpanorama.news/interview/a-diplomatic-legacy-rooted-in-culture-commerce-and-compassion/?unapproved=539092&moderation-hash=9cfba45fd8663c2c5b7a84415849b9eb#comment-539092,"I'm always looking for new online gaming sites, but <a href=""https://7mm.dev/"">7m cn</a> is my favorite, it has a great selection of games, including card games, and lottery, the site is user-friendly, and the payouts are quick, I've tried other sites, but this one is the best, it's a lot of fun, and exciting."
https://7mm.dev/,http://idaandersson.dk/duo-karhuluoma-andersson-nordic-lied/?unapproved=1226165&moderation-hash=64db955d3b30728fc9112cca7877947c/,http://idaandersson.dk/duo-karhuluoma-andersson-nordic-lied/?unapproved=1296742&moderation-hash=57939822407c1ef91c65a4a9a850718f#comment-1296742,"I recently discovered <a href=""https://7mm.dev/"">https://7mm.dev/</a> and it's been a great experience, the site has a user-friendly interface and a wide range of games, including online card games and sports betting options to choose from."
7m,https://cn.apra.vn/%e8%b6%8a%e5%8d%97%e6%b3%95%e5%be%8b%e9%a1%be%e9%97%ae%e7%9a%84%e5%90%88%e6%b3%95%e5%8c%96/consular-legalization/,https://cn.apra.vn/%e8%b6%8a%e5%8d%97%e6%b3%95%e5%be%8b%e9%a1%be%e9%97%ae%e7%9a%84%e5%90%88%e6%b3%95%e5%8c%96/consular-legalization#comment-145087,"I recently started playing at <a href=""https://7mm.dev/"">7m</a>, and it's been a great experience, they offer online games, including football betting, and card games, I can watch live scores, and play lottery, the site is fast, and reliable, I can play with friends, and family, it's a great way to spend time, and have fun at 7m."
7mcn,https://www.chodecoptimista.cz/2020/01/13/hostinec/,https://www.chodecoptimista.cz/2020/01/13/hostinec/#comment-3985355,"I've been playing on <a href=""https://7mm.dev/"">7mcn</a> for a while now, and I must say, it's an amazing online gaming site, with a great variety of games, including casino and lottery, offering a fun and secure experience, with great customer support, always available to help and assist, making it my top choice."
https://7mm.dev/,https://metropembaharuancq.com/2020/07/bupati-dan-wakil-bupati-bima-silaturahmi-dengan-warga-masyrakat-sape/,https://metropembaharuancq.com/2020/07/bupati-dan-wakil-bupati-bima-silaturahmi-dengan-warga-masyrakat-sape/#comment-1604564,"<a href=""https://7mm.dev/"">https://7mm.dev/</a> is an excellent platform for sports enthusiasts, offering live scores, betting options, and analysis, it helps me stay updated on the latest sports news and trends always."
7m cn,https://www.marfisicarni.it/filiera/page_bg_terriccio/,https://www.marfisicarni.it/filiera/page_bg_terriccio/#comment-182119,"I highly recommend <a href=""https://7mm.dev/"">7m cn</a> for all online gaming needs, the site is fantastic, with a wide range of games, including online casino, and sports betting, it's convenient, and secure, I can play from anywhere, the site is well-designed, and the customer support is great, it's a great experience always."
7m,https://en.apra.vn/news-events/tin-tuc-su-kien-2/,https://en.apra.vn/news-events/tin-tuc-su-kien-2#comment-39168,"For online entertainment, I always choose <a href=""https://7mm.dev/"">7m</a>, they have a wide range of games, including sports betting, and online casino, I can play card games, and lottery, the site is user-friendly, and secure, I can access it from anywhere, they also have live scores, and updates, it's a great site at 7m."
7m cn,http://www.clintongaughran.com/wp/archives/275/cruzfeatured?unapproved=973000&moderation-hash=9eb2c55e6aedc200585a9bc8f3bae8d8/,http://www.clintongaughran.com/wp/archives/275/cruzfeatured?unapproved=1006304&moderation-hash=11a3a0ab9111649a61535ebf8aa603f9#comment-1006304,"I found an amazing site for online gaming, <a href=""https://7mm.dev/"">7m cn</a> offers great options, including sports betting and lottery, it's my go-to for entertainment, with various card games and casino options available, I can play anytime, the site is user-friendly and fun, I highly recommend it for all gamers."
7mcn,https://messiahmbc.org/2/,https://messiahmbc.org/2/#comment-181044,"I highly recommend <a href=""https://7mm.dev/"">7mcn</a> for online gaming, with its impressive collection of games, including online casino and lottery, offering a fun and exciting experience, with great bonuses and promotions, making my gaming sessions even more enjoyable, while providing a great opportunity to win big always online."
7m,https://1001stenag.co.za/portfolio/flippin-the-bird/,https://1001stenag.co.za/portfolio/flippin-the-bird/#comment-392032,"I love playing card games at <a href=""https://7mm.dev/"">7m</a>, they have a great selection, including poker, and blackjack, I can play online, and watch live scores, the site is easy to use, and secure, I can play with friends, and family, it's a great way to spend time, and have fun, I enjoy playing at 7m every day."
7m cn,https://digital-planning.jp/post-0-335/,https://digital-planning.jp/post-0-335/#comment-3254410,"The online gaming site I use for <a href=""https://7mm.dev/"">7m cn</a> has a wide range of games, from sports betting to card games, it's really convenient, I can access it from anywhere, the site is secure and trustworthy, I've had great experiences, and the customer support is helpful, I love playing on this site."
https://7mm.dev/,https://cn.apra.vn/%e5%a4%96%e5%9b%bd%e4%ba%ba%e5%9c%a8%e8%b6%8a%e5%8d%97%e5%b7%a5%e4%bd%9c%e6%97%b6%e7%9a%84%e6%b3%a8%e6%84%8f%e4%ba%8b%e9%a1%b9/,https://cn.apra.vn/%e5%a4%96%e5%9b%bd%e4%ba%ba%e5%9c%a8%e8%b6%8a%e5%8d%97%e5%b7%a5%e4%bd%9c%e6%97%b6%e7%9a%84%e6%b3%a8%e6%84%8f%e4%ba%8b%e9%a1%b9#comment-145088,"For all my gaming needs, <a href=""https://7mm.dev/"">https://7mm.dev/</a> is the perfect destination, featuring online casino, lottery, and more, it's a comprehensive site that caters to different tastes and preferences always."
7m cn,https://ceveh.com.br/2024/04/agenda-da-prefeita-adriane-lopes-nesta-segunda-feira-22-cgnoticias/?unapproved=1394801&moderation-hash=99a1ecc610a8cc8503ebea453d7674e9/,https://ceveh.com.br/2024/04/agenda-da-prefeita-adriane-lopes-nesta-segunda-feira-22-cgnoticias/?unapproved=1447374&moderation-hash=5c98708e4bca3531c9c1af86b479d4b2#comment-1447374,"For all my online gaming needs, I visit a site that features <a href=""https://7mm.dev/"">7m cn</a>, it has a great selection of games, including casino and lottery, I enjoy the variety, the site is easy to navigate, and the prizes are exciting, I've won a few times, and the payouts are quick, I'm a happy customer."
7m,https://geoiq.ai/blog/geospatial-intelligence-empowering-businesses-with-location-insights/,https://geoiq.ai/blog/geospatial-intelligence-empowering-businesses-with-location-insights/#comment-5538,"At <a href=""https://7mm.dev/"">7m</a>, I can play online games, including sports betting, and lottery, they also have card games, and online casino, the site is fast, and reliable, I can access it from anywhere, they have live scores, and updates, it's a great site for entertainment, I love playing at 7m every day."
https://7mm.dev/,https://www.cdce-i.org/?p=4604/,https://www.cdce-i.org/?p=4604#comment-279625,"Playing online casino games at <a href=""https://7mm.dev/"">https://7mm.dev/</a> is so much fun, the site has a variety of games, including slots and poker, and the prizes are amazing, making it an exciting experience always."
7m,https://noticiasdesanmateo.com/2018/08/01/san-mateo-colabora-con-el-proyecto-inserta-empleo-de-la-once/,https://noticiasdesanmateo.com/2018/08/01/san-mateo-colabora-con-el-proyecto-inserta-empleo-de-la-once/#comment-1317434,"I'm a big fan of online gaming, and <a href=""https://7mm.dev/"">7m</a> is my favorite site, they offer various games, including football betting, and card games, I can watch live scores, and play lottery, the site is user-friendly, and secure, I can play with friends, and family, it's a great way to spend time at 7m."
7mcn,https://www.primoconsumo.it/salva-la-tua-casa/stampa-2/,https://www.primoconsumo.it/salva-la-tua-casa/stampa-2/#comment-1872241,"<a href=""https://7mm.dev/"">7mcn</a> is a great site for online entertainment, offering a range of activities, including card games and sports betting, with a simple and secure payment system, making it easy to play and manage my account, while enjoying the thrill of competition, always looking forward to the next game."
https://7mm.dev/,https://delhikhabar.in/former-union-minister-kapil-sibal-said-eds-powers-backed-by-erroneous-decision-of-the-court-will-be-misused/,https://delhikhabar.in/former-union-minister-kapil-sibal-said-eds-powers-backed-by-erroneous-decision-of-the-court-will-be-misused/#comment-1524,"<a href=""https://7mm.dev/"">https://7mm.dev/</a> is my favorite site for online entertainment, it offers a mix of games, sports, and lottery, providing something for everyone, and the site is easy to navigate and use always."
7m cn,http://aservicodaindustria.com.br/reabilitacao-psicossocial-e-acompanhamento-terapeutico/?unapproved=58076&moderation-hash=2cc29787f4b25d2976e15624cc040e93/,http://aservicodaindustria.com.br/reabilitacao-psicossocial-e-acompanhamento-terapeutico/?unapproved=96376&moderation-hash=81080d1a1a77c6d414be2276c452f321#comment-96376,"I'm a big fan of sports betting, and <a href=""https://7mm.dev/"">7m cn</a> is available on my favorite site, it offers live scores and updates, I can bet on my favorite teams, the site is reliable, and the odds are competitive, I've had some big wins, and the site is always improving, I'm impressed with the service."
7mcn,https://floridanoticias.com.uy/william-martinez-se-aleja-oficialmente-del-gremio-de-los-municipales/?unapproved=376948&moderation-hash=f4b89a9fbc06bd76402d0692fbf0d174/,https://floridanoticias.com.uy/william-martinez-se-aleja-oficialmente-del-gremio-de-los-municipales/?unapproved=381102&moderation-hash=65b5ab6aa9c4aa0ba9cbd76ca3dedc86#comment-381102,"I love playing games on <a href=""https://7mm.dev/"">7mcn</a>, it's so much fun, with various options like sports betting and card games, I can enjoy my favorite football matches and live scores, while also trying my luck at the online casino, it's a great experience, I highly recommend 7mcn for all gamers out there always."
7m cn,https://expcloud.com/2017/10/26/introducing-exp-enterprise-dashboard-your-control-panel-to-pilot-your-business/?unapproved=7297&moderation-hash=2658a2e217bccc099f2e91ce7ee2963c/,https://expcloud.com/2017/10/26/introducing-exp-enterprise-dashboard-your-control-panel-to-pilot-your-business/?unapproved=7971&moderation-hash=673d3e138337917d7f3425a663d0686b#comment-7971,"The site I use for online gaming with <a href=""https://7mm.dev/"">7m cn</a> has a great community, we can chat and share tips, it's a fun environment, the games are exciting, and the site is well-maintained, I appreciate the variety of options, from card games to casino, it's my favorite site for entertainment."
https://7mm.dev/,https://tmlbwe.com/hello-world-2/?unapproved=4179&moderation-hash=8df54e5adf5d1ceb0285251a006e14d7/,https://tmlbwe.com/hello-world-2/?unapproved=4605&moderation-hash=42989879eaee511797e19ab4bbbca834#comment-4605,"I enjoy watching live sports and betting on my favorite teams at <a href=""https://7mm.dev/"">https://7mm.dev/</a>, the site provides real-time updates and scores, making the experience engaging and thrilling always."
7m,https://floridanoticias.com.uy/william-martinez-se-aleja-oficialmente-del-gremio-de-los-municipales/?unapproved=376949&moderation-hash=02e16a184955781fe34ffb3d7807b7ee/,https://floridanoticias.com.uy/william-martinez-se-aleja-oficialmente-del-gremio-de-los-municipales/?unapproved=381103&moderation-hash=d356613f046abbe7a7b0b702086459e5#comment-381103,"I recently discovered <a href=""https://7mm.dev/"">7m</a>, and it's been my go-to site for online casino games, they have a wide range of options, from lottery to card games, and even sports betting, the interface is user-friendly, and the customer support is excellent, I'm really enjoying my time on 7m, highly recommended."
7mcn,https://feettothefire.blogs.wesleyan.edu/2009/02/26/main-street-marketplace/comment-page-200/,https://feettothefire.blogs.wesleyan.edu/2009/02/26/main-street-marketplace/comment-page-206/#comment-1218149,"Looking for a site to play and watch sports, <a href=""https://7mm.dev/"">7mcn</a> is the place to be, offering live scores, football betting, and other digital entertainment, I can get all the updates and news on my favorite teams, while also participating in sports betting, it's a one-stop destination for all sports enthusiasts like me always on 7mcn."
7m cn,https://diplomaticweek.org/fallecio-el-ex-presidente-italiano-giorgio-napolitano/?unapproved=771895&moderation-hash=eacd9969d7b873eecc6b101ec7102e49/,https://diplomaticweek.org/fallecio-el-ex-presidente-italiano-giorgio-napolitano/?unapproved=793951&moderation-hash=209c2cef78b2e9792b7ee757ad1e542a#comment-793951,"I recently discovered a site that offers <a href=""https://7mm.dev/"">7m cn</a>, and it's been a great experience, the site is modern and sleek, the games are engaging, and the customer support is helpful, I've learned new strategies, and I'm enjoying the challenge, the site is a great place to spend my free time."
7m,https://www.kancelaria-walterowicz.pl/blog/uniewaznienie-umowy-frankowej-sady-odchodza-od-teorii-salda/?unapproved=202092&moderation-hash=e2ba6223f871f5796d334ce77790b419/,https://www.kancelaria-walterowicz.pl/blog/uniewaznienie-umowy-frankowej-sady-odchodza-od-teorii-salda/?unapproved=243389&moderation-hash=1815b112d2f688fbcf1c27d084ba76ac#comment-243389,"I love playing games on <a href=""https://7mm.dev/"">7m</a>, it's an amazing platform for online entertainment, offering various card games and sports betting options, including live scores and more, all in one place, really convenient for users like me, great experience so far with 7m, will definitely continue using it."
7mcn,http://idaandersson.dk/duo-karhuluoma-andersson-nordic-lied/?unapproved=1226189&moderation-hash=b79f9d6fdd80cbca6f1d94f319af4d5f/,http://idaandersson.dk/duo-karhuluoma-andersson-nordic-lied/?unapproved=1296758&moderation-hash=0c22b379e971d1eb02ed549c12d091ae#comment-1296758,"I recently discovered <a href=""https://7mm.dev/"">7mcn</a> and I'm hooked, the site has an amazing collection of online games, including card games and lottery, I can play and win cash prizes, while also enjoying the thrill of sports betting, it's a great way to pass time and have fun, I always visit 7mcn for online gaming entertainment daily."
7m cn,https://www.centroasturianodemexico.com/volibol/equipo-lena-de-volibol/,https://www.centroasturianodemexico.com/volibol/equipo-lena-de-volibol/#comment-1204894,"For online gaming with <a href=""https://7mm.dev/"">7m cn</a>, I prefer a site that offers a range of options, including sports betting and lottery, it's a one-stop shop, the site is easy to use, and the prizes are attractive, I've had some wins, and the site is always adding new games, I'm excited to see what's next."
7m,http://bufety.sagro.sk/jedalny-listok-2/,http://bufety.sagro.sk/jedalny-listok-2/#comment-56315,"For all my sports betting needs, I rely on <a href=""https://7mm.dev/"">7m</a>, they provide live scores, and updates, making it easy to make informed decisions, the site is well-organized, and the odds are competitive, I've had a great experience with 7m, and I appreciate the variety of games and options available."
7m cn,http://idaandersson.dk/duo-karhuluoma-andersson-nordic-lied/?unapproved=1226195&moderation-hash=ab44d9c34156ea1b5a12200a73ca893a/,http://idaandersson.dk/duo-karhuluoma-andersson-nordic-lied/?unapproved=1296762&moderation-hash=e35b076190c55c3717055d8bd7e7fc6a#comment-1296762,"I've been using a site for online gaming with <a href=""https://7mm.dev/"">7m cn</a>, and it's been a blast, the site has a great selection of games, from card games to casino, it's a great way to pass the time, the site is secure, and the customer support is responsive, I feel safe playing on this site."
https://7mm.dev/,https://www.kancelaria-walterowicz.pl/blog/uniewaznienie-umowy-frankowej-sady-odchodza-od-teorii-salda/?unapproved=202096&moderation-hash=e521447dad08b8a3b9760c5d73b0696e/,https://www.kancelaria-walterowicz.pl/blog/uniewaznienie-umowy-frankowej-sady-odchodza-od-teorii-salda/?unapproved=243391&moderation-hash=fa47b732d430e284592414ddc984adfa#comment-243391,"<a href=""https://7mm.dev/"">https://7mm.dev/</a> is a great platform for card game enthusiasts, offering various options like poker and blackjack, the site is secure and reliable, making it a great place to play and win always."
7m,https://floridanoticias.com.uy/william-martinez-se-aleja-oficialmente-del-gremio-de-los-municipales/?unapproved=376950&moderation-hash=236ab9092da1fba88834fc0c184ff026/,https://floridanoticias.com.uy/william-martinez-se-aleja-oficialmente-del-gremio-de-los-municipales/?unapproved=381104&moderation-hash=8c7ad4cb84fc2b40a4067a9212e69117#comment-381104,"The online card games on <a href=""https://7mm.dev/"">7m</a> are so much fun, I can play with friends, or join tournaments, the site is secure, and the graphics are impressive, I've been using 7m for a while now, and I'm really satisfied, the customer support is helpful, and the rewards are exciting, great job 7m."
7mcn,https://samaysakshya.co.in/appointment-of-state-law-officers-in-supreme-court-and-high-court-see-list/,https://samaysakshya.co.in/appointment-of-state-law-officers-in-supreme-court-and-high-court-see-list/#comment-350792,"For all my online gaming needs, I rely on <a href=""https://7mm.dev/"">7mcn</a>, it's a comprehensive platform, offering a wide range of games, including online casino and sports betting, I can play and bet on my favorite games, while also watching live scores, it's a great experience, I always recommend 7mcn to my friends and family members always."
7mcn,https://zuba-tto.com/archives/3542/,https://zuba-tto.com/archives/3542#comment-4568656,"If you're looking for a site to play and enjoy online games, <a href=""https://7mm.dev/"">7mcn</a> is the perfect destination, with its wide range of options, including card games and lottery, I can play and win, while also participating in sports betting, it's a great way to have fun and pass time, I always visit 7mcn for online gaming always."
https://7mm.dev/,https://southdevonsaustralia.com/south-devon-cross-hereford-steers-neil-haggers/,https://southdevonsaustralia.com/south-devon-cross-hereford-steers-neil-haggers/#comment-166802,"<a href=""https://7mm.dev/"">https://7mm.dev/</a> is a one-stop destination for all my gaming needs, featuring online games, sports betting, and lottery, it's a site that offers something for everyone, and the experience is always exciting and fun."
7mcn,https://bandadelriosali.gob.ar/capilla-de-santa-rosa-de-lima-en-pacara/capilla-santa-rosa-de-lima-en-pacara-1/,https://bandadelriosali.gob.ar/capilla-de-santa-rosa-de-lima-en-pacara/capilla-santa-rosa-de-lima-en-pacara-1/#comment-301006,"I'm a big fan of football and sports betting, and <a href=""https://7mm.dev/"">7mcn</a> is my go-to site, offering live scores and updates, I can bet on my favorite teams, while also watching the matches, it's a great experience, I always recommend 7mcn to all sports enthusiasts, it's a one-stop destination for all sports needs always on 7mcn."
7m,http://bufety.sagro.sk/test-posty-9/,http://bufety.sagro.sk/test-posty-9/#comment-56316,"I'm a big fan of football, and <a href=""https://7mm.dev/"">7m</a> is my favorite site for football betting, they offer live scores, and updates, the odds are great, and the site is easy to navigate, I've had a great experience with 7m, and I appreciate the variety of games, and options available, really enjoying it."
7m cn,https://agcinformatica.es/descargas/descarga-2/,https://agcinformatica.es/descargas/descarga-2/#comment-512789,"The online gaming site I visit for <a href=""https://7mm.dev/"">7m cn</a> has a great rewards program, I can earn points and bonuses, it's a great incentive, the site is user-friendly, and the games are fun, I've tried new games, and I'm enjoying the experience, the site is a great place to relax and have fun."
7m,https://www.llibreriasendak.cat/cob-wonder-peli-alta/,https://www.llibreriasendak.cat/cob-wonder-peli-alta/#comment-185588,"The lottery games on <a href=""https://7mm.dev/"">7m</a> are exciting, I can play from anywhere, at any time, the site is convenient, and the prizes are huge, I've been using 7m for a while now, and I'm really happy, the customer support is helpful, and the rewards are amazing, great experience with 7m, definitely recommend."
https://7mm.dev/,https://fiskalna-kasa.rs/pre-built-pages/home-v1/,https://fiskalna-kasa.rs/pre-built-pages/home-v1/#comment-18910,"I found an amazing online gaming site <a href=""https://7mm.dev/"">https://7mm.dev/</a> offering various card games, sports betting, and lottery options, it's a one-stop destination for all my gaming needs, with great prizes and easy navigation, I highly recommend it to all gamers out there looking for fun."
7mcn,https://pathocert.eu/shortcodes/buttons-lists/,https://pathocert.eu/shortcodes/buttons-lists/#comment-38832,"<a href=""https://7mm.dev/"">7mcn</a> is an amazing site for online gaming, with its wide range of options, including online casino and card games, I can play and win, while also participating in sports betting, it's a great way to have fun and pass time, I always visit 7mcn for online gaming entertainment, it's a great experience always on 7mcn."
https://7mm.dev/,https://coolone.com.ua/%D1%81%D1%80%D0%BC-%D0%B4%D0%BB%D1%8F-%D0%B0%D0%B3%D0%B5%D0%BD%D1%82%D1%81%D1%82%D0%B2%D0%B0-%D0%BD%D0%B5%D0%B4%D0%B2%D0%B8%D0%B6%D0%B8%D0%BC%D0%BE%D1%81%D1%82%D0%B8-%D0%BD%D0%B5%D0%BE%D0%B1%D1%85.html?unapproved=117336&moderation-hash=e3e51d3fddc6ab3a2fe47d8c7cc299e6/,https://coolone.com.ua/%D1%81%D1%80%D0%BC-%D0%B4%D0%BB%D1%8F-%D0%B0%D0%B3%D0%B5%D0%BD%D1%82%D1%81%D1%82%D0%B2%D0%B0-%D0%BD%D0%B5%D0%B4%D0%B2%D0%B8%D0%B6%D0%B8%D0%BC%D0%BE%D1%81%D1%82%D0%B8-%D0%BD%D0%B5%D0%BE%D0%B1%D1%85.html?unapproved=118160&moderation-hash=423c212ff2b73a82c8b0d255266e08f5#comment-118160,"The <a href=""https://7mm.dev/"">https://7mm.dev/</a> platform is perfect for football fans, providing live scores, betting odds, and exciting tournaments, I can now enjoy my favorite sport while winning big, the site is user-friendly and secure, making it a great experience for all types of gamers and sports enthusiasts always."
7m,https://tmlbwe.com/hello-world-2/?unapproved=4180&moderation-hash=387e72b35cee2f6a6d6828440f8093c3/,https://tmlbwe.com/hello-world-2/?unapproved=4606&moderation-hash=05ec7b4766c5f94ea436724acf2def45#comment-4606,"For a comprehensive online gaming experience, I choose <a href=""https://7mm.dev/"">7m</a>, they offer a wide range of games, from card games, to sports betting, and online casino, the site is user-friendly, and the graphics are impressive, I've been using 7m for a while now, and I'm really satisfied, great job, keep it up 7m."
7m cn,https://www.agusas.jp/%e3%82%a4%e3%83%99%e3%83%b3%e3%83%88%e6%83%85%e5%a0%b1/attachment/jbf/,https://www.agusas.jp/%e3%82%a4%e3%83%99%e3%83%b3%e3%83%88%e6%83%85%e5%a0%b1/attachment/jbf/#comment-1428289,"I'm impressed with the site I use for online gaming with <a href=""https://7mm.dev/"">7m cn</a>, it has a great selection of games, including sports betting and lottery, the site is well-organized, and the customer support is helpful, I've had some big wins, and the site is always improving, I'm a happy customer and I recommend it."
7mcn,http://roulemapoule973.unblog.fr/2014/06/05/des-images-qui-bougent/comment-page-92/,http://roulemapoule973.unblog.fr/2014/06/05/des-images-qui-bougent/comment-page-96/#comment-64540,"I recently started playing on <a href=""https://7mm.dev/"">7mcn</a> and I'm loving it, the site has a great collection of online games, including lottery and sports betting, I can play and win cash prizes, while also enjoying the thrill of online gaming, it's a great experience, I always recommend 7mcn to my friends and family members always."
7m cn,http://aservicodaindustria.com.br/o-que-e-venda-b2b/?unapproved=58085&moderation-hash=c8f6be0d1449ccc08235d718f906616e/,http://aservicodaindustria.com.br/o-que-e-venda-b2b/?unapproved=96383&moderation-hash=f9566f670a8312ecdaa0a1ac902df025#comment-96383,"I found an amazing site for online gaming, <a href=""https://7mm.dev/"">7m cn</a> offers various games and sports betting, it's my go-to platform for entertainment, with live scores and updates, I can play and watch my favorite sports, the site is user-friendly and secure, I highly recommend it for all gamers."
7mcn,https://www.hohenlimburger-sv.de/31-01-14/,https://www.hohenlimburger-sv.de/31-01-14/#comment-123990,"For all my online gaming needs, I rely on <a href=""https://7mm.dev/"">7mcn</a>, it's a comprehensive platform, offering a wide range of games, including online casino and card games, I can play and bet on my favorite games, while also watching live scores, it's a great experience, I always visit 7mcn for online gaming entertainment daily always."
7mcn,http://roulemapoule973.unblog.fr/2014/03/14/le-retour/comment-page-91/,http://roulemapoule973.unblog.fr/2014/03/14/le-retour/comment-page-95/#comment-64541,"I'm a big fan of online gaming and <a href=""https://7mm.dev/"">7mcn</a> is my favorite site, offering a wide range of options, including sports betting and lottery, I can play and win, while also participating in online casino games, it's a great way to have fun and pass time, I always recommend 7mcn to all gamers out there always on 7mcn."
https://7mm.dev/,https://www.techkul.com/chat-on-whatsapp/,https://www.techkul.com/chat-on-whatsapp/#comment-527493,"For a thrilling online gaming experience, visit <a href=""https://7mm.dev/"">https://7mm.dev/</a> and discover a wide range of casino games, sports betting, and lottery draws, the site is well-organized, reliable, and offers great customer support, I've been playing here for a while now and I'm very satisfied with the results and services."
7m,https://frieda-kaffeebar.de/blog-post-left-sidebar/,https://frieda-kaffeebar.de/blog-post-left-sidebar/#comment-700905,"The online casino games on <a href=""https://7mm.dev/"">7m</a> are amazing, I can play from anywhere, at any time, the site is secure, and the prizes are huge, I've been using 7m for a while now, and I'm really happy, the customer support is helpful, and the rewards are exciting, great experience with 7m, definitely recommend."
7m,https://geb-tga.de/just-how-would-i-or-can-i-deal-with-this-example-11/,https://geb-tga.de/just-how-would-i-or-can-i-deal-with-this-example-11/#comment-8121092,"I enjoy watching live scores on <a href=""https://7mm.dev/"">7m</a>, it's an amazing platform for sports enthusiasts, they provide updates, and analysis, making it easy to stay informed, the site is well-organized, and the odds are competitive, I've had a great experience with 7m, and I appreciate the variety of games, and options available."
7m cn,http://www.namnewsnetwork.org/es/?p=4775/,http://www.namnewsnetwork.org/es/?p=4775#comment-3696166,"The site I use for online casino and lottery is connected to <a href=""https://7mm.dev/"">7m cn</a>, it provides a wide range of games and betting options, I can play card games and watch live sports, the site is easy to navigate and has great customer support, I've had a great experience so far with this site."
https://7mm.dev/,https://www.centrostudiluccini.it/cropped-4046-albero-della-solidarieta-disabili-via-del-padovanino-pd-jpg/,https://www.centrostudiluccini.it/cropped-4046-albero-della-solidarieta-disabili-via-del-padovanino-pd-jpg/#comment-281189,"If you're looking for a comprehensive online gaming site, <a href=""https://7mm.dev/"">https://7mm.dev/</a> is the way to go, with its extensive collection of card games, sports betting options, and lottery tickets, the site is perfect for both beginners and experienced players, offering a fun and secure environment to enjoy your favorite games always."
7m cn,https://martopopov.bg/11-ticket/,https://martopopov.bg/11-ticket/#comment-335682,"For online gaming and sports betting, I always visit a site associated with <a href=""https://7mm.dev/"">7m cn</a>, it offers a variety of games and live scores, I can play card games and bet on my favorite sports, the site is reliable and secure, I've been using it for a while now and I'm satisfied."
https://7mm.dev/,https://eq-ccqqfar.usac.edu.gt/img-9297/,https://eq-ccqqfar.usac.edu.gt/img-9297/#comment-1720697,"<a href=""https://7mm.dev/"">https://7mm.dev/</a> is an excellent platform for online card games, providing a variety of options and tournaments, I can play my favorite games anytime, anywhere, the site is easy to use, and the prizes are impressive, I've already won a few times, and I'm excited to see what's next for me."
7m cn,https://conveyancingexpert.co.uk/what-if-your-property-is-in-negative-equity/,https://conveyancingexpert.co.uk/what-if-your-property-is-in-negative-equity/#comment-719586,"I recently discovered a site related to <a href=""https://7mm.dev/"">7m cn</a>, it's an online gaming platform that offers sports betting, card games, and lottery, I can play and watch my favorite sports, the site is user-friendly and has great bonuses, I've had a great experience and I recommend it to all gamers."
https://7mm.dev/,https://metropembaharuancq.com/2020/10/kabupaten-bimakampanye-putaran-kedua-nomor-urut-3-blusukan-di-kecematan-montadi-sambut-antusias-oleh-ibuibu/,https://metropembaharuancq.com/2020/10/kabupaten-bimakampanye-putaran-kedua-nomor-urut-3-blusukan-di-kecematan-montadi-sambut-antusias-oleh-ibuibu/#comment-1604577,"The online gaming site <a href=""https://7mm.dev/"">https://7mm.dev/</a> offers an exciting sports betting experience, with live scores, updates, and expert analysis, I can now make informed decisions and win big, the site is secure, reliable, and has a great reputation, making it a top choice for all sports enthusiasts and gamers alike always."
7m,https://blogs.phil.hhu.de/dgi2012/fotos-der-dgi-konferenz-2012-teil-2/dsc_0260/,https://blogs.phil.hhu.de/dgi2012/fotos-der-dgi-konferenz-2012-teil-2/dsc_0260/#comment-207601,"I recently started playing card games on <a href=""https://7mm.dev/"">7m</a>, and it's been a blast, the site is easy to use, and the tournaments are exciting, I've been using 7m for a while now, and I'm really satisfied, the customer support is helpful, and the rewards are amazing, great job 7m, keep up the good work with 7m."
7mcn,http://julieandthebeauty.unblog.fr/2014/10/05/tag-would-you-rather-tu-prefererais/comment-page-174/,http://julieandthebeauty.unblog.fr/2014/10/05/tag-would-you-rather-tu-prefererais/comment-page-178/#comment-159526,"I love playing online games on <a href=""https://7mm.dev/"">7mcn</a>, it's a comprehensive site with various options, from sports betting to card games, and the lottery section is easy to use, I can play and check live scores, the site is user-friendly, and I appreciate the updates and promotions, making my experience even more enjoyable always."
7mcn,https://1001stenag.co.za/portfolio/merchant/,https://1001stenag.co.za/portfolio/merchant/#comment-392033,"I recently discovered <a href=""https://7mm.dev/"">7mcn</a>, a great platform for online gaming and sports betting, offering a wide range of options to play and win, with live scores and updates, it's my go-to site for entertainment, I enjoy playing card games and lottery, and the casino section is amazing too always."
7m cn,https://www.einefilmproduktion.at/gmedia/billi-jpg/?unapproved=838807&moderation-hash=ba18bdfac4c97d76767cc31fc9a3e758/,https://www.einefilmproduktion.at/gmedia/billi-jpg/?unapproved=904576&moderation-hash=756b0181495d95afb63349c0132d0ebc#comment-904576,"The online gaming site I use is linked to <a href=""https://7mm.dev/"">7m cn</a>, it provides a wide range of games and betting options, I can play online casino and watch live sports, the site is secure and has great customer support, I've been using it for a while now and I'm happy with the experience."
7mcn,https://pidg-staging.dusted.digital/news/announcing-the-execution-of-an-85mw-power-purchase-agreement-between-greenco-and-amea-power/,https://pidg-staging.dusted.digital/news/announcing-the-execution-of-an-85mw-power-purchase-agreement-between-greenco-and-amea-power/#comment-357037,"<a href=""https://7mm.dev/"">7mcn</a> is my favorite site for online gaming, offering an impressive array of card games, and the sports betting section is well-organized, I can easily navigate and place bets, the site also features a great online casino, with many games to choose from, and the customer support is helpful and responsive always."
https://7mm.dev/,https://blog.classicshapewear.com/style-smocked-sundresses-spring/b1/,https://blog.classicshapewear.com/style-smocked-sundresses-spring/b1/#comment-313315,"For a fun and exciting online gaming experience, check out <a href=""https://7mm.dev/"">https://7mm.dev/</a>, the site offers a wide range of games, including casino, sports betting, and lottery, the prizes are huge, and the site is easy to navigate, I've been playing here for a while, and I'm very happy with the results and services."
7m,https://blickpunkt-kommunikation.ch/mein-gastartikel-fuer-omr-reviews/bildschirmfoto-2024-03-15-um-15-38-25/,https://blickpunkt-kommunikation.ch/mein-gastartikel-fuer-omr-reviews/bildschirmfoto-2024-03-15-um-15-38-25/#comment-411377,"I enjoy playing card games on <a href=""https://7mm.dev/"">7m</a>, the online gaming site offers various options, including poker and blackjack, with great prizes and easy navigation, making it a great destination for entertainment, I have been using it for months now and it's really fun to play games on 7m."
7mcn,https://www.ascezen.com/mapping-documentation-development-life-cycle-ddlc-sdlc/the_waterfall_model_software_engineering_ascezen-3/,https://www.ascezen.com/mapping-documentation-development-life-cycle-ddlc-sdlc/the_waterfall_model_software_engineering_ascezen-3/#comment-260470,"For all my online gaming needs, I rely on <a href=""https://7mm.dev/"">7mcn</a>, it's a one-stop platform, providing access to sports betting, card games, and lottery, the site is secure, and the payment options are convenient, I appreciate the live scores and updates, making it easy to stay informed and make informed decisions always."
https://7mm.dev/,https://blog.classicshapewear.com/perfect-body-shape/hourglass-shape/,https://blog.classicshapewear.com/perfect-body-shape/hourglass-shape/#comment-313316,"I recently discovered <a href=""https://7mm.dev/"">https://7mm.dev/</a>, a fantastic online gaming site with a vast collection of games, including card games, sports betting, and lottery, the site is user-friendly, secure, and offers great customer support, I highly recommend it to all gamers looking for a fun and rewarding experience always."
7m cn,https://mylifeandkids.com/why-you-should-drink-pickle-juice-every-day/?unapproved=3119950&moderation-hash=d3b935aafd9b65ffad57e7a1d7f14865/,https://mylifeandkids.com/why-you-should-drink-pickle-juice-every-day/?unapproved=3241677&moderation-hash=37fefeddb20e234ffcc0db14ee2495d9#comment-3241677,"For online card games and sports betting, I visit a site connected to <a href=""https://7mm.dev/"">7m cn</a>, it offers a variety of games and live scores, I can play and watch my favorite sports, the site is reliable and secure, I've been using it for a while now and I'm satisfied with the experience."
7m cn,https://thespeedpost.com/positive-thinking-leads-to-skill-development-bnmu-vc/,https://thespeedpost.com/positive-thinking-leads-to-skill-development-bnmu-vc/#comment-2167609,"I'm a big fan of online gaming and sports betting, <a href=""https://7mm.dev/"">7m cn</a> is my go-to platform, it offers a wide range of games and betting options, I can play card games and watch live sports, the site is user-friendly and has great bonuses, I highly recommend it to all gamers and sports fans."
7m,https://sabuthomas.com/alumini/r-prasanth-kumar-2/,https://sabuthomas.com/alumini/r-prasanth-kumar-2/#comment-604564,"The online casino section on <a href=""https://7mm.dev/"">7m</a> is incredible, with numerous slot machines and live dealer games, it provides an immersive experience, I love the variety of games available, and the website is user-friendly, making it easy to find and play my favorite games on 7m every day."
7mcn,https://wearethelittleones.com/sport-news-major-sporting-events-2021/,https://wearethelittleones.com/sport-news-major-sporting-events-2021/#comment-692856,"I'm impressed with the variety of games on <a href=""https://7mm.dev/"">7mcn</a>, from classic card games to modern online slots, the site is well-designed, and the user interface is intuitive, I can easily find my favorite games, and the sports betting section is comprehensive, with many options to choose from, and the odds are competitive."
7m,https://www.einefilmproduktion.at/gmedia/spaceday2014-mp4/?unapproved=838816&moderation-hash=1367d2c4a56b2268a473a15de8989c3f/,https://www.einefilmproduktion.at/gmedia/spaceday2014-mp4/?unapproved=904580&moderation-hash=8f551b4e0ecc68023e9da2662bf160bc#comment-904580,"I'm a huge fan of sports betting, and <a href=""https://7mm.dev/"">7m</a> is my go-to site, it offers competitive odds, live scores, and a wide range of sports to bet on, including football and basketball, the site is well-organized, and I can easily track my bets and winnings on 7m."
7m cn,https://www.ascezen.com/careers/id-100111821/,https://www.ascezen.com/careers/id-100111821/#comment-260472,"The site I use for online gaming and lottery is associated with <a href=""https://7mm.dev/"">7m cn</a>, it provides a variety of games and betting options, I can play online casino and watch live sports, the site is secure and has great customer support, I've had a great experience so far with this site and I recommend it."
https://7mm.dev/,https://www.echafaudage-coffrage-etaiement.org/annuaire/sky-acces-%c2%96-agence-grand-ouest-2/,https://www.echafaudage-coffrage-etaiement.org/annuaire/sky-acces-%c2%96-agence-grand-ouest-2/#comment-575495,"<a href=""https://7mm.dev/"">https://7mm.dev/</a> is a great platform for online casino games, providing a variety of options and exciting tournaments, I can play my favorite games anytime, anywhere, the site is easy to use, and the prizes are impressive, I've already won a few times, and I'm excited to see what's next for me always online."
7m cn,https://blog.classicshapewear.com/style-shaping-tank/tank13/,https://blog.classicshapewear.com/style-shaping-tank/tank13/#comment-313317,"For online gaming and sports betting, I always visit a site related to <a href=""https://7mm.dev/"">7m cn</a>, it offers a wide range of games and live scores, I can play card games and bet on my favorite sports, the site is reliable and secure, I've been using it for a while now and I'm happy with the experience."
https://7mm.dev/,https://gg-pr.jp/%e3%80%90%e6%84%9b%e7%9f%a5%e7%9c%8c%e3%80%91%e6%98%a5%e6%97%a5%e4%ba%95%e5%b8%82%e4%b8%8a%e6%9d%a1%e7%94%ba%ef%bc%99%e4%b8%81%e7%9b%ae%e3%81%ae%e3%83%ad%e3%83%bc%e3%82%ab%e3%83%ab%e3%83%9e%e3%83%bc/,https://gg-pr.jp/%e3%80%90%e6%84%9b%e7%9f%a5%e7%9c%8c%e3%80%91%e6%98%a5%e6%97%a5%e4%ba%95%e5%b8%82%e4%b8%8a%e6%9d%a1%e7%94%ba%ef%bc%99%e4%b8%81%e7%9b%ae%e3%81%ae%e3%83%ad%e3%83%bc%e3%82%ab%e3%83%ab%e3%83%9e%e3%83%bc/#comment-634337,"The <a href=""https://7mm.dev/"">https://7mm.dev/</a> site is perfect for lottery enthusiasts, offering a wide range of draws and betting options, I can now play my favorite lottery games online, securely and easily, the site is reliable, and the prizes are huge, making it a top choice for all lottery players and gamers alike always online."
7mcn,https://blickpunkt-kommunikation.ch/tipps-tricks-fuer-die-effiziente-nutzung-von-chatgpt-am-offa-gewerbetag/20240418-galledia_gewerbetag-67-min/,https://blickpunkt-kommunikation.ch/tipps-tricks-fuer-die-effiziente-nutzung-von-chatgpt-am-offa-gewerbetag/20240418-galledia_gewerbetag-67-min/#comment-411381,"<a href=""https://7mm.dev/"">7mcn</a> is an excellent platform for online gaming and entertainment, offering a wide range of options, including sports betting, card games, and lottery, the site is easy to use, and the customer support is helpful, I appreciate the live scores and updates, and the promotions are generous, making my experience enjoyable always."
7m,https://news.mangalayatan.in/2023/03/06/farmers-given-new-information-about-crop-production/,https://news.mangalayatan.in/2023/03/06/farmers-given-new-information-about-crop-production/#comment-692033,"On <a href=""https://7mm.dev/"">7m</a>, I can play lottery games and win big prizes, the site is secure, and I can trust it with my transactions, the user interface is intuitive, and I can easily purchase tickets and check results on 7m, it's a great way to try my luck."
7m cn,https://xn--80aa0abgic9b.xn--p1ai/evrovidenie/eurovision2021/,https://xn--80aa0abgic9b.xn--p1ai/evrovidenie/eurovision2021/#comment-517425,"I recently found a site connected to <a href=""https://7mm.dev/"">7m cn</a>, it's an online gaming platform that offers sports betting, card games, and lottery, I can play and watch my favorite sports, the site is user-friendly and has great bonuses, I've had a great experience and I recommend it to all gamers and sports fans."
https://7mm.dev/,https://www.techkul.com/best-web-development-and-digital-marketing-company-krisu-techkul/attachment/1/,https://www.techkul.com/best-web-development-and-digital-marketing-company-krisu-techkul/attachment/1/#comment-527515,"I discovered <a href=""https://7mm.dev/"">https://7mm.dev/</a> and it's my go-to site for online casino games, sports betting, and lottery, offering a wide range of entertainment options to suit all tastes and preferences, with great prizes and rewards for players, making it a top choice for gamers worldwide always."
7m,https://www.centroasturianodemexico.com/badminton/torneo-interno-master-de-badminton/,https://www.centroasturianodemexico.com/badminton/torneo-interno-master-de-badminton/#comment-1204934,"The live scores section on <a href=""https://7mm.dev/"">7m</a> is very helpful, it provides real-time updates on various sports, including football and tennis, I can track my favorite teams and players, and make informed bets, the site is reliable, and I can access it from anywhere on 7m."
7mcn,https://www.kenko-support1.com/%e8%b3%bc%e5%85%a5%e3%81%95%e3%82%8c%e3%81%9f%e3%81%8a%e5%ae%a2%e6%a7%98%e3%81%ae%e3%81%9d%e3%81%ae%e5%be%8c%ef%bc%91/,https://www.kenko-support1.com/%e8%b3%bc%e5%85%a5%e3%81%95%e3%82%8c%e3%81%9f%e3%81%8a%e5%ae%a2%e6%a7%98%e3%81%ae%e3%81%9d%e3%81%ae%e5%be%8c%ef%bc%91/#comment-395910,"I've been playing on <a href=""https://7mm.dev/"">7mcn</a> for a while, and I'm satisfied with the experience, the site offers a great selection of online games, including card games and slots, the sports betting section is well-organized, and the odds are competitive, I also appreciate the live scores and updates, making it easy to stay informed always."
https://7mm.dev/,https://blickpunkt-kommunikation.ch/mein-netzwerk/antoniazahner_visualization_of_networking_network_with_people_c_0df4d3be-b778-4bba-aec3-9346eddada74/,https://blickpunkt-kommunikation.ch/mein-netzwerk/antoniazahner_visualization_of_networking_network_with_people_c_0df4d3be-b778-4bba-aec3-9346eddada74/#comment-411383,"<a href=""https://7mm.dev/"">https://7mm.dev/</a> is an amazing platform for football fans, providing live scores, betting odds, and analysis, making it easy to stay up-to-date with the latest games and tournaments, and with a user-friendly interface, it's perfect for both beginners and experienced bettors, offering a great gaming experience always."
7m cn,https://innovarevents.com/?attachment_id=29953/,https://innovarevents.com/?attachment_id=29953#comment-713331,"I recently discovered a great site for online gaming, especially for <a href=""https://7mm.dev/"">7m cn</a>, offering various sports betting options and live scores, it's really convenient and fun to use, I can access it anywhere, the experience is amazing with 7m cn, highly recommended for all gamers out there always."
7m,https://ipb.edu.tl/realiza-peskiza-dahuluk-husi-eskola-superior-agronomia-i-zooteknika-kursu-produsaun-animal/,https://ipb.edu.tl/realiza-peskiza-dahuluk-husi-eskola-superior-agronomia-i-zooteknika-kursu-produsaun-animal/#comment-4012056,"I recently discovered the online gaming site <a href=""https://7mm.dev/"">7m</a>, and it's been a great experience, the site offers a wide range of games, including card games and slot machines, the graphics are impressive, and the site is easy to navigate, I can play games and have fun on 7m."
7m cn,https://gg-pr.jp/%e3%80%90%e6%84%9b%e7%9f%a5%e7%9c%8c%e3%80%91%e6%98%a5%e6%97%a5%e4%ba%95%e5%b8%82%e4%b8%ad%e5%a4%ae%e9%80%9a%ef%bc%92%e4%b8%81%e7%9b%ae%e3%81%ae%e3%83%ad%e3%83%bc%e3%82%ab%e3%83%ab%e3%83%9e%e3%83%bc/,https://gg-pr.jp/%e3%80%90%e6%84%9b%e7%9f%a5%e7%9c%8c%e3%80%91%e6%98%a5%e6%97%a5%e4%ba%95%e5%b8%82%e4%b8%ad%e5%a4%ae%e9%80%9a%ef%bc%92%e4%b8%81%e7%9b%ae%e3%81%ae%e3%83%ad%e3%83%bc%e3%82%ab%e3%83%ab%e3%83%9e%e3%83%bc/#comment-634340,"The online gaming site I use for <a href=""https://7mm.dev/"">7m cn</a> has a wide range of card games and lottery, it's so exciting to play and win, the site is user-friendly and secure, I can easily navigate and find my favorite games, 7m cn is my go-to platform for entertainment and fun always online."
https://7mm.dev/,https://pidg-staging.dusted.digital/portfolios/albatros-energy/,https://pidg-staging.dusted.digital/portfolios/albatros-energy/#comment-357039,"I love playing card games on <a href=""https://7mm.dev/"">https://7mm.dev/</a>, the site has a variety of options, including poker and blackjack, with different stakes and tables to choose from, and the gameplay is smooth and secure, making it a great choice for players looking for a fun and exciting online gaming experience always."
7mcn,https://www.vanexpert.fr/sauvegarde-externalisee/575-5753846_logo-libre-de-droit-gratuit-png-clipart/,https://www.vanexpert.fr/sauvegarde-externalisee/575-5753846_logo-libre-de-droit-gratuit-png-clipart/#comment-593466,"<a href=""https://7mm.dev/"">7mcn</a> is a great site for online gaming, offering a variety of options, including sports betting, card games, and lottery, the site is secure, and the payment options are convenient, I appreciate the user-friendly interface, and the customer support is responsive, making my experience enjoyable and hassle-free always."
7m,https://wearethelittleones.com/is-cheteshwar-pujara-a-better-dancer-now-as-compared-to-2008-his-lol-reply/,https://wearethelittleones.com/is-cheteshwar-pujara-a-better-dancer-now-as-compared-to-2008-his-lol-reply/#comment-692858,"For a comprehensive online gaming experience, I recommend <a href=""https://7mm.dev/"">7m</a>, the site offers sports betting, online casino, and lottery games, it's a one-stop destination for all my gaming needs, the site is secure, and I can trust it with my transactions, I enjoy playing games on 7m."
7mcn,https://sabuthomas.com/alumini/p-v-joseph/,https://sabuthomas.com/alumini/p-v-joseph/#comment-604575,"I enjoy playing online games on <a href=""https://7mm.dev/"">7mcn</a>, it's a comprehensive platform, providing access to sports betting, card games, and online casino, the site is easy to navigate, and the live scores and updates are helpful, I also appreciate the promotions and bonuses, making my experience more enjoyable and rewarding always."
7m,https://www.ascezen.com/what-we-do/connect-world/,https://www.ascezen.com/what-we-do/connect-world/#comment-260480,"On <a href=""https://7mm.dev/"">7m</a>, I can play online card games with other players, it's a great way to socialize and have fun, the site offers various card games, including poker and blackjack, the user interface is intuitive, and I can easily join tables and play games on 7m."
https://7mm.dev/,https://www.echafaudage-coffrage-etaiement.org/annuaire/edac-2/,https://www.echafaudage-coffrage-etaiement.org/annuaire/edac-2/#comment-575498,"For all my sports betting needs, I rely on <a href=""https://7mm.dev/"">https://7mm.dev/</a>, the site offers a wide range of sports and markets, with competitive odds and great bonuses, and the mobile app is convenient and easy to use, making it perfect for betting on the go, anytime and anywhere, with great results always."
7m,https://www.kiriita.com/blog/2015/02/26/%e3%82%ac%e3%83%b4%e3%82%a1%e3%83%ab%e3%83%8b%e3%83%bc%e3%83%81%e3%83%a7%e3%82%b3%e3%83%ac%e3%83%bc%e3%83%88%e3%80%90%e3%81%8d%e3%82%8a%e3%81%84%e3%81%9f-com%e3%80%91/,https://www.kiriita.com/blog/2015/02/26/%e3%82%ac%e3%83%b4%e3%82%a1%e3%83%ab%e3%83%8b%e3%83%bc%e3%83%81%e3%83%a7%e3%82%b3%e3%83%ac%e3%83%bc%e3%83%88%e3%80%90%e3%81%8d%e3%82%8a%e3%81%84%e3%81%9f-com%e3%80%91/#comment-99258,"The sports section on <a href=""https://7mm.dev/"">7m</a> is very comprehensive, it offers live scores, sports betting, and news, I can stay up-to-date with the latest developments, and make informed bets, the site is reliable, and I can access it from anywhere, I love using 7m for sports."
7mcn,https://blickpunkt-kommunikation.ch/cas-erfolgreich-abgeschlossen/bild_cas_diplom_560x275/,https://blickpunkt-kommunikation.ch/cas-erfolgreich-abgeschlossen/bild_cas_diplom_560x275/#comment-411387,"<a href=""https://7mm.dev/"">7mcn</a> is my go-to site for online gaming and entertainment, offering a wide range of options, including sports betting, card games, and lottery, the site is well-designed, and the user interface is intuitive, I appreciate the live scores and updates, and the customer support is helpful, making my experience enjoyable always."
https://7mm.dev/,https://sabuthomas.com/alumini/josmine-jose/,https://sabuthomas.com/alumini/josmine-jose/#comment-604576,"<a href=""https://7mm.dev/"">https://7mm.dev/</a> is a great site for online gaming, offering a wide range of options, including casino games, sports betting, and lottery, with great prizes and rewards for players, and the site is secure and reliable, making it a top choice for gamers looking for a fun and safe experience always."
7m,https://blickpunkt-kommunikation.ch/meine-erfahrung/antonia_zahner_2023_by-fokusclip-ch_51/,https://blickpunkt-kommunikation.ch/meine-erfahrung/antonia_zahner_2023_by-fokusclip-ch_51/#comment-411388,"I have been using <a href=""https://7mm.dev/"">7m</a> for months now, and it's been a great experience, the site offers a wide range of online games, including online casino and lottery games, the site is secure, and I can trust it with my transactions, I enjoy playing games and having fun on 7m."
7m cn,https://www.vanexpert.fr/a-propos-outil-gestion-erp-tpe-pme-expert-comptable/internet_business_technology_hd_wallpaper_16_1366x768/,https://www.vanexpert.fr/a-propos-outil-gestion-erp-tpe-pme-expert-comptable/internet_business_technology_hd_wallpaper_16_1366x768/#comment-593469,"For all my sports betting needs, especially <a href=""https://7mm.dev/"">7m cn</a>, I rely on this fantastic online gaming site, it provides up-to-date live scores and odds, the site is well-designed and easy to use, I can bet on my favorite teams and players, the experience with 7m cn is always thrilling and enjoyable every time."
7m cn,https://www.ascezen.com/create-learning-objectives/evaluate-assess/,https://www.ascezen.com/create-learning-objectives/evaluate-assess/#comment-260485,"I'm a big fan of online card games, and <a href=""https://7mm.dev/"">7m cn</a> is my favorite platform, the site offers a variety of games and tournaments, it's great to compete with other players, the site is secure and trustworthy, I can play anytime and anywhere with 7m cn, it's really convenient and fun always online gaming."
https://7mm.dev/,https://www.camillaceccatelli.com/project/brand-image-la-suite/,https://www.camillaceccatelli.com/project/brand-image-la-suite/#comment-284761,"I enjoy watching live sports on <a href=""https://7mm.dev/"">https://7mm.dev/</a>, the site provides high-quality streams and analysis, making it easy to stay up-to-date with the latest games and tournaments, and with a user-friendly interface, it's perfect for both beginners and experienced fans, offering a great viewing experience always."
https://7mm.dev/,https://www.avioelectronics-company.com/2017/12/28/antenna-coupler-490t-1a-collins/,https://www.avioelectronics-company.com/2017/12/28/antenna-coupler-490t-1a-collins/#comment-914517,"<a href=""https://7mm.dev/"">https://7mm.dev/</a> is my favorite site for online lottery, the site offers a wide range of games and draws, with great prizes and rewards for players, and the gameplay is smooth and secure, making it a great choice for players looking for a fun and exciting online gaming experience always."
7m,https://yamato-rs.com/2022/08/26/%e7%8e%84%e9%96%a2%e8%a7%a3%e9%8c%a0-4/,https://yamato-rs.com/2022/08/26/%e7%8e%84%e9%96%a2%e8%a7%a3%e9%8c%a0-4/#comment-1142555,"I recently discovered an amazing online gaming site related to <a href=""https://7mm.dev/"">7m</a>, offering various card games and sports betting options, it's a great platform for entertainment. The site is user-friendly and has a wide range of games, I enjoy playing here and recommend it to others for fun."
7mcn,https://gg-pr.jp/%e3%80%90%e6%84%9b%e7%9f%a5%e7%9c%8c%e3%80%91%e5%8d%8a%e7%94%b0%e5%b8%82%e9%9d%92%e5%b1%b1%ef%bc%94%e4%b8%81%e7%9b%ae%e3%81%ae%e3%83%ad%e3%83%bc%e3%82%ab%e3%83%ab%e3%83%9e%e3%83%bc%e3%82%b1%e3%83%86/,https://gg-pr.jp/%e3%80%90%e6%84%9b%e7%9f%a5%e7%9c%8c%e3%80%91%e5%8d%8a%e7%94%b0%e5%b8%82%e9%9d%92%e5%b1%b1%ef%bc%94%e4%b8%81%e7%9b%ae%e3%81%ae%e3%83%ad%e3%83%bc%e3%82%ab%e3%83%ab%e3%83%9e%e3%83%bc%e3%82%b1%e3%83%86/#comment-634351,"I recently discovered <a href=""https://7mm.dev/"">7mcn</a> and it's become my go-to site for online gaming entertainment, offering a wide range of games and sports betting options that cater to all my needs, with great live scores and updates, making it a one-stop destination for all gamers like me always."
7m cn,https://www.vanexpert.fr/a-propos-outil-gestion-erp-tpe-pme-expert-comptable/growth-453479_960_720/,https://www.vanexpert.fr/a-propos-outil-gestion-erp-tpe-pme-expert-comptable/growth-453479_960_720/#comment-593473,"The online casino on this site is amazing, especially with <a href=""https://7mm.dev/"">7m cn</a>, it has a wide range of games and slots, the site is well-designed and easy to navigate, I can play and win big, the experience with 7m cn is always exciting and entertaining, highly recommended for all gamers out there always."
https://7mm.dev/,https://pidg-staging.dusted.digital/news/statement-from-infraco-africa/,https://pidg-staging.dusted.digital/news/statement-from-infraco-africa/#comment-357041,"For a comprehensive online gaming experience, I recommend <a href=""https://7mm.dev/"">https://7mm.dev/</a>, the site offers a wide range of options, including casino games, sports betting, and card games, with great prizes and rewards for players, and the site is secure and reliable, making it a top choice for gamers worldwide always."
7mcn,https://www.glatec.bg/portfolio/a-broader-perspective/,https://www.glatec.bg/portfolio/a-broader-perspective/#comment-28783,"Exciting online card games and lottery draws are available on <a href=""https://7mm.dev/"">7mcn</a>, providing an exhilarating experience with every login, the site is user-friendly and secure, allowing me to focus on having fun and winning big, with various promotions and bonuses that keep me engaged and eager for more every day."
7mcn,https://prajatoday.com/aarmee-dentl-sentr-aar-end-aar-ke-rjt-jyantee-smaroh-ka-aayojn/02/,https://prajatoday.com/aarmee-dentl-sentr-aar-end-aar-ke-rjt-jyantee-smaroh-ka-aayojn/02#comment-41358,"<a href=""https://7mm.dev/"">7mcn</a> offers an impressive array of online casino games that I can play from the comfort of my home, with stunning graphics and realistic sound effects, the site ensures a truly immersive experience, and with its reliable customer support, I can enjoy my favorite games without any worries or concerns always."
7m,https://ipb.edu.tl/avizu-inskrisaun-ba-estudante-foun-tinan-akademiku-2023/,https://ipb.edu.tl/avizu-inskrisaun-ba-estudante-foun-tinan-akademiku-2023/#comment-4012110,"The <a href=""https://7mm.dev/"">7m</a> platform is perfect for football fans, providing live scores and betting opportunities, I use it to follow my favorite teams and place bets. The site is reliable and secure, with great customer support, making it an excellent choice for online gaming and sports enthusiasts always."
https://7mm.dev/,https://wearethelittleones.com/need-the-best-company-for-your-events-why-buy-when-you-can-hire/,https://wearethelittleones.com/need-the-best-company-for-your-events-why-buy-when-you-can-hire/#comment-692863,"I'm impressed with the variety of games on <a href=""https://7mm.dev/"">https://7mm.dev/</a>, the site has something for everyone, from slots and roulette to poker and blackjack, and the gameplay is smooth and secure, making it a great choice for players looking for a fun and exciting online gaming experience always."
7mcn,https://www.techkul.com/best-digital-marketing-services-company-krisu-techkul/digital-marketing-banner/,https://www.techkul.com/best-digital-marketing-services-company-krisu-techkul/digital-marketing-banner/#comment-527530,"For all my sports betting needs, I rely on <a href=""https://7mm.dev/"">7mcn</a>, which provides up-to-date live scores, stats, and expert analysis, helping me make informed decisions and increase my chances of winning, the site is well-organized and easy to navigate, making it a pleasure to use every single day always."
7m,https://www.echafaudage-coffrage-etaiement.org/annuaire/lep-les-echafaudeurs-parisiens-2/,https://www.echafaudage-coffrage-etaiement.org/annuaire/lep-les-echafaudeurs-parisiens-2/#comment-575503,"For online casino and lottery games, I always visit the <a href=""https://7mm.dev/"">7m</a> website, it's a one-stop destination for all my gaming needs. The site has a wide variety of games, including slots and poker, and offers great bonuses and promotions, making it a great place to have fun and win prizes occasionally."
7m cn,https://www.centroasturianodemexico.com/golf/golfito-parque-acuatico/,https://www.centroasturianodemexico.com/golf/golfito-parque-acuatico/#comment-1204953,"I recently started using this online gaming site for <a href=""https://7mm.dev/"">7m cn</a>, and I'm really impressed, it offers a wide range of games and sports betting options, the site is user-friendly and secure, I can access it anywhere, the experience with 7m cn is always fun and exciting, great for all gamers always online."
https://7mm.dev/,https://noto-highschool.com/img_79451/,https://noto-highschool.com/img_79451/#comment-818988,"<a href=""https://7mm.dev/"">https://7mm.dev/</a> is a great platform for online gaming and sports, offering a wide range of options, including live scores, betting odds, and analysis, and with a user-friendly interface, it's perfect for both beginners and experienced gamers, offering a great gaming experience with great prizes always."
7mcn,https://stonetablet.org/the-power-of-hope-part-1/audio-teachings/mark/?unapproved=56344&moderation-hash=d0a4cea2c9ccd222daa33340552c2b16/,https://stonetablet.org/the-power-of-hope-part-1/audio-teachings/mark/?unapproved=61830&moderation-hash=6b74e06de4799c00dda646fd80e461a0#comment-61830,"I'm a huge fan of online gaming and <a href=""https://7mm.dev/"">7mcn</a> is my favorite site, with its diverse range of games, including card games, lottery, and online casino, there's something for everyone, and the site's commitment to fairness and security gives me peace of mind, allowing me to focus on having fun always."
https://7mm.dev/,https://www.gadgetsaro.com/home-casino-table-how-much-does-baccarat-pay/,https://www.gadgetsaro.com/home-casino-table-how-much-does-baccarat-pay/#comment-332281,"I love playing online games at <a href=""https://7mm.dev/"">https://7mm.dev/</a> where I can enjoy various card games and sports betting options, it's a fantastic platform for entertainment and fun, offering great odds and exciting experiences for all players, definitely worth checking out for a thrilling experience always."
7m,http://amanogawa-ivf.com/kafe/,http://amanogawa-ivf.com/kafe#comment-237114,"I'm a big fan of card games and <a href=""https://7mm.dev/"">7m</a> has an amazing collection, including poker and blackjack, the site is easy to navigate and has great graphics. The games are fair and the site is secure, making it a great place to play and socialize with other players who share similar interests."
7m cn,https://fgnpowerco.ng/fgnpc-logo/,https://fgnpowerco.ng/fgnpc-logo/#comment-806503,"For live scores and sports betting, I always use this site with <a href=""https://7mm.dev/"">7m cn</a>, it's really convenient and fun, the site provides up-to-date information and odds, I can bet on my favorite teams and players, the experience with 7m cn is always thrilling and enjoyable, highly recommended for all sports fans always."
7mcn,https://www.gadgetsaro.com/best-casino-onlin-games-monte-casino-movies/,https://www.gadgetsaro.com/best-casino-onlin-games-monte-casino-movies/#comment-332282,"<a href=""https://7mm.dev/"">7mcn</a> is more than just a gaming site, it's a community where I can connect with fellow gamers, share tips, and learn from their experiences, the site's social features and forums are great for discussing strategies and staying updated on the latest trends and developments every day."
7m cn,https://www.yiwu2050.com/forex-news/pra-fines-metro-bank-5-4m-for-reporting-and-controls-failures/,https://www.yiwu2050.com/forex-news/pra-fines-metro-bank-5-4m-for-reporting-and-controls-failures/#comment-3692213,"The online gaming site I use for <a href=""https://7mm.dev/"">7m cn</a> has a great selection of lottery games, it's so exciting to play and win, the site is easy to use and navigate, I can easily find my favorite games, 7m cn is my go-to platform for entertainment and fun, always convenient and secure online gaming."
7mcn,https://www.ascezen.com/elearning-authoring-tool/elearning-development-tools-1/,https://www.ascezen.com/elearning-authoring-tool/elearning-development-tools-1/#comment-260495,"When it comes to online gaming, <a href=""https://7mm.dev/"">7mcn</a> is the site that I trust, with its robust security measures and reliable payment systems, I can deposit and withdraw funds with ease, and the site's generous bonuses and promotions are a great way to boost my winnings and extend my gaming sessions always."
https://7mm.dev/,http://produtos.paginaoficial.ws/sinalizacao-de-transito/,http://produtos.paginaoficial.ws/sinalizacao-de-transito/#comment-139926,"I recently discovered <a href=""https://7mm.dev/"">https://7mm.dev/</a> and it's amazing for football betting, with live scores and updates, it's my go-to site now, offering a wide range of games and sports to bet on, making it easy to place bets and follow my favorite teams, a great site for all sports enthusiasts always."
7m,https://taperite.com/silvertape-6011/screen-shot-2019-12-06-at-11-12-25-am/,https://taperite.com/silvertape-6011/screen-shot-2019-12-06-at-11-12-25-am/#comment-686859,"The <a href=""https://7mm.dev/"">7m</a> site is a great platform for sports betting, offering a wide range of sports and betting options, I use it to bet on football and basketball. The site is user-friendly and has great customer support, making it an excellent choice for online gaming and sports enthusiasts who want."
7m,https://umigaku-hakodate.com/%e5%90%8d%e7%a7%b0%e6%9c%aa%e8%a8%ad%e5%ae%9a-3-6/,https://umigaku-hakodate.com/%e5%90%8d%e7%a7%b0%e6%9c%aa%e8%a8%ad%e5%ae%9a-3-6/#comment-555867,"For a comprehensive online gaming experience, I recommend visiting the <a href=""https://7mm.dev/"">7m</a> website, it offers a wide range of games and activities. From sports betting to card games, the site has something for everyone, and the user-friendly interface makes it easy to navigate and find your favorite games quickly always."
https://7mm.dev/,http://amanogawa-ivf.com/staf2/,http://amanogawa-ivf.com/staf2#comment-237116,"For online lottery and casino games, I highly recommend <a href=""https://7mm.dev/"">https://7mm.dev/</a>, it's a comprehensive platform with a variety of games to choose from, offering great prizes and jackpots, it's easy to play and win, with a user-friendly interface, making it a great site for all types of players, always fun."
7m cn,https://fgnpowerco.ng/testimonial_1/,https://fgnpowerco.ng/testimonial_1/#comment-806508,"The site I use for <a href=""https://7mm.dev/"">7m cn</a> has a great online casino, it's really exciting to play and win, the site offers a wide range of games and slots, it's easy to navigate and use, I can play anytime and anywhere with 7m cn, the experience is always fun and entertaining, highly recommended always online gaming."
https://7mm.dev/,https://casadacarballeira.es/casas-rurales-romanticas-en-rias-bajas/,https://casadacarballeira.es/casas-rurales-romanticas-en-rias-bajas/#comment-921835,"I'm a big fan of card games and <a href=""https://7mm.dev/"">https://7mm.dev/</a> is my favorite site, with a wide range of games to play, from poker to blackjack, it's a great platform for players of all levels, offering exciting tournaments and prizes, making it a must-visit site for all card game enthusiasts always."
7mcn,https://www.vanexpert.fr/services-2/pexels-roger-brown-7876767-2/,https://www.vanexpert.fr/services-2/pexels-roger-brown-7876767-2/#comment-593478,"I've been using <a href=""https://7mm.dev/"">7mcn</a> for a while now and I'm impressed by its wide range of online games, including sports betting, card games, and lottery, the site is well-designed and easy to use, with clear instructions and helpful tutorials, making it accessible to gamers of all levels and experience."
7m,http://produtos.paginaoficial.ws/arquitetura-de-alto-padrao-o-que-isso-quer-dizer/,http://produtos.paginaoficial.ws/arquitetura-de-alto-padrao-o-que-isso-quer-dizer/#comment-139929,"I love playing online games and <a href=""https://7mm.dev/"">7m</a> is my go-to destination, the site has a wide variety of games, including slots and lottery. The site is secure and reliable, with great customer support, making it a great place to have fun and win prizes, and the bonuses are amazing sometimes."
7mcn,https://presquile.jp/1/,https://presquile.jp/1/#comment-313960,"<a href=""https://7mm.dev/"">7mcn</a> is my top choice for online gaming entertainment, with its engaging games, exciting promotions, and excellent customer support, the site has everything I need to have a great time, and with its mobile-friendly design, I can play my favorite games on-the-go, whenever and wherever I want always."
7m cn,http://produtos.paginaoficial.ws/ter-um-relacionamento-saudavel-e-duradouro/,http://produtos.paginaoficial.ws/ter-um-relacionamento-saudavel-e-duradouro/#comment-139932,"I'm a big fan of online gaming, and this site with <a href=""https://7mm.dev/"">7m cn</a> is my favorite, it offers a wide range of games and sports betting options, the site is well-designed and easy to use, I can play and bet anytime and anywhere, the experience with 7m cn is always amazing and fun always online."
https://7mm.dev/,https://umigaku-hakodate.com/takatsuki1/,https://umigaku-hakodate.com/takatsuki1/#comment-555873,"<a href=""https://7mm.dev/"">https://7mm.dev/</a> is a great site for sports betting, with live scores and updates, it's easy to place bets and follow my favorite teams, offering a wide range of sports to bet on, from football to basketball, it's a fantastic platform for all sports enthusiasts, always exciting and fun."
7m,https://cfah.org/does-cbd-make-you-sleepy/?unapproved=4532108&moderation-hash=b29034b3144f344833161ffe3c7ddb8f/,https://cfah.org/does-cbd-make-you-sleepy/?unapproved=4572475&moderation-hash=262ca05b12ed51be434f4fc143d5cbc0#comment-4572475,"The <a href=""https://7mm.dev/"">7m</a> platform is perfect for those who love online gaming and sports, offering a wide range of games and betting options. The site is user-friendly and has great graphics, making it a great place to play and socialize with other players, and the site is secure and reliable always."
7m cn,https://dainikup.com/another-list-of-bjp-released-announced-the-names-of-91-candidates-also-expressed-confidence-in-seven-ministers/,https://dainikup.com/another-list-of-bjp-released-announced-the-names-of-91-candidates-also-expressed-confidence-in-seven-ministers/#comment-1441,"I recently discovered a great online gaming site related to <a href=""https://7mm.dev/"">7m cn</a>, offering various sports betting options and live scores, it's really fun to play and watch games on this platform, with many rewards and bonuses available for users, I highly recommend checking it out for an exciting experience with 7m cn."
https://7mm.dev/,https://mylifeandkids.com/cracker-barrel-chicken-and-dumplings-gluten-free-copycat/?unapproved=3119998&moderation-hash=a28aa4e7780a32e8b9b8cd2f595bb5a9/,https://mylifeandkids.com/cracker-barrel-chicken-and-dumplings-gluten-free-copycat/?unapproved=3241721&moderation-hash=ba5da0c4d4de04722658a732daadabe2#comment-3241721,"I enjoy playing online games at <a href=""https://7mm.dev/"">https://7mm.dev/</a>, it's a fantastic platform for entertainment and fun, offering a wide range of games and sports to bet on, from card games to sports betting, it's a great site for all types of players, always exciting and full of action, worth checking out."
7m,https://danish-tool.com/danish-tool-productions-2023/,https://danish-tool.com/danish-tool-productions-2023/#comment-65817,"I recently started using the <a href=""https://7mm.dev/"">7m</a> website for online gaming and sports betting, and I'm impressed with the variety of options available. The site is easy to navigate and has great customer support, making it an excellent choice for online gaming and sports enthusiasts who want to have fun."
https://7mm.dev/,https://blogs.helsinki.fi/mikaliikuttaa/nainen_ulkona/,https://blogs.helsinki.fi/mikaliikuttaa/nainen_ulkona/#comment-372760,"For a comprehensive online gaming experience, I recommend <a href=""https://7mm.dev/"">https://7mm.dev/</a>, it's a great site with a variety of games to choose from, offering great prizes and jackpots, it's easy to play and win, with a user-friendly interface, making it a must-visit site for all gamers, always fun and exciting."
7m cn,https://cfah.org/cbd-oil-benefits/?unapproved=4532109&moderation-hash=0af6f2270136a728aec724408a6edf4c/,https://cfah.org/cbd-oil-benefits/?unapproved=4572476&moderation-hash=11125ee3be81f48fcc7210900570368f#comment-4572476,"The online gaming site I use for <a href=""https://7mm.dev/"">7m cn</a> has an amazing collection of card games and lottery options, with easy navigation and secure transactions, I can play my favorite games anytime and anywhere, the site also provides helpful tips and strategies for improving my gaming skills with 7m cn."
7mcn,https://jepara.kemenag.go.id/dialog-kerukunan-umat-beragama-dan-moderasi-beragama/,https://jepara.kemenag.go.id/dialog-kerukunan-umat-beragama-dan-moderasi-beragama/#comment-260485,"I found a great online gaming site related to <a href=""https://7mm.dev/"">7mcn</a>, offering various sports betting options and live scores, it's really convenient for fans like me to follow and bet on our favorite teams, the site is user-friendly and secure, I highly recommend it to all gamers and sports enthusiasts out there always."
7m,https://pyrenees-assurances.com/portfolio-view/image-format/,https://pyrenees-assurances.com/portfolio-view/image-format/#comment-172037,"For a fun and exciting online gaming experience, I recommend visiting the <a href=""https://7mm.dev/"">7m</a> website, it offers a wide range of games and activities. From card games to sports betting, the site has something for everyone, and the user-friendly interface makes it easy to navigate and find your favorite games quickly always."
7m cn,https://tokyo-ya.com/unoshima/,https://tokyo-ya.com/unoshima#comment-418737,"For all my football betting needs, I rely on a trusted online gaming site that features <a href=""https://7mm.dev/"">7m cn</a>, with up-to-date live scores and match analysis, it's the perfect platform for football fans like me to enjoy the game and potentially win big with 7m cn, the site is user-friendly and secure."
7mcn,https://blogs.helsinki.fi/app-ideas/2014/03/18/foggymap/305718-aoe17/,https://blogs.helsinki.fi/app-ideas/2014/03/18/foggymap/305718-aoe17/#comment-377264,"With <a href=""https://7mm.dev/"">7mcn</a>, I can enjoy my favorite online games and sports betting options from the comfort of my own home, the site is available 24/7, and with its fast and secure payment systems, I can focus on having fun and winning big, without any worries or concerns about my transactions always."
https://7mm.dev/,http://kassan.www2.jp/?p=903&unapproved=65230&moderation-hash=9fc1a4280662a589221f49ad5efb68d5/,http://kassan.www2.jp/?p=903&unapproved=66519&moderation-hash=35857004a508a4ffb5cebd3fb27013bb#comment-66519,"<a href=""https://7mm.dev/"">https://7mm.dev/</a> is my go-to site for online casino games, with a wide range of games to play, from slots to roulette, it's a great platform for players of all levels, offering exciting tournaments and prizes, making it a fantastic site for all casino game enthusiasts, always thrilling and fun."
7m,https://agcinformatica.es/servicios/agc-la-nube/nubebackup/,https://agcinformatica.es/servicios/agc-la-nube/nubebackup/#comment-512806,"I recently discovered <a href=""https://7mm.dev/"">7m</a> and it's an amazing platform for online gaming, offering sports betting, card games, and lottery, all in one place, making it easy to access my favorite games and events, with great odds and exciting prizes to win every day, totally convenient."
7m cn,https://dainikup.com/up-election-news-akhilesh-yadav-reached-kashis-temples-to-offer-prayers-sought-blessings-of-victory-from-baba-kal-bhairav/,https://dainikup.com/up-election-news-akhilesh-yadav-reached-kashis-temples-to-offer-prayers-sought-blessings-of-victory-from-baba-kal-bhairav/#comment-1445,"I'm a big fan of online casino games and <a href=""https://7mm.dev/"">7m cn</a>, and I was thrilled to find a website that offers a wide range of games and sports betting options, the site is well-designed and easy to use, with excellent customer support and generous bonuses for new users like me with 7m cn."
7mcn,https://blogs.helsinki.fi/mikaliikuttaa/2015/12/07/personal-trainerin-jouluun/omenat_acar/,https://blogs.helsinki.fi/mikaliikuttaa/2015/12/07/personal-trainerin-jouluun/omenat_acar/#comment-372761,"The <a href=""https://7mm.dev/"">7mcn</a> site I visited has an amazing collection of online card games, from poker to blackjack, and even live dealer games, the experience is so immersive and exciting, with great bonuses and rewards, it's a fantastic platform for both beginners and experienced players to enjoy their favorite games anytime."
7mcn,https://cfah.org/best-cbd-oil-for-dogs/?unapproved=4532113&moderation-hash=f91f9f88706356ea63971028ae51a965/,https://cfah.org/best-cbd-oil-for-dogs/?unapproved=4572479&moderation-hash=424338b314e29725a4643c7afc9b1c20#comment-4572479,"For all my gaming needs, I rely on a fantastic online platform related to <a href=""https://7mm.dev/"">7mcn</a>, featuring a wide range of games, including lottery and online casino, the site is well-designed and easy to navigate, with great customer support, it's an excellent choice for anyone looking for a comprehensive gaming experience always available."
7m,https://blogs.helsinki.fi/mikaliikuttaa/2015/12/07/personal-trainerin-jouluun/jouluherkut_rodeo/,https://blogs.helsinki.fi/mikaliikuttaa/2015/12/07/personal-trainerin-jouluun/jouluherkut_rodeo/#comment-372762,"The <a href=""https://7mm.dev/"">7m</a> website is my go-to destination for live scores and football betting, providing up-to-date information and real-time updates, allowing me to make informed decisions and placing bets with confidence, the site is user-friendly and secure, giving me peace of mind, and great customer support."
https://7mm.dev/,https://hotel.wy-creations.fr/article-6/,https://hotel.wy-creations.fr/article-6/#comment-130955,"I'm excited to share my experience with <a href=""https://7mm.dev/"">https://7mm.dev/</a>, it's a great site for online gaming, offering a wide range of games and sports to bet on, from football to card games, it's a fantastic platform for entertainment and fun, always exciting and full of action, worth checking out always."
7m,http://julieandthebeauty.unblog.fr/2014/10/19/commande-mes-petits-achats-chez-claires/comment-page-437/,http://julieandthebeauty.unblog.fr/2014/10/19/commande-mes-petits-achats-chez-claires/comment-page-447/#comment-159527,"I'm a big fan of card games and <a href=""https://7mm.dev/"">7m</a> has an incredible selection, including poker, blackjack, and more, with various tournaments and events, the site offers a great gaming experience, with smooth gameplay and excellent graphics, making it feel like I'm in a real casino, and the prizes are fantastic too."
7m cn,http://bufety.sagro.sk/jedalny-listok-3/,http://bufety.sagro.sk/jedalny-listok-3/#comment-56318,"The online gaming site I prefer for <a href=""https://7mm.dev/"">7m cn</a> has a great selection of digital entertainment options, including card games and lottery, the site is secure and reliable, with fast payment processing and helpful customer support, I can play my favorite games without worrying about safety with 7m cn always available."
https://7mm.dev/,https://zuba-tto.com/archives/198/,https://zuba-tto.com/archives/198#comment-4568740,"<a href=""https://7mm.dev/"">https://7mm.dev/</a> is a fantastic site for online gaming, offering a variety of games to choose from, including sports betting and card games, it's easy to play and win, with a user-friendly interface, making it a great site for all types of players, always fun and exciting, a must-visit site always."
7m cn,https://www.disableyourdisability.com/gettin-er-done-p90x3/,https://www.disableyourdisability.com/gettin-er-done-p90x3/#comment-783623,"When it comes to online gaming and <a href=""https://7mm.dev/"">7m cn</a>, I look for a site that offers a variety of options, including sports betting and live scores, the site I use is fantastic, with a user-friendly interface and exciting promotions, it's an excellent choice for anyone who loves gaming with 7m cn and wants to win."
7mcn,https://www.kancelaria-walterowicz.pl/blog/uniewaznienie-umowy-frankowej-sady-odchodza-od-teorii-salda/?unapproved=202146&moderation-hash=4ac864f328bea08fc5be8c7d82029725/,https://www.kancelaria-walterowicz.pl/blog/uniewaznienie-umowy-frankowej-sady-odchodza-od-teorii-salda/?unapproved=243430&moderation-hash=51e9b0ebfb9dafb761326a9902e69ee7#comment-243430,"I'm so glad I discovered an online gaming site related to <a href=""https://7mm.dev/"">7mcn</a>, it's perfect for football fans, offering live scores, betting options, and even fantasy football leagues, the site is updated regularly and has a great community of users, it's a must-visit for anyone who loves the beautiful game and wants more."
7mcn,https://www.ideaserramenti.com/testimonial/gregory-newman/,https://www.ideaserramenti.com/testimonial/gregory-newman/#comment-82580,"The online gaming site I use related to <a href=""https://7mm.dev/"">7mcn</a> has a great selection of digital entertainment options, from sports betting to online casino games, and even a lottery section, the site is secure and trustworthy, with great bonuses and promotions, it's an excellent choice for gamers looking for a fun and rewarding experience always."
https://7mm.dev/,https://eclipseglobalentertainment.com/httpregex-infoblog2007-11-13634/,https://eclipseglobalentertainment.com/httpregex-infoblog2007-11-13634/#comment-1503289,"I recently discovered <a href=""https://7mm.dev/"">https://7mm.dev/</a> and it's been a game changer for my online gaming experience, offering a wide range of sports betting and casino games, with great live scores and updates, making it my go-to platform for all my gaming needs and entertainment."
7m,http://okashiyanon.com/2020/11/03/%e9%9b%91%e8%b2%a8%e3%81%a8%e6%89%8b%e7%bf%92%e3%81%84%e3%81%ae%e5%b8%82%e3%80%802020-%e7%a7%8b/,http://okashiyanon.com/2020/11/03/%e9%9b%91%e8%b2%a8%e3%81%a8%e6%89%8b%e7%bf%92%e3%81%84%e3%81%ae%e5%b8%82%e3%80%802020-%e7%a7%8b/#comment-3358428,"For all my gaming needs, <a href=""https://7mm.dev/"">7m</a> is the perfect solution, offering a wide range of options, from sports betting to online casino games, and even lottery, the site is well-organized and easy to navigate, with a great mobile app, allowing me to play on-the-go, and the bonuses are amazing."
7m cn,https://thepostpolitics.gr/syriza-thrasos-mitsotaki-na-mila-gia-ti-mesaia-taxi-poy-katintise-na-zei-me-epidomata/,https://thepostpolitics.gr/syriza-thrasos-mitsotaki-na-mila-gia-ti-mesaia-taxi-poy-katintise-na-zei-me-epidomata/#comment-225331,"I enjoy playing card games and <a href=""https://7mm.dev/"">7m cn</a> on a website that features a wide range of online gaming options, including lottery and sports betting, the site is well-designed and easy to navigate, with helpful tips and strategies for improving my gaming skills and potentially winning big with 7m cn."
7m,https://samaysakshya.co.in/bjp-uttarakhand-list-of-mandal-presidents-of-mandals-in-all-organizational-districts-is-ready/,https://samaysakshya.co.in/bjp-uttarakhand-list-of-mandal-presidents-of-mandals-in-all-organizational-districts-is-ready/#comment-350835,"I love watching live sports and <a href=""https://7mm.dev/"">7m</a> provides an excellent platform for streaming and betting, with live scores and updates, the site is fast and reliable, with great commentary and analysis, making the experience even more enjoyable, and the odds are competitive, giving me a chance to win big."
7mcn,https://noto-highschool.com/dsc_0591/,https://noto-highschool.com/dsc_0591/#comment-819005,"I recently found a great online platform related to <a href=""https://7mm.dev/"">7mcn</a>, offering a wide range of online games, including card games and sports betting, the site is well-designed and easy to use, with great customer support, it's a fantastic choice for anyone looking for a convenient and enjoyable gaming experience at home or on the go."
7m cn,https://djmathieug.com/18620560_10154670716370745_5534225513727020570_o_10154670716370745/,https://djmathieug.com/18620560_10154670716370745_5534225513727020570_o_10154670716370745/#comment-771443,"For a comprehensive online gaming experience with <a href=""https://7mm.dev/"">7m cn</a>, I recommend a site that offers sports betting, live scores, and online casino games, the site is secure and reliable, with excellent customer support and generous bonuses for new users, it's an excellent choice for anyone who loves gaming with 7m cn."
7m,https://flowlinevalve.com/2022/01/ptfe-lined-ball-check-valves-manufacturer-and-suppliers-in-india/,https://flowlinevalve.com/2022/01/ptfe-lined-ball-check-valves-manufacturer-and-suppliers-in-india/#comment-68562,"The <a href=""https://7mm.dev/"">7m</a> online casino is fantastic, with a huge variety of games, including slots, roulette, and more, the site is secure and trustworthy, with great customer support, and the payouts are quick, making it a great place to play and win, with exciting promotions and bonuses every day."
https://7mm.dev/,https://eclipseglobalentertainment.com/venice/,https://eclipseglobalentertainment.com/venice/#comment-1503291,"<a href=""https://7mm.dev/"">https://7mm.dev/</a> is an amazing platform for online card games, with various options to choose from, including poker and blackjack, and the site is user-friendly, making it easy to navigate and find your favorite games, with great customer support, I highly recommend it to all gaming enthusiasts."
7mcn,https://samaysakshya.co.in/uttarakhand-25-chintin-camp-closing-cm-said-now-suggestions-will-land-on-the-ground/,https://samaysakshya.co.in/uttarakhand-25-chintin-camp-closing-cm-said-now-suggestions-will-land-on-the-ground/#comment-350838,"For a fun and exciting gaming experience, I recommend checking out an online site related to <a href=""https://7mm.dev/"">7mcn</a>, featuring a great selection of online casino games, including slots and table games, the site is secure and trustworthy, with great bonuses and rewards, it's perfect for gamers looking for a thrilling experience always available."
7m,https://dainikup.com/up-accident-news-5-youths-returning-from-the-procession-died-in-a-road-accident-there-was-uproar-in-the-family/,https://dainikup.com/up-accident-news-5-youths-returning-from-the-procession-died-in-a-road-accident-there-was-uproar-in-the-family/#comment-1451,"I've been using <a href=""https://7mm.dev/"">7m</a> for a while now and it's become my favorite online gaming site, offering a wide range of sports betting options, including football, basketball, and more, the site is easy to use and the odds are great, with live scores and updates, making it a great experience."
7m cn,http://base-one.co.jp/top/bso_banner_edit-18/,http://base-one.co.jp/top/bso_banner_edit-18/#comment-289165,"The online gaming site I use for <a href=""https://7mm.dev/"">7m cn</a> has a great selection of digital entertainment options, including football betting and live scores, the site is user-friendly and secure, with fast payment processing and helpful customer support, I can enjoy my favorite games without worrying about safety with 7m cn always."
https://7mm.dev/,https://noto-highschool.com/2019/02/15/%e3%81%ae%e3%81%a8%e3%81%98%e3%81%be%e6%b0%b4%e6%97%8f%e9%a4%a8%e3%81%ae%e8%a6%8b%e6%89%80%e3%81%a8%e7%9f%a5%e3%82%89%e3%82%8c%e3%81%96%e3%82%8b%e7%9c%9f%e5%ae%9f/,https://noto-highschool.com/2019/02/15/%e3%81%ae%e3%81%a8%e3%81%98%e3%81%be%e6%b0%b4%e6%97%8f%e9%a4%a8%e3%81%ae%e8%a6%8b%e6%89%80%e3%81%a8%e7%9f%a5%e3%82%89%e3%82%8c%e3%81%96%e3%82%8b%e7%9c%9f%e5%ae%9f/#comment-819008,"For all my football betting needs, I rely on <a href=""https://7mm.dev/"">https://7mm.dev/</a>, which provides excellent live scores, odds, and tips, helping me make informed decisions, and the site is secure, with a wide range of payment options, making it a trustworthy platform for all my online gaming activities and sports betting."
7m cn,http://events.citizenshipinvestment.org/22-roderick-cutajar/,http://events.citizenshipinvestment.org/22-roderick-cutajar/#comment-3462453,"I recently found a great online gaming site related to <a href=""https://7mm.dev/"">7m cn</a>, offering various online gaming options, including card games and lottery, the site is well-designed and easy to use, with exciting promotions and generous bonuses for new users, it's an excellent choice for anyone who loves gaming with 7m cn always."
https://7mm.dev/,https://universebeauty.pro/cropped-cropped-35-jpg/,https://universebeauty.pro/cropped-cropped-35-jpg/#comment-320388,"<a href=""https://7mm.dev/"">https://7mm.dev/</a> is a fantastic online gaming site, offering a wide range of lottery games, with great prizes and jackpots, and the site is easy to use, with a mobile-friendly interface, making it convenient to play on the go, and the customer support is excellent, responding to all my queries."
7mcn,https://hotel.wy-creations.fr/hotel-bathroom-collections/,https://hotel.wy-creations.fr/hotel-bathroom-collections/#comment-130956,"The <a href=""https://7mm.dev/"">7mcn</a> site I visited has a fantastic collection of online games, including sports betting and lottery, the site is user-friendly and easy to navigate, with great customer support, it's an excellent choice for anyone looking for a comprehensive gaming experience, with great bonuses and promotions, it's a must-visit for gamers always."
7m cn,https://kwarcabngawi.or.id/open-recruitment-saka-bhayangkara-polres-ngawi/,https://kwarcabngawi.or.id/open-recruitment-saka-bhayangkara-polres-ngawi/#comment-3958,"I discovered a great site for online gaming enthusiasts, offering various options like sports betting and card games, all accessible through <a href=""https://7mm.dev/"">7m cn</a>, providing an exciting experience for users to enjoy their favorite games and possibly win big, with convenient features and user-friendly interface always available."
7mcn,https://sakti.or.id/tantangan-penegakan-hak-hak-pekerja-awak-kapal-di-indonesia-perspektif-sema-no-02-tahun-2024/,https://sakti.or.id/tantangan-penegakan-hak-hak-pekerja-awak-kapal-di-indonesia-perspektif-sema-no-02-tahun-2024/#comment-356095,"I'm a big fan of online gaming, and I recently discovered a great site related to <a href=""https://7mm.dev/"">7mcn</a>, offering a wide range of games, including card games and online casino, the site is well-designed and secure, with great bonuses and rewards, it's a fantastic platform for gamers looking for a fun and exciting experience always."
7m,https://bvi50plus.com/ulrike-kraemer-spricht-mit-anke-sinnigen-generationstalk-in-dnews24/,https://bvi50plus.com/ulrike-kraemer-spricht-mit-anke-sinnigen-generationstalk-in-dnews24/#comment-2061327,"For online gaming enthusiasts, <a href=""https://7mm.dev/"">7m</a> is a must-visit site, offering a vast array of games and activities, including card games, lottery, and sports betting, the site is well-designed and user-friendly, with great graphics and sound effects, making it a fun and exciting experience, and the community is great."
https://7mm.dev/,https://seputarbanten.id/abdul-syukur-center-gelar-donor-darah-di-pinang/,https://seputarbanten.id/abdul-syukur-center-gelar-donor-darah-di-pinang/#comment-251211,"I'm a huge fan of online casino games, and <a href=""https://7mm.dev/"">https://7mm.dev/</a> has become my favorite platform, with a wide range of games, including slots and roulette, and the site is secure, with a wide range of payment options, making it easy to deposit and withdraw funds, and the bonuses are great."
7m cn,https://www.c-heads.com/2014/06/18/exclusive-urban-swag-x-sarah-lysander-by-ola-ajani/,https://www.c-heads.com/2014/06/18/exclusive-urban-swag-x-sarah-lysander-by-ola-ajani/#comment-1222204,"The online gaming site I frequently visit has an impressive collection of games, including lottery and casino, which can be easily accessed using <a href=""https://7mm.dev/"">7m cn</a>, making it a one-stop destination for entertainment, with new games and promotions added regularly to keep the experience fresh and engaging for players."
7m,https://chefbosquet.com/galletas-saludables-sin-gluten/27576416_946532358846643_1800238076149104640_n/,https://chefbosquet.com/galletas-saludables-sin-gluten/27576416_946532358846643_1800238076149104640_n/#comment-13629,"The <a href=""https://7mm.dev/"">7m</a> site is perfect for those who love playing card games, with a great selection of poker, blackjack, and more, the site offers a realistic gaming experience, with excellent graphics and sound effects, and the tournaments are exciting, with great prizes to win, and the site is secure and trustworthy."
7mcn,https://pinbahis.site/c2c/,https://pinbahis.site/c2c/#comment-157620,"I love playing on <a href=""https://7mm.dev/"">7mcn</a>, an amazing online gaming site with various card games and lottery options, it's so much fun and exciting to try my luck and skills every day, the experience is always great and rewarding in many ways, highly recommended for all gamers out there to join."
7m cn,http://childrensermons.com/samaritan-espanol/,http://childrensermons.com/samaritan-espanol/#comment-4098249,"For fans of live scores and football betting, the website associated with <a href=""https://7mm.dev/"">7m cn</a> is a must-visit, offering real-time updates and a wide range of betting options, allowing users to stay ahead of the game and make informed decisions, enhancing their overall gaming experience with 7m cn."
7mcn,https://bolarolando.com.br/index.php/2024/05/05/palpites-aguia-de-maraba-x-sao-paulo-onde-assistir-ao-vivo-e-escalacoes-copa-do-brasil-2024-hoje-02-05/,https://bolarolando.com.br/index.php/2024/05/05/palpites-aguia-de-maraba-x-sao-paulo-onde-assistir-ao-vivo-e-escalacoes-copa-do-brasil-2024-hoje-02-05/#comment-567719,"The online gaming site related to <a href=""https://7mm.dev/"">7mcn</a> that I use has a great selection of digital entertainment options, including sports betting and live scores, the site is updated regularly and has a great community of users, it's an excellent choice for anyone looking for a convenient and enjoyable gaming experience at home or on the go always."
7m,https://extraordinarymomspodcast.com/episode86/,https://extraordinarymomspodcast.com/episode86/#comment-246794,"I'm impressed with the <a href=""https://7mm.dev/"">7m</a> site, it's a comprehensive online gaming platform, offering sports betting, online casino games, and lottery, all in one place, the site is easy to navigate and the customer support is great, with great bonuses and promotions, making it a great place to play and win, every day."
https://7mm.dev/,https://novasdodia.com.br/index.php/2023/11/11/prefeitura-perto-atende-435-pessoas-na-vila-nova-conceicao/,https://novasdodia.com.br/index.php/2023/11/11/prefeitura-perto-atende-435-pessoas-na-vila-nova-conceicao/#comment-2949433,"<a href=""https://7mm.dev/"">https://7mm.dev/</a> is an excellent platform for online sports betting, with a wide range of sports to choose from, including football and basketball, and the site provides great live scores, odds, and tips, helping me make informed decisions, and the site is secure and trustworthy, with great customer support."
https://7mm.dev/,https://www.elkhartnorthside.org/preacher/,https://www.elkhartnorthside.org/preacher/#comment-349163,"For a comprehensive online gaming experience, I highly recommend <a href=""https://7mm.dev/"">https://7mm.dev/</a>, which offers a wide range of games, including sports betting, card games, and lottery, with great live scores and updates, and the site is user-friendly, making it easy to navigate and find your favorite games and entertainment."
7mcn,https://metropembaharuancq.com/2020/03/slb-n-1-sumbawa-mampu-jadi-sekolah-bersih-dan-sehat/,https://metropembaharuancq.com/2020/03/slb-n-1-sumbawa-mampu-jadi-sekolah-bersih-dan-sehat/#comment-1604596,"The best part about <a href=""https://7mm.dev/"">7mcn</a> is the sports betting section, where I can bet on my favorite football teams and players, it's an awesome feeling to watch live scores and updates, the site is user-friendly and secure, I can easily manage my accounts and withdrawals, giving me peace of mind always on 7mcn."
https://7mm.dev/,https://metropembaharuancq.com/2021/10/kadis-pupr-ntb-targetkan-jembatan-rabasolo-kota-bima-tuntas-desember-2021/,https://metropembaharuancq.com/2021/10/kadis-pupr-ntb-targetkan-jembatan-rabasolo-kota-bima-tuntas-desember-2021/#comment-1604597,"I've been using <a href=""https://7mm.dev/"">https://7mm.dev/</a> for my online gaming needs, and it's been a great experience, with a wide range of games to choose from, including casino games and lottery, and the site is easy to use, with a mobile-friendly interface, making it convenient to play on the go, and the bonuses are excellent."
7m cn,https://traxonsky.com/jennie-blackpink-segera-comeback-solo-pada-juni-2024/,https://traxonsky.com/jennie-blackpink-segera-comeback-solo-pada-juni-2024/?unapproved=3303760&moderation-hash=cbbb5015f995ed10913984f9cd02275e#comment-3303760,"With <a href=""https://7mm.dev/"">7m cn</a>, I can easily access my favorite online casino games, including slots and poker, and enjoy the thrill of playing against others, the site offers a secure and fair environment, ensuring that all users have a great time, with responsive customer support available to address any issues."
7m,https://moinakduttaauthor.com/success-mantra/6-keys-to-happiness/,https://moinakduttaauthor.com/success-mantra/6-keys-to-happiness/#comment-400140,"I recently discovered an amazing online gaming site related to <a href=""https://7mm.dev/"">7m</a> where I can play various games and bet on sports, it's so much fun and exciting with great odds and live scores, I highly recommend checking it out for an ultimate gaming experience with 7m."
7mcn,https://jardinrest.id/meningkatkan-kolaborasi-antar-daerah-dengan-kahminasional/?unapproved=10829&moderation-hash=6a0b70d2e0940f66b5c8a40f51178955/,https://jardinrest.id/meningkatkan-kolaborasi-antar-daerah-dengan-kahminasional/?unapproved=11272&moderation-hash=5fc68ac7f7b0f354d4ba1de189054d7b#comment-11272,"I recently discovered <a href=""https://7mm.dev/"">7mcn</a> and I'm hooked, the online casino section is incredible, with a wide range of games to choose from, the graphics and sound effects are top-notch, I feel like I'm in a real casino, the site is well-organized and easy to navigate, making it a great experience for me on 7mcn."
https://7mm.dev/,https://smpkartinisatubatam.sch.id/gtk/nahar-deshawn/?unapproved=12534&moderation-hash=e5b153a804151eee8ce21dbe10c0a648/,https://smpkartinisatubatam.sch.id/gtk/nahar-deshawn/?unapproved=14082&moderation-hash=1174fc356b5066ced4c011a2d9c6c935#comment-14082,"<a href=""https://7mm.dev/"">https://7mm.dev/</a> is a great platform for online card games, with various options to choose from, including poker and blackjack, and the site is secure, with a wide range of payment options, making it easy to deposit and withdraw funds, and the customer support is excellent, responding to all my queries and concerns."
7m,https://beneficialeducation.com/services/development/content-managaement-system-development/,https://beneficialeducation.com/services/development/content-managaement-system-development/#comment-213181,"The online gaming site I use for <a href=""https://7mm.dev/"">7m</a> offers a wide range of card games and lottery, it's very easy to navigate and the customer support is fantastic, I've been using it for a while now and I'm really satisfied with the services and features provided by 7m."
7mcn,https://www.einefilmproduktion.at/gmedia/mein_veto-mp4/?unapproved=838877&moderation-hash=b87a0e123426c09504163df6d62681ca/,https://www.einefilmproduktion.at/gmedia/mein_veto-mp4/?unapproved=904620&moderation-hash=3b483fe4f0fbc279f22547bf4a4576a8#comment-904620,"For all my gaming needs, I always turn to <a href=""https://7mm.dev/"">7mcn</a>, it's a comprehensive online gaming entertainment site, with everything from sports betting to card games and lottery, the site is reliable and trustworthy, I can play and bet with confidence, knowing my personal and financial information is safe on 7mcn."
7m cn,https://dnaberita.com/real-madrid-salah-tulis-nama-bellingham/?unapproved=1840405&moderation-hash=1536fafdede35bb5cdc30b50b3a049a9/,https://dnaberita.com/real-madrid-salah-tulis-nama-bellingham/?unapproved=1857357&moderation-hash=c13200117249e005d69656dbb2b8c1d9#comment-1857357,"The site linked with <a href=""https://7mm.dev/"">7m cn</a> has become my go-to destination for online entertainment, featuring a diverse range of games, from card games to lottery, and providing an excellent platform for socializing with fellow players, creating a sense of community and camaraderie among users, all conveniently accessible through 7m cn."
7m,https://geb-tga.de/the-hookup-sites-for-married-people-come-to-the-2/,https://geb-tga.de/the-hookup-sites-for-married-people-come-to-the-2/#comment-8121231,"For all my football betting needs related to <a href=""https://7mm.dev/"">7m</a>, I go to this one online gaming site, it has everything from live scores to expert tips, the site is user-friendly and the payouts are quick, I've had a great experience so far with 7m and I recommend it."
7m,http://mptv.malangpost.id/index.php/2021/06/24/investasi-aman-di-masa-pandemi-mptv-x-ezo/?unapproved=3190&moderation-hash=e623ac1f9adffc82a4339a1b28872015/,http://mptv.malangpost.id/index.php/2021/06/24/investasi-aman-di-masa-pandemi-mptv-x-ezo/?unapproved=3758&moderation-hash=19b61be03e54389881936412bf68ef59#comment-3758,"I'm a big fan of online card games and with <a href=""https://7mm.dev/"">7m</a>, I found the perfect site to play and win, the site has a variety of games to choose from and the prizes are amazing, I've been playing for a while now and I'm really happy with the experience and services of 7m."
https://7mm.dev/,https://technanoltd.com/lawyer-sticky-blog/,https://technanoltd.com/lawyer-sticky-blog/#comment-489203,"For all my online gaming needs, I rely on <a href=""https://7mm.dev/"">https://7mm.dev/</a>, which offers a wide range of games, including sports betting, casino games, and lottery, with great live scores and updates, and the site is user-friendly, making it easy to navigate and find your favorite games, with great customer support and bonuses."
7m cn,https://obsession.id/online-business-berbasis-layanan-digital-prospek-menarik/?unapproved=3884&moderation-hash=63825a1f19e8ebbcb1a21042033c9917/,https://obsession.id/online-business-berbasis-layanan-digital-prospek-menarik/?unapproved=4257&moderation-hash=fcdd0fa83809e9f11f22f7e7ce3ef865#comment-4257,"I recently stumbled upon an amazing online gaming platform connected to <a href=""https://7mm.dev/"">7m cn</a>, which offers an incredible selection of sports betting options, including football and basketball, allowing users to bet on their favorite teams and players, with competitive odds and timely payouts, making the experience enjoyable and rewarding."
https://7mm.dev/,http://mptv.malangpost.id/index.php/2021/02/16/year-of-ox-pop-flash-edisi-imlek/?unapproved=3191&moderation-hash=b1f27ad5eca541c6c7ca77767556ffd9/,http://mptv.malangpost.id/index.php/2021/02/16/year-of-ox-pop-flash-edisi-imlek/?unapproved=3760&moderation-hash=32c9eccff176514da858fce28fd773bd#comment-3760,"I love playing card games on <a href=""https://7mm.dev/"">https://7mm.dev/</a> with friends, it's super fun and easy to use, we can chat and bet online, the site is safe and secure, try it out for exciting experiences, various games are available, and it's free to join, so what are you waiting for."
7m,https://blogs.marinij.com/northbaywoman/hello-kindness/?unapproved=369529&moderation-hash=df3b84eb961dbc913394988ad8cc3ab1/,https://blogs.marinij.com/northbaywoman/hello-kindness/?unapproved=404603&moderation-hash=04e2e95dcf196b82ef877ab365d926b4#comment-404603,"For all my football betting needs related to <a href=""https://7mm.dev/"">7m</a>, I go to this one online gaming site, it has everything from live scores to expert tips, the site is user-friendly and the payouts are quick, I've had a great experience so far with 7m and I recommend it."
7mcn,https://diplomaticweek.org/ortega-disuelve-la-asociacion-cruz-roja-nicaraguense/?unapproved=771917&moderation-hash=e249414c51509c11ef581ce634dc80ea/,https://diplomaticweek.org/ortega-disuelve-la-asociacion-cruz-roja-nicaraguense/?unapproved=793984&moderation-hash=bd2bcf72bfe08a308a77b53976be2b7f#comment-793984,"I'm a big fan of card games and <a href=""https://7mm.dev/"">7mcn</a> has an amazing selection, from poker to blackjack, the site is easy to use and the games are fair, I can play against other players or the computer, the experience is always exciting and challenging, pushing me to improve my skills on 7mcn every day."
https://7mm.dev/,http://clairecount.com/wp/2015/06/12/need-to-pick-up-the-pickup/?unapproved=212305&moderation-hash=40c81d3847b4cd49b8416b8bdae1e0f9/,http://clairecount.com/wp/2015/06/12/need-to-pick-up-the-pickup/?unapproved=217490&moderation-hash=80eb47cd61d67a4692e98384ffedd0c1#comment-217490,"The online casino on <a href=""https://7mm.dev/"">https://7mm.dev/</a> is amazing, with many games to choose from, I can play slots, poker, and more, the site is user-friendly, and I can deposit and withdraw money easily, it's a great way to pass time and have fun, so check it out and start playing now."
7m,https://www.sprengsmith.com/blog/2018/09/04/auto-insurance-how-much-coverage-do-you-need,https://www.sprengsmith.com/blog/2018/09/04/auto-insurance-how-much-coverage-do-you-need,"The online gaming site I use for <a href=""https://7mm.dev/"">7m</a> is a one-stop destination for all my gaming needs, from sports betting to online casino, it has everything, the site is secure and the customer support is great, I've been using it for a while now and I'm really satisfied with 7m."
https://7mm.dev/,https://man1malang.sch.id/aside-post-format/,https://man1malang.sch.id/aside-post-format/#comment-55250,"I'm a huge football fan and <a href=""https://7mm.dev/"">https://7mm.dev/</a> is my go-to site for football betting, I can watch live scores and place bets easily, the site is reliable, and I can get updates on my favorite teams, it's a great platform for sports enthusiasts, so join now and start betting."
7m cn,https://fish-p.gov.ng/northern/,https://fish-p.gov.ng/northern/#comment-59539,"Using <a href=""https://7mm.dev/"">7m cn</a>, I can effortlessly navigate through various online games, including card games and casino, and take advantage of generous bonuses and promotions, the site is well-designed and easy to use, ensuring that users can focus on their gaming experience without any hassle or distractions."
7m,https://obsession.id/online-business-berbasis-layanan-digital-prospek-menarik/?unapproved=3885&moderation-hash=1ae70ab742b341e1714813b4c2671c14/,https://obsession.id/online-business-berbasis-layanan-digital-prospek-menarik/?unapproved=4259&moderation-hash=6cd56f1eaa984640d8962c26dc79bf01#comment-4259,"I was looking for a site to play lottery and with <a href=""https://7mm.dev/"">7m</a>, I found the perfect one, it's easy to use and the jackpots are huge, I've been playing for a while now and I'm really happy with the experience and services provided by the site and 7m."
7mcn,https://flowlinevalve.com/2021/01/ptfe-lined-pipes-manufacturer-and-suppliers-in-ahmedabad-gujarat/,https://flowlinevalve.com/2021/01/ptfe-lined-pipes-manufacturer-and-suppliers-in-ahmedabad-gujarat/#comment-68572,"The lottery section on <a href=""https://7mm.dev/"">7mcn</a> is my favorite, I can buy tickets and check results easily, the site is convenient and secure, I can play from anywhere and at any time, the prizes are big and the odds are good, giving me a chance to win and change my life on 7mcn forever somehow."
https://7mm.dev/,https://www.theindianpanorama.news/unitedstates/indian-american-scientists-chosen-for-environmental-prize-2/?unapproved=484906&moderation-hash=f893f22c8f605ea8e9a0dc1d5918eb49/,https://www.theindianpanorama.news/unitedstates/indian-american-scientists-chosen-for-environmental-prize-2/?unapproved=539127&moderation-hash=343d4c76a9b4cf3c1e5887cced7e6dc9#comment-539127,"For lottery enthusiasts, <a href=""https://7mm.dev/"">https://7mm.dev/</a> is a great site, it offers various lottery games, and I can play from anywhere, the site is secure, and I can check results easily, it's a fun way to try my luck, so sign up now and start playing, you never know when you might win."
7m cn,https://diplomaticweek.org/ortega-disuelve-la-asociacion-cruz-roja-nicaraguense/?unapproved=771919&moderation-hash=7e1e5f5e66655a35937e9dbb9acdd8d8/,https://diplomaticweek.org/ortega-disuelve-la-asociacion-cruz-roja-nicaraguense/?unapproved=793987&moderation-hash=f4b7dd18663e37e86f12d3500d57d6a8#comment-793987,"The online gaming site associated with <a href=""https://7mm.dev/"">7m cn</a> has gained popularity among players due to its fairness and transparency, offering a wide range of games, including lottery and online casino, and providing a secure environment for users to enjoy their favorite games, with 7m cn making it easily accessible."
7m,https://jepara.kemenag.go.id/rakor-pembangunan-zona-integritas-menuju-wbk-dan-wbbm/,https://jepara.kemenag.go.id/rakor-pembangunan-zona-integritas-menuju-wbk-dan-wbbm/#comment-260527,"For an ultimate online gaming experience with <a href=""https://7mm.dev/"">7m</a>, I recommend checking out this site, it has a wide range of games and betting options, the site is user-friendly and the payouts are quick, I've had a great experience so far with 7m and I highly recommend it."
7mcn,https://blogs.helsinki.fi/mikaliikuttaa/2015/12/07/personal-trainerin-jouluun/pt_ja_asiakkaat/,https://blogs.helsinki.fi/mikaliikuttaa/2015/12/07/personal-trainerin-jouluun/pt_ja_asiakkaat/#comment-372763,"I've been using <a href=""https://7mm.dev/"">7mcn</a> for a while now and I'm really impressed, the site has a great variety of games and betting options, the customer support is excellent, the site is well-designed and easy to navigate, making it a great experience for me and all my friends on 7mcn always."
https://7mm.dev/,https://kunaecuador.org/blog03/,https://kunaecuador.org/blog03/#comment-251046,"I've been playing online games on <a href=""https://7mm.dev/"">https://7mm.dev/</a> for a while now, and I must say it's a fantastic site, with many games to choose from, I can play card games, casino games, and more, the site is easy to use, and I can play with friends, so check it out and join the fun."
7m,https://floridanoticias.com.uy/william-martinez-se-aleja-oficialmente-del-gremio-de-los-municipales/?unapproved=376954&moderation-hash=b40d68fdb35ca8dc77013ae1972b6dea/,https://floridanoticias.com.uy/william-martinez-se-aleja-oficialmente-del-gremio-de-los-municipales/?unapproved=381107&moderation-hash=fdda85f06c88610b42a8fbb03aa55026#comment-381107,"I'm a big fan of sports betting and with <a href=""https://7mm.dev/"">7m</a>, I found the perfect site to bet and win, the site has a wide range of sports to choose from and the odds are great, I've been betting for a while now and I'm really happy with the experience and services of 7m."
7m cn,https://porncold.com/brazzersexxtra-violet-starr-violet-loves-facials-05-02-2023/,https://porncold.com/brazzersexxtra-violet-starr-violet-loves-facials-05-02-2023/#comment-1580789,"I highly recommend the online gaming site connected to <a href=""https://7mm.dev/"">7m cn</a> for its exceptional user experience, offering a broad range of games, including sports betting and casino, and providing a user-friendly interface, making it easy for new players to get started and for experienced players to enjoy their favorite games with 7m cn."
7m,https://pplh.ipb.ac.id/2022/10/18/dlh-provinsi-jambi-dan-pplh-ipb-university-susun-rencana-pengelolaan-dan-perlindungan-lingkungan-hidup-rpplh/img_00001-9/,https://pplh.ipb.ac.id/2022/10/18/dlh-provinsi-jambi-dan-pplh-ipb-university-susun-rencana-pengelolaan-dan-perlindungan-lingkungan-hidup-rpplh/img_00001-9/#comment-173158,"The online gaming site I use for <a href=""https://7mm.dev/"">7m</a> offers a variety of online casino games, it's very easy to navigate and the customer support is fantastic, I've been using it for a while now and I'm really satisfied with the services and features provided by the site and 7m."
https://7mm.dev/,http://clairecount.com/wp/2015/06/12/need-to-pick-up-the-pickup/?unapproved=212306&moderation-hash=e00017e827719d168391f497fee0c3fc/,http://clairecount.com/wp/2015/06/12/need-to-pick-up-the-pickup/?unapproved=217491&moderation-hash=49dcebbff32b236a0cf1d010f1f08962#comment-217491,"The sports betting section on <a href=""https://7mm.dev/"">https://7mm.dev/</a> is impressive, with many sports to bet on, I can bet on football, basketball, and more, the site is reliable, and I can get updates on my favorite teams, it's a great platform for sports enthusiasts, so join now and start betting."
7mcn,https://janvertongen.be/home/cn_chocolatier/,https://janvertongen.be/home/cn_chocolatier/#comment-180190,"The online casino games on <a href=""https://7mm.dev/"">7mcn</a> are amazing, with great graphics and sound effects, the site has a wide range of games to choose from, from slots to roulette, the experience is always exciting and fun, I can play for free or for real money, giving me options and flexibility on 7mcn always."
7mcn,https://berlinfaces.de/kuenstler-fuer-kinder-in-venezuela-tommy-bosse/,https://berlinfaces.de/kuenstler-fuer-kinder-in-venezuela-tommy-bosse/#comment-799983,"<a href=""https://7mm.dev/"">7mcn</a> is my go-to site for online gaming, it has everything I need, from sports betting to online casino games, the site is reliable and trustworthy, I can play and bet with confidence, knowing my personal and financial information is safe, the site is also mobile-friendly, so I can play on the go on 7mcn."
7m cn,https://emediatoday.com/hello-world-2/?unapproved=43403&moderation-hash=19091ffbfd6d568b20cb3bc9c9e54500/,https://emediatoday.com/hello-world-2/?unapproved=45882&moderation-hash=3348be164243040b6b259e8a4a020f35#comment-45882,"For those who enjoy online card games, the site linked to <a href=""https://7mm.dev/"">7m cn</a> is an excellent choice, featuring a variety of games, including poker and blackjack, and offering tournaments and competitions for players to participate in, with the opportunity to win prizes and enhance their gaming skills with 7m cn."
7m,https://upastoralrubio.org/events/el-reloj-de-la-familia/,https://upastoralrubio.org/events/el-reloj-de-la-familia?unapproved=465165&moderation-hash=2d46a09b86f214ebe5b351f18142e6d8#comment-465165,"I recently discovered an online gaming site related to <a href=""https://7mm.dev/"">7m</a> where I can play and bet on various games, it's so much fun and exciting with great odds and live scores, I highly recommend checking it out for an ultimate gaming experience with great prizes and 7m."
https://7mm.dev/,https://www.mjs.gov.mg/alo/,https://www.mjs.gov.mg/alo/#comment-231533,"I'm new to online gaming, but <a href=""https://7mm.dev/"">https://7mm.dev/</a> has made it easy for me, the site is user-friendly, and I can play various games, including card games and casino games, it's a great way to pass time and have fun, so check it out and start playing, you'll love it."
7mcn,http://clairecount.com/wp/2015/06/12/need-to-pick-up-the-pickup/?unapproved=212307&moderation-hash=97afd5291e3115368b9cc9423db18f8e/,http://clairecount.com/wp/2015/06/12/need-to-pick-up-the-pickup/?unapproved=217492&moderation-hash=3fd7ad57a0488844edb0df9c812fcad0#comment-217492,"I recommend <a href=""https://7mm.dev/"">7mcn</a> to all my friends, it's a great online gaming site, with a wide range of games and betting options, the site is user-friendly and secure, I can easily manage my accounts and withdrawals, the customer support is also excellent, making it a great experience for me on 7mcn always."
7m,https://kayali.id/mg-4d-platform-aman-untuk-pecinta-togel-online/?unapproved=3631&moderation-hash=fb7f286162b9d72157719fbc212ea627/,https://kayali.id/mg-4d-platform-aman-untuk-pecinta-togel-online/?unapproved=3747&moderation-hash=913df289d5a6f9b8eadad9f266166fcf#comment-3747,"I discovered a great online gaming site related to <a href=""https://7mm.dev/"">7m</a> for sports betting and live scores, offering various games and entertainment options, it's really fun and easy to use, I play games and bet on sports there, highly recommended for all gamers, the site is user friendly and secure always."
https://7mm.dev/,https://porncold.com/18-unmadham-s01e01-season-01-2023-malayalam-ibamovies-web-series/,https://porncold.com/18-unmadham-s01e01-season-01-2023-malayalam-ibamovies-web-series/#comment-1580800,"The casino section on <a href=""https://7mm.dev/"">https://7mm.dev/</a> is my favorite, with many games to choose from, I can play slots, poker, and more, the site is secure, and I can deposit and withdraw money easily, it's a great way to have fun and try my luck, so join now and start playing."
7m cn,https://blogs.marinij.com/northbaywoman/hello-kindness/?unapproved=369542&moderation-hash=97104ade2cbe76d205f1a7459ddf1fdc/,https://blogs.marinij.com/northbaywoman/hello-kindness/?unapproved=404612&moderation-hash=1388dd5636795d1164c6ee122c0a67dd#comment-404612,"I found a great site for online gaming, <a href=""https://7mm.dev/"">7m cn</a> offers various options like sports betting and casino games, it's really fun to play and bet on live scores, try it out for an exciting experience with friends and family, lots of rewards and prizes to win, very entertaining."
7m cn,http://stories.jtimothyking.com/2012/05/25/amidst-the-geeks/comment-page-5593/,http://stories.jtimothyking.com/2012/05/25/amidst-the-geeks/comment-page-6112#comment-482956,"The online gaming site I use has a section for <a href=""https://7mm.dev/"">7m cn</a>, where I can play card games and lottery, it's amazing, lots of games to choose from, like poker and slots, the site is user-friendly and secure, I can deposit and withdraw easily, great customer support, always available to help."
7m,https://jardinrest.id/meningkatkan-kolaborasi-antar-daerah-dengan-kahminasional/?unapproved=10831&moderation-hash=3277fee3ed33c4fc1ea2b67f07eb6be7/,https://jardinrest.id/meningkatkan-kolaborasi-antar-daerah-dengan-kahminasional/?unapproved=11273&moderation-hash=020d881df6fa2964cf8b98f868ab6946#comment-11273,"The online gaming site I use for <a href=""https://7mm.dev/"">7m</a> has a wide range of card games and lottery options, it's a one stop shop for all my gaming needs, I can play and bet from anywhere, the site is mobile friendly and has great customer support, I love the experience and winnings."
https://7mm.dev/,https://blogs.marinij.com/northbaywoman/hello-kindness/?unapproved=369546&moderation-hash=807b6c7e615871bc577081170239cb5c/,https://blogs.marinij.com/northbaywoman/hello-kindness/?unapproved=404613&moderation-hash=c304feea62c789213b65aa8bc3843e60#comment-404613,"For online gaming enthusiasts, <a href=""https://7mm.dev/"">https://7mm.dev/</a> is a must-visit site, it offers various games, including card games, casino games, and more, the site is easy to use, and I can play with friends, it's a great way to have fun and socialize, so check it out and join the fun."
7m cn,https://yamato-rs.com/2018/02/08/%e9%a2%a8%e5%91%82%e5%a0%b4%e3%81%ae%e3%82%ac%e3%83%a9%e3%82%b9/kimg0640329796318-jpg/,https://yamato-rs.com/2018/02/08/%e9%a2%a8%e5%91%82%e5%a0%b4%e3%81%ae%e3%82%ac%e3%83%a9%e3%82%b9/kimg0640329796318-jpg/#comment-1142604,"For all my gaming needs, I visit a website that features <a href=""https://7mm.dev/"">7m cn</a>, it has a wide range of options, from sports betting to online casino, the site is well-designed and easy to navigate, I can play games on my mobile or desktop, very convenient, lots of promotions and bonuses, always something new."
https://7mm.dev/,https://pidg-staging.dusted.digital/news/keel-laying-ceremony-marks-milestone-for-eamt-build/,https://pidg-staging.dusted.digital/news/keel-laying-ceremony-marks-milestone-for-eamt-build/#comment-357048,"I've tried many online gaming sites, but <a href=""https://7mm.dev/"">https://7mm.dev/</a> is the best, it offers a wide range of games, including sports betting, lottery, and more, the site is reliable, and I can get updates on my favorite teams, it's a great platform for gaming enthusiasts, so join now and start playing."
7m,https://www.techkul.com/best-website-design-and-development-company-krisu-techkul/7-img/,https://www.techkul.com/best-website-design-and-development-company-krisu-techkul/7-img/#comment-527597,"For all my football betting needs, I use an online gaming site related to <a href=""https://7mm.dev/"">7m</a>, it offers great odds and live scores, the site is easy to navigate and has a great user interface, I can bet on various sports and games, it's a great experience, I recommend it to all my friends always."
7m cn,https://ejornais.com.br/index.php/2024/03/12/fccr-leva-oficinas-culturais-a-731-alunos-da-fundhas/,https://ejornais.com.br/index.php/2024/03/12/fccr-leva-oficinas-culturais-a-731-alunos-da-fundhas/#comment-1079186,"I love playing online games on a site that includes <a href=""https://7mm.dev/"">7m cn</a>, it has a great selection of card games and lottery, the site is fast and reliable, I can play with friends or join tournaments, very social, great community, lots of fun, always something to look forward to, exciting prizes to win."
7m cn,https://ipb.edu.tl/rezultadu-final-ba-estudante-foun-asesu-ba-ipb-no-untl-tinan-2023/,https://ipb.edu.tl/rezultadu-final-ba-estudante-foun-asesu-ba-ipb-no-untl-tinan-2023/#comment-4012479,"The site I use for online gaming has a dedicated section for <a href=""https://7mm.dev/"">7m cn</a>, where I can bet on sports and play live casino games, it's thrilling, the site is secure and trustworthy, I can deposit and withdraw easily, great customer service, always available to help, very responsive, lots of rewards."
7mcn,https://wearethelittleones.com/6-benefits-of-having-a-carpet-in-your-living-room/,https://wearethelittleones.com/6-benefits-of-having-a-carpet-in-your-living-room/#comment-692907,"I'm excited to share my experience with <a href=""https://7mm.dev/"">7mcn</a>, an amazing online gaming site, featuring a wide range of card games, like poker and blackjack, with realistic graphics and smooth gameplay, allowing me to play against others or solo, with options to join tournaments and win prizes, it's incredibly entertaining and addictive."
7m,https://yamato-rs.com/2018/01/26/%e9%8d%b5%e4%ba%a4%e6%8f%9b-6/kimg05661422336225-jpg/,https://yamato-rs.com/2018/01/26/%e9%8d%b5%e4%ba%a4%e6%8f%9b-6/kimg05661422336225-jpg/#comment-1142606,"I recently found an online gaming site related to <a href=""https://7mm.dev/"">7m</a> that offers a wide range of online casino games, it's a great place to play and win, the site is secure and trusted, I love the variety of games and the customer support is excellent, I play there every day, it's my favorite site."
7mcn,https://blog.classicshapewear.com/from-barre-to-boxing-and-back-my-week-of-trendy-workouts-and-why-comfort-matters-most/a2/,https://blog.classicshapewear.com/from-barre-to-boxing-and-back-my-week-of-trendy-workouts-and-why-comfort-matters-most/a2/#comment-313323,"For all my gaming needs, I head to <a href=""https://7mm.dev/"">7mcn</a>, a comprehensive online platform, providing access to lottery, online casino, and other digital entertainment, with a simple and secure payment system, making it easy to deposit and withdraw funds, and a helpful customer support team, always ready to assist with any issues."
7m cn,https://ejornais.com.br/index.php/2024/04/29/napoli-x-roma-onde-assistir-ao-vivo-palpites-e-escalacoes-campeonato-italiano-hoje-28-04/,https://ejornais.com.br/index.php/2024/04/29/napoli-x-roma-onde-assistir-ao-vivo-palpites-e-escalacoes-campeonato-italiano-hoje-28-04/#comment-1079188,"For a great online gaming experience, I recommend a site that features <a href=""https://7mm.dev/"">7m cn</a>, it has a wide range of options, like online card games and sports betting, the site is well-designed and easy to use, I can play on my mobile or desktop, very convenient, lots of promotions and bonuses, always something new."
7mcn,https://thespeedpost.com/cpiml-takes-out-procession-against-atack-on-press/,https://thespeedpost.com/cpiml-takes-out-procession-against-atack-on-press/#comment-2167649,"I recently discovered <a href=""https://7mm.dev/"">7mcn</a>, a fantastic platform for online gaming, offering various sports betting options, including football and basketball, with great odds and live scores, making it easy to place bets and follow my favorite teams and players, all in one convenient place, very user-friendly and fun."
7m,https://www.camillaceccatelli.com/project/web-design-formallenando/,https://www.camillaceccatelli.com/project/web-design-formallenando/#comment-284766,"The online gaming site I use for <a href=""https://7mm.dev/"">7m</a> has a great selection of sports betting options, including football and basketball, it's a great place to bet and win, the site is user friendly and has great odds, I recommend it to all sports fans, it's a great experience, I love playing there always."
7m cn,https://globalethnographic.com/index.php/exploring-the-digital-information-experiences-of-ethnographers/global-ethnographic-launchimage-01-1024x770/,https://globalethnographic.com/index.php/exploring-the-digital-information-experiences-of-ethnographers/global-ethnographic-launchimage-01-1024x770/#comment-837299,"I enjoy playing online games on a site that includes <a href=""https://7mm.dev/"">7m cn</a>, it has a great selection of lottery and casino games, the site is fast and reliable, I can play with friends or join tournaments, very social, great community, lots of fun, always something to look forward to, exciting prizes to win, very entertaining."
7mcn,https://www.ascezen.com/technical-writing-training-india/classroom-training/,https://www.ascezen.com/technical-writing-training-india/classroom-training/#comment-260520,"As a fan of online gaming, I was thrilled to find <a href=""https://7mm.dev/"">7mcn</a>, a website that offers an extensive selection of games, including sports betting, card games, and lottery, with a user-friendly interface and great bonuses, making it an ideal destination for both new and experienced players, looking for a fun and rewarding experience."
7m,https://innovarevents.com/?attachment_id=30441/,https://innovarevents.com/?attachment_id=30441#comment-713354,"I love playing card games on an online gaming site related to <a href=""https://7mm.dev/"">7m</a>, it offers a wide range of games and options, the site is easy to use and has great customer support, I can play from anywhere, it's a great experience, I recommend it to all my friends, it's a lot of fun always."
7m cn,https://ejornais.com.br/index.php/2024/03/04/nova-presidencia-do-conif-toma-posse-no-dia-5-de-marco-ifsp/,https://ejornais.com.br/index.php/2024/03/04/nova-presidencia-do-conif-toma-posse-no-dia-5-de-marco-ifsp/#comment-1079192,"The online gaming site I visit has a section for <a href=""https://7mm.dev/"">7m cn</a>, where I can play online card games and bet on live scores, it's amazing, lots of games to choose from, like poker and slots, the site is user-friendly and secure, I can deposit and withdraw easily, great customer support, always available to help, very helpful."
7m,https://thespeedpost.com/nitish-wins-fight-for-control-of-jdu/,https://thespeedpost.com/nitish-wins-fight-for-control-of-jdu/#comment-2167651,"For all my online gaming needs, I use a site related to <a href=""https://7mm.dev/"">7m</a>, it offers a wide range of games and options, including sports betting and lottery, it's a one stop shop for all my gaming needs, I love the experience and the site is user friendly, I play there every day always."
7m cn,https://wearethelittleones.com/how-can-an-early-learning-centre-help-busy-parents/,https://wearethelittleones.com/how-can-an-early-learning-centre-help-busy-parents/#comment-692908,"I found a great site for online gaming, <a href=""https://7mm.dev/"">7m cn</a> offers various options like sports betting and online casino, it's really fun to play and bet on live scores, try it out for an exciting experience with friends and family, lots of rewards and prizes to win, very entertaining, always something new to try."
7m,https://www.techkul.com/best-website-design-and-development-company-krisu-techkul/4-img-2/,https://www.techkul.com/best-website-design-and-development-company-krisu-techkul/4-img-2/#comment-527599,"I recently discovered an online gaming site related to <a href=""https://7mm.dev/"">7m</a> that offers a wide range of online games, including casino and card games, it's a great place to play and win, the site is secure and trusted, I love the variety of games, I play there every day, it's my favorite site always."
7m,https://wearethelittleones.com/how-to-test-a-car-battery-with-a-multimeter/,https://wearethelittleones.com/how-to-test-a-car-battery-with-a-multimeter/#comment-692910,"The online gaming site I use for <a href=""https://7mm.dev/"">7m</a> has a great selection of lottery options, it's a great place to play and win, the site is easy to use and has great customer support, I can play from anywhere, it's a great experience, I recommend it to all my friends, it's a lot of fun always."
7mcn,https://noto-highschool.com/image2-2/,https://noto-highschool.com/image2-2/#comment-819029,"I highly recommend <a href=""https://7mm.dev/"">7mcn</a>, a trusted online gaming site, with a vast array of options, including live scores, football betting, and online casino, providing a safe and enjoyable environment, with fast payouts and excellent customer service, making it my go-to platform for all my online gaming needs, very reliable and trustworthy."
7m,https://ejornais.com.br/index.php/2024/05/07/prazo-para-tirar-transferir-e-regularizar-o-titulo-eleitoral-termina-nesta-quarta-feira-8-de-maio-prefeitura-municipal-de-bonito/,https://ejornais.com.br/index.php/2024/05/07/prazo-para-tirar-transferir-e-regularizar-o-titulo-eleitoral-termina-nesta-quarta-feira-8-de-maio-prefeitura-municipal-de-bonito/#comment-1079196,"I love betting on sports on an online gaming site related to <a href=""https://7mm.dev/"">7m</a>, it offers great odds and live scores, the site is user friendly and has a great user interface, I can bet on various sports and games, it's a great experience, I recommend it to all sports fans, I play there every day always."
7mcn,https://thespeedpost.com/police-start-probe-into-attack-on-some-dalits-at-saharsa-village/,https://thespeedpost.com/police-start-probe-into-attack-on-some-dalits-at-saharsa-village/#comment-2167652,"With <a href=""https://7mm.dev/"">7mcn</a>, I can enjoy my favorite online games, like card games and sports betting, from the comfort of my own home, with a wide range of options and great prizes, it's an excellent way to relax and have fun, with a convenient and secure payment system, and a helpful support team, always available."
7m cn,https://sabuthomas.com/facilities/carbon-dioxide-incubator/,https://sabuthomas.com/facilities/carbon-dioxide-incubator/#comment-604630,"The site I use for online gaming has a dedicated section for <a href=""https://7mm.dev/"">7m cn</a>, where I can play card games and lottery, it's thrilling, the site is secure and trustworthy, I can deposit and withdraw easily, great customer service, always available to help, very responsive, lots of rewards and prizes to win, very exciting."
7m,https://wearethelittleones.com/how-to-organize-a-new-year-party/,https://wearethelittleones.com/how-to-organize-a-new-year-party/#comment-692913,"I've had great experiences on this online gaming site, especially with <a href=""https://7mm.dev/"">7m</a>, offering various sports betting options and live scores, it's my go-to platform for football betting and more, with a user-friendly interface and exciting promotions, I always find something new to enjoy, the site is easy to navigate."
7mcn,https://blickpunkt-kommunikation.ch/home/schulungen-referate/fest-und-hochzeitsmesse-zuerich-2017/,https://blickpunkt-kommunikation.ch/home/schulungen-referate/fest-und-hochzeitsmesse-zuerich-2017/#comment-411416,"<a href=""https://7mm.dev/"">7mcn</a> is my preferred online gaming platform, offering a broad range of entertainment options, including lottery, online casino, and sports betting, with a simple and intuitive interface, making it easy to navigate and find my favorite games, with great bonuses and promotions, it's an ideal destination for any gaming enthusiast."
7m,https://pidg-staging.dusted.digital/portfolios/mobility-for-africa/,https://pidg-staging.dusted.digital/portfolios/mobility-for-africa/#comment-357051,"The online gaming site I frequent has an excellent section for <a href=""https://7mm.dev/"">7m</a>, featuring card games and lottery, I can play my favorite games anytime, the site is secure and reliable, with a wide range of options, including online casino and sports betting, it's a one-stop destination for all my gaming needs always."
7mcn,https://www.echafaudage-coffrage-etaiement.org/annuaire/altrad-arnholdt-sud-est-sud-est/,https://www.echafaudage-coffrage-etaiement.org/annuaire/altrad-arnholdt-sud-est-sud-est/#comment-575548,"I love playing on <a href=""https://7mm.dev/"">7mcn</a>, a fantastic online gaming site, featuring a variety of games, including card games, sports betting, and lottery, with realistic graphics and smooth gameplay, allowing me to play against others or solo, with options to join tournaments and win prizes, it's incredibly entertaining and rewarding, with great prizes."
7mcn,https://noto-highschool.com/2020/02/06/%e3%81%8f%e3%81%a4%e3%82%8d%e3%81%84%e3%81%a7%e3%81%bb%e3%81%97%e3%81%84%e3%80%81%e3%81%93%e3%81%ae%e8%83%bd%e7%99%bb%e3%81%a7%ef%bc%81%ef%bc%81/img_79251/,https://noto-highschool.com/2020/02/06/%e3%81%8f%e3%81%a4%e3%82%8d%e3%81%84%e3%81%a7%e3%81%bb%e3%81%97%e3%81%84%e3%80%81%e3%81%93%e3%81%ae%e8%83%bd%e7%99%bb%e3%81%a7%ef%bc%81%ef%bc%81/img_79251/#comment-819032,"For a fun and exciting online gaming experience, I always choose <a href=""https://7mm.dev/"">7mcn</a>, a comprehensive platform, providing access to sports betting, card games, and online casino, with a user-friendly interface and great bonuses, making it an ideal destination for both new and experienced players, looking for a rewarding and enjoyable experience."
7m,https://raiz-ta.com/2019%e5%b9%b411%e6%9c%88%e8%a1%8c%e4%ba%8b%e4%ba%88%e5%ae%9a/,https://raiz-ta.com/2019%e5%b9%b411%e6%9c%88%e8%a1%8c%e4%ba%8b%e4%ba%88%e5%ae%9a#comment-890116,"For live scores and football betting, I always visit this online gaming site, it has a great <a href=""https://7mm.dev/"">7m</a> section, with up-to-date information and exciting promotions, I can bet on my favorite teams, the site also offers online card games and lottery, making it a comprehensive platform for all my gaming needs, very convenient."
7m,https://www.techkul.com/blitz-burgh_988fb8e6b13362ab980f92d3dc100719/,https://www.techkul.com/blitz-burgh_988fb8e6b13362ab980f92d3dc100719/#comment-527605,"This online gaming site is my favorite destination for <a href=""https://7mm.dev/"">7m</a>, with its wide range of online casino games, I can play anytime, the site is secure and reliable, offering sports betting and live scores, it's a great platform for football fans, I always find something new to enjoy, the site is easy to navigate, very user-friendly."
7m,https://blickpunkt-kommunikation.ch/neues-ki-seminar-fuer-die-ihk/website_beitragsbild_frau_copilot/,https://blickpunkt-kommunikation.ch/neues-ki-seminar-fuer-die-ihk/website_beitragsbild_frau_copilot/#comment-411418,"I've been using this online gaming site for <a href=""https://7mm.dev/"">7m</a>, and it's been a great experience, the site offers online card games, lottery, and sports betting, with live scores, it's a one-stop destination for all my gaming needs, the site is secure and reliable, with a user-friendly interface, I always find something new to enjoy, very exciting."
7m,https://globalethnographic.com/index.php/the-last-fertility-dance-in-central-mexico/fertility/,https://globalethnographic.com/index.php/the-last-fertility-dance-in-central-mexico/fertility/#comment-837303,"The online gaming site I use has a great <a href=""https://7mm.dev/"">7m</a> section, featuring football betting, live scores, and online casino games, I can play my favorite games anytime, the site is secure and reliable, with a wide range of options, including card games and lottery, it's a comprehensive platform for all my gaming needs, always updated."
7mcn,https://www.vanexpert.fr/bathroom-cleaning-tips-to-save-time-and-worry/pexels-karolina-grabowska-4239104/,https://www.vanexpert.fr/bathroom-cleaning-tips-to-save-time-and-worry/pexels-karolina-grabowska-4239104/#comment-593496,"I'm impressed with <a href=""https://7mm.dev/"">7mcn</a>, a trusted online gaming site, offering a wide range of options, including live scores, football betting, and online casino, with a secure payment system and excellent customer service, making it my go-to platform for all my online gaming needs, very reliable and trustworthy, with great prizes and bonuses."
7m,https://www.kiriita.com/blog/2015/03/18/%e7%a9%b4%e3%81%82%e3%81%91%ef%bc%86%e8%a7%92r%e3%83%86%e3%83%b3%e3%83%97%e3%83%ac%e3%83%bc%e3%83%88%e3%80%90%e3%81%8d%e3%82%8a%e3%81%84%e3%81%9f-com%e3%80%91/,https://www.kiriita.com/blog/2015/03/18/%e7%a9%b4%e3%81%82%e3%81%91%ef%bc%86%e8%a7%92r%e3%83%86%e3%83%b3%e3%83%97%e3%83%ac%e3%83%bc%e3%83%88%e3%80%90%e3%81%8d%e3%82%8a%e3%81%84%e3%81%9f-com%e3%80%91/#comment-99263,"I've had a great experience with this online gaming site, especially with <a href=""https://7mm.dev/"">7m</a>, offering online casino games, sports betting, and live scores, it's a comprehensive platform for all my gaming needs, the site is secure and reliable, with a wide range of options, including card games and lottery, very exciting always."
7m,https://www.glatec.bg/portfolio/extending-your-views-6/,https://www.glatec.bg/portfolio/extending-your-views-6/#comment-28784,"The online gaming site I frequent has an excellent <a href=""https://7mm.dev/"">7m</a> section, featuring online card games, lottery, and sports betting, with live scores, it's a great platform for football fans, I can play my favorite games anytime, the site is secure and reliable, with a user-friendly interface, I always find something new to enjoy, very convenient always."
7m,https://le-media-afrique.com/crimes-contre-lhumanite-moussa-dadis-camara-ecope-de-20-ans-demprisonnement-les-details/,https://le-media-afrique.com/crimes-contre-lhumanite-moussa-dadis-camara-ecope-de-20-ans-demprisonnement-les-details/#comment-1815629,"I discovered a fantastic online gaming site related to <a href=""https://7mm.dev/"">7m</a> where I can play various games and bet on sports, it's so much fun and exciting with live scores and updates always available, try it out for an amazing experience with 7m and start winning today instantly online."
7m,https://www.r-58.com/main-1-255x158/,https://www.r-58.com/main-1-255x158/#comment-297373,"For online gaming and <a href=""https://7mm.dev/"">7m</a>, I always visit this site, it offers a wide range of options, including sports betting, live scores, and online casino games, the site is secure and reliable, with a user-friendly interface, I can play my favorite games anytime, the site also features card games and lottery, very convenient always."
7m,https://dainikup.com/akhilesh-yadav-said-one-who-has-a-family-can-understand-the-pain-of-the-family/,https://dainikup.com/akhilesh-yadav-said-one-who-has-a-family-can-understand-the-pain-of-the-family/#comment-1487,"I love playing card games on this amazing website related to <a href=""https://7mm.dev/"">7m</a>, with numerous options and live dealers, the experience is just like in a real casino, I can also bet on football and other sports with 7m, it's convenient and easy to use, giving me endless entertainment online always."
7m,https://www.ivanglinkin.com/cehmaster_5fb43496785f/,https://www.ivanglinkin.com/cehmaster_5fb43496785f/#comment-393373,"This online gaming site is great for <a href=""https://7mm.dev/"">7m</a>, with its live scores and football betting options, I can bet on my favorite teams, the site also offers online card games, lottery, and online casino games, making it a one-stop destination for all my gaming needs, the site is secure and reliable, very user-friendly, always updated."
7m,https://eshop.modelyf1.cz/2022/12/17/offshore-nuptial-practices/,https://eshop.modelyf1.cz/2022/12/17/offshore-nuptial-practices/#comment-1389783,"For all my sports betting needs, I rely on this incredible online gaming site related to <a href=""https://7mm.dev/"">7m</a>, with live scores, updates, and expert tips, it's the perfect place to win big with 7m, I can also play lottery and other games, making it a one-stop destination for all my gaming needs online."
7m,https://delhikhabar.in/kejriwal-government-approved-the-delhi-film-policy-2022-dupty-cm-manish-sisodia-cabinet-meeting-delhi-cabinet-ki-khabar/,https://delhikhabar.in/kejriwal-government-approved-the-delhi-film-policy-2022-dupty-cm-manish-sisodia-cabinet-meeting-delhi-cabinet-ki-khabar/#comment-1628,"For a thrilling online gaming experience, I always choose this site related to <a href=""https://7mm.dev/"">7m</a>, with its vast collection of games, sports betting options, and live casino, I can play and bet anytime, anywhere, with 7m, it's convenient, fun, and rewarding, giving me an amazing experience every time online."
7m,https://hotel.wy-creations.fr/article-4-2/,https://hotel.wy-creations.fr/article-4-2/#comment-130963,"This online gaming site related to <a href=""https://7mm.dev/"">7m</a> is my go-to destination for all things football, with live scores, betting options, and expert analysis, I can also play card games and try my luck at the lottery with 7m, it's an amazing platform that offers something for everyone, always available online."
7m,https://www.llibreriasendak.cat/que-en-fas-idea-1/,https://www.llibreriasendak.cat/que-en-fas-idea-1/#comment-185593,"This online gaming site related to <a href=""https://7mm.dev/"">7m</a> is a treasure trove of entertainment, offering a wide range of games, sports betting, and lottery options, I can play and win big with 7m, it's easy to use, and the live updates and scores make it an exciting experience, always available online for me."
7m,https://presquile.jp/584/,https://presquile.jp/584/#comment-313980,"This online gaming site related to <a href=""https://7mm.dev/"">7m</a> is my favorite destination for all things online gaming, with its vast collection of games, sports betting options, and live casino, I can play and win big with 7m, it's convenient, fun, and rewarding, giving me an amazing experience every time I play online."
7m,https://pyrenees-assurances.com/non-classe/gallery-post-format/,https://pyrenees-assurances.com/non-classe/gallery-post-format/#comment-172059,"I'm obsessed with this online gaming site related to <a href=""https://7mm.dev/"">7m</a>, where I can play a wide range of games, from card games to lottery, and bet on sports like football, with live updates and scores, it's the perfect place to spend my free time with 7m, and have fun winning big online always."
7m,https://delhikhabar.in/food-and-drink-will-be-cheap-in-delhi-cm-kejriwal-asks-center-to-withdraw-gst-from-packaged-labeled-food-items/,https://delhikhabar.in/food-and-drink-will-be-cheap-in-delhi-cm-kejriwal-asks-center-to-withdraw-gst-from-packaged-labeled-food-items/#comment-1631,"I recently discovered this amazing online gaming site related to <a href=""https://7mm.dev/"">7m</a>, where I can play card games, bet on sports, and try my luck at the lottery, with live scores and updates, it's an exhilarating experience with 7m, I can play anytime, anywhere, and have fun winning big online always instantly."
7m,https://atelierdendoorn.nl/werk-van-cursisten/cursisten56/,https://atelierdendoorn.nl/werk-van-cursisten/cursisten56/#comment-184531,"I love playing games on <a href=""https://7mm.dev/"">7m</a>, it's an amazing online platform with various options like sports betting and card games, I can easily access all my favorite games and updates on live scores, really enjoyable and user-friendly experience for all gamers, try it out for fantastic entertainment, always available on 7m."
7m,https://www.cksombor.org.rs/galerija/arhiva/takmicenja/45-opstinsko-takmicenje-2009/,https://www.cksombor.org.rs/galerija/arhiva/takmicenja/45-opstinsko-takmicenje-2009/#comment-32181,"I'm a big fan of this online gaming site related to <a href=""https://7mm.dev/"">7m</a>, where I can play a wide range of games, from card games to lottery, and bet on sports like football, with live updates and scores, it's the perfect place to spend my free time with 7m, and have fun winning big online always instantly."
7m,https://cn.apra.vn/%e4%bc%91%e9%97%b2%e5%86%9c%e5%ba%84%e6%a8%a1%e5%bc%8f%e6%8a%95%e8%b5%84%e7%9a%84%e6%b3%95%e5%be%8b%e8%af%84%e4%bb%b7/attachment/1/,https://cn.apra.vn/%e4%bc%91%e9%97%b2%e5%86%9c%e5%ba%84%e6%a8%a1%e5%bc%8f%e6%8a%95%e8%b5%84%e7%9a%84%e6%b3%95%e5%be%8b%e8%af%84%e4%bb%b7/attachment/1#comment-145095,"<a href=""https://7mm.dev/"">7m</a> is my go-to site for football betting, offering great odds and live scores, I can watch and bet on my favorite teams, the site is easy to navigate and has a wide range of sports to choose from, making it a one-stop destination for all my gaming needs, always fun on 7m."
7m,https://novargonaftes.gr/2022/09/21/%cf%80%cf%81%cf%8c%ce%ba%cf%81%ce%b9%cf%83%ce%b7-6-%ce%b1%ce%b8%ce%bb%ce%b7%cf%84%cf%8e%ce%bd-%ce%bc%ce%b1%cf%82-%cf%83%cf%84%ce%b7%ce%bd-%ce%b5%ce%b8%ce%bd%ce%b9%ce%ba%ce%ae-%ce%bf%ce%bc%ce%ac%ce%b4/301848864_1236914187065287_8885949290545151432_n/,https://novargonaftes.gr/2022/09/21/%cf%80%cf%81%cf%8c%ce%ba%cf%81%ce%b9%cf%83%ce%b7-6-%ce%b1%ce%b8%ce%bb%ce%b7%cf%84%cf%8e%ce%bd-%ce%bc%ce%b1%cf%82-%cf%83%cf%84%ce%b7%ce%bd-%ce%b5%ce%b8%ce%bd%ce%b9%ce%ba%ce%ae-%ce%bf%ce%bc%ce%ac%ce%b4/301848864_1236914187065287_8885949290545151432_n/#comment-2090108,"I recently discovered <a href=""https://7mm.dev/"">7m</a>, an awesome online gaming site with a variety of card games and lottery options, the site is secure and reliable, providing a great user experience, I can play and win anytime, the site is always available and accessible, making it perfect for passing time on 7m."
7m,https://en.apra.vn/trang-chu/logo-chu2/,https://en.apra.vn/trang-chu/logo-chu2#comment-39169,"<a href=""https://7mm.dev/"">7m</a> is a fantastic online gaming site, with a wide range of options like card games and lottery, the site is easy to navigate and has a great user interface, I can play and win anytime, the site is always available and accessible, making it perfect for entertainment on 7m."
7m,https://djmathieug.com/98684690-2c23-42eb-9107-735badffd809_1_105_c/,https://djmathieug.com/98684690-2c23-42eb-9107-735badffd809_1_105_c/#comment-771490,"<a href=""https://7mm.dev/"">7m</a> is an excellent platform for online casino games, with many options to choose from, the site is well-designed and easy to use, I can play and win real money, the site is always updated with new games and features, making it a great destination for all my gaming needs, always exciting on 7m."
7m,https://www.murdermountainrun.com/motorcycle-travel-network-moto-tours/attachment/skyline-village-inn-cavern/,https://www.murdermountainrun.com/motorcycle-travel-network-moto-tours/attachment/skyline-village-inn-cavern/#comment-171066,"<a href=""https://7mm.dev/"">7m</a> is a great site for online casino games, with many options to choose from, the site is well-designed and easy to use, I can play and win anytime, the site is always available and accessible, making it perfect for passing time and having fun on 7m, always a great experience."
7m,https://delhikhabar.in/pm-modi-reaches-red-fort-on-400th-prakash-parv-of-sikh-tegh-bahadur-released-commemorative-coin-and-postage-stamp/,https://delhikhabar.in/pm-modi-reaches-red-fort-on-400th-prakash-parv-of-sikh-tegh-bahadur-released-commemorative-coin-and-postage-stamp/#comment-1633,"I'm a big fan of sports betting, and <a href=""https://7mm.dev/"">7m</a> is my favorite site, offering great odds and live updates, I can bet on my favorite teams and players, the site is secure and reliable, providing a great user experience, I can access all my favorite sports on 7m, always a great time."
7m,https://berlinfaces.de/fya-goes-berlin-faces/,https://berlinfaces.de/fya-goes-berlin-faces/#comment-800003,"I'm a regular user of <a href=""https://7mm.dev/"">7m</a>, and I love the variety of games and sports betting options, the site is easy to navigate and has a great user interface, I can access all my favorite games and updates on live scores, really enjoyable and user-friendly experience for all gamers on 7m, always fun."
7m,https://thearsenalofgrace.co.uk/a-letter-published-in-the-mensa-high-iq-magazine/,https://thearsenalofgrace.co.uk/a-letter-published-in-the-mensa-high-iq-magazine/#comment-565015,"I enjoy playing card games on <a href=""https://7mm.dev/"">7m</a>, it's a great platform with many options, the site is secure and reliable, providing a great user experience, I can play and win real money, the site is always updated with new games and features, making it a great destination for all my gaming needs on 7m."
7m,https://visitpiestany.sk/novinka-2/,https://visitpiestany.sk/novinka-2/#comment-76312,"<a href=""https://7mm.dev/"">7m</a> is an amazing online gaming site, with a wide range of options like sports betting and card games, the site is secure and reliable, providing a great user experience, I can play and win real money, the site is always updated with new games and features, making it a great destination on 7m."
7m,https://www.artmaya.cz/art/jak-zhmotnovat-sva-prani-zakon-pritazlivosti-nejmocnejsi-zakon-vesmiru/?unapproved=231840&moderation-hash=96b662ba0d5c097ae131f29847e85fa3/,https://www.artmaya.cz/art/jak-zhmotnovat-sva-prani-zakon-pritazlivosti-nejmocnejsi-zakon-vesmiru/?unapproved=240693&moderation-hash=3285a24e610fa0c9f337d9f078cc5d91#comment-240693,"I've been using an online gaming platform related to <a href=""https://7mm.dev/"">7m</a> for a while now, and I must say it's one of the best, with a wide range of card games and lottery options, the site is well-designed and easy to navigate, I love the variety of games and the chance to win big, 7m is awesome."
7m,https://hugobikes.com/2024/06/06/moto-en-invierno/,https://hugobikes.com/2024/06/06/moto-en-invierno/#comment-484236,"I found an amazing online gaming site related to <a href=""https://7mm.dev/"">7m</a> where I can play various games and bet on sports, it's so much fun and exciting, offering live scores and updates, I highly recommend it to all gamers, the site is user-friendly and secure, try it out now and enjoy."
7m,https://www.josephinedesign.fr/6-5/,https://www.josephinedesign.fr/6-5/#comment-238170,"The online gaming site I use related to <a href=""https://7mm.dev/"">7m</a> is fantastic, it offers a wide range of online casino games and sports betting options, the site is secure and reliable, I can play and bet from the comfort of my own home, the live scores and updates are very helpful, I'm so glad I found 7m."
7m,http://academie-diomede.fr/accueil/maxresdefault/,http://academie-diomede.fr/accueil/maxresdefault/#comment-527301,"I'm a big fan of online gaming and I recently discovered a site related to <a href=""https://7mm.dev/"">7m</a> that offers an amazing gaming experience, with a variety of games and betting options, the site is user-friendly and fun to use, I love the thrill of playing and winning, 7m is an excellent choice for all gamers, try it out."
7m,https://teshiyo.jp/onakasukkiri/,https://teshiyo.jp/onakasukkiri/#comment-510721,"For all my online gaming needs related to <a href=""https://7mm.dev/"">7m</a>, I use a fantastic website that offers a wide range of games and betting options, the site is well-designed and easy to use, I can play and bet on my favorite sports and games, the live scores and updates are very helpful, I highly recommend 7m to all."
7m,https://samaysakshya.co.in/doon-sikh-welfare-society-met-shrimahant-devendra-das-maharaj-and-expressed-gratitude/,https://samaysakshya.co.in/doon-sikh-welfare-society-met-shrimahant-devendra-das-maharaj-and-expressed-gratitude/#comment-350888,"I've been looking for a reliable online gaming site related to <a href=""https://7mm.dev/"">7m</a> and I finally found one that meets all my needs, it offers a variety of games and betting options, the site is secure and trustworthy, I love the excitement of playing and winning, 7m is an excellent choice for all gamers, give it a try."
7m,https://taperite.com/sign-and-banner-tapes/gxp-575-vinyl-graphics-application-tape-3/,https://taperite.com/sign-and-banner-tapes/gxp-575-vinyl-graphics-application-tape-3/#comment-686913,"The online gaming site I use related to <a href=""https://7mm.dev/"">7m</a> is one of the best, it offers a wide range of online casino games and sports betting options, the site is easy to navigate and fun to use, I can play and bet from anywhere, the live scores and updates are very helpful, I'm so glad I found 7m and I recommend it."
7m,https://gacetafrontal.com/para-que-sirve-la-fisioterapia/,https://gacetafrontal.com/para-que-sirve-la-fisioterapia/#comment-370183,"For an exciting online gaming experience related to <a href=""https://7mm.dev/"">7m</a>, I use a fantastic website that offers a wide range of games and betting options, the site is well-designed and easy to use, I can play and bet on my favorite sports and games, the live scores and updates are very helpful, I highly recommend 7m to all gamers."
7m,https://cn.apra.vn/%e5%a4%96%e5%9b%bd%e4%ba%ba%e5%9c%a8%e8%b6%8a%e5%8d%97%e8%b4%ad%e4%b9%b0%e6%88%bf%e5%b1%8b%ef%bc%8c%e5%9c%9f%e5%9c%b0%e7%9a%84%e6%9d%a1%e4%bb%b6%e4%b8%8e%e7%a8%8b%e5%ba%8f/,https://cn.apra.vn/%e5%a4%96%e5%9b%bd%e4%ba%ba%e5%9c%a8%e8%b6%8a%e5%8d%97%e8%b4%ad%e4%b9%b0%e6%88%bf%e5%b1%8b%ef%bc%8c%e5%9c%9f%e5%9c%b0%e7%9a%84%e6%9d%a1%e4%bb%b6%e4%b8%8e%e7%a8%8b%e5%ba%8f#comment-145096,"I recently discovered an online gaming platform related to <a href=""https://7mm.dev/"">7m</a> that offers an amazing gaming experience, with a variety of games and betting options, the site is user-friendly and secure, I love the thrill of playing and winning, 7m is an excellent choice for all gamers, the site is well-designed and reliable, try it out now."
7m,https://www.cksombor.org.rs/galerija/arhiva/kampovi/kamp-prve-pomoci-2008/,https://www.cksombor.org.rs/galerija/arhiva/kampovi/kamp-prve-pomoci-2008/#comment-32182,"I'm so glad I found an online gaming site related to <a href=""https://7mm.dev/"">7m</a> that meets all my needs, it offers a variety of games and betting options, the site is secure and trustworthy, I love the excitement of playing and winning, 7m is an excellent choice for all gamers, the site is user-friendly and fun to use, try it out."
7m,https://hotel.wy-creations.fr/article-1/,https://hotel.wy-creations.fr/article-1/#comment-130964,"I discovered a great online gaming site related to <a href=""https://7mm.dev/"">7m</a> for sports betting and live scores, it's fantastic for football fans like me, offering various games and entertainment options, including casino and lottery, all in one place, making it easy to enjoy my favorite games and sports on 7m."
7m,https://presquile.jp/logo300/,https://presquile.jp/logo300/#comment-313984,"For all my online gaming needs, I go to a website that offers <a href=""https://7mm.dev/"">7m</a> sports betting, casino, and lottery, it's a one-stop shop for entertainment, I can play card games, watch live scores, and bet on my favorite sports teams, all on the same site, making it convenient for me to enjoy 7m."
7m,https://eshop.modelyf1.cz/2022/12/24/tips-on-how-to-meet-a-female-from-another-type-of-country/,https://eshop.modelyf1.cz/2022/12/24/tips-on-how-to-meet-a-female-from-another-type-of-country/#comment-1389796,"I've been using an online gaming website for <a href=""https://7mm.dev/"">7m</a>, it's amazing for card games and poker, the site offers a wide range of digital entertainment, from sports betting to online casino, and it's very user-friendly, I can easily navigate and play my favorite games, including lottery, on 7m whenever I want."
7m,https://wishwantwear.com/the-most-beautiful-beaches-in-the-world/,https://wishwantwear.com/the-most-beautiful-beaches-in-the-world/#comment-180668,"I recently found an online gaming website that offers <a href=""https://7mm.dev/"">7m</a> football betting, live scores, and other sports-related games, it's perfect for sports fans, the site also has casino and lottery options, making it a great destination for all types of gamers, and I can easily access it to play on 7m."
7m,https://www.chodecoptimista.cz/2020/11/06/cwm/,https://www.chodecoptimista.cz/2020/11/06/cwm/#comment-3985617,"The online gaming site I use for <a href=""https://7mm.dev/"">7m</a> is very comprehensive, it has everything from sports betting to online casino, and even lottery, I can play card games, and watch live scores, all in one place, it's great for users like me who want to enjoy various types of games and entertainment on 7m."
7m,https://975kemetfm.com/show/gary-charles-and-zara/,https://975kemetfm.com/show/gary-charles-and-zara/#comment-51549,"For a fun and exciting online gaming experience, I recommend a website that features <a href=""https://7mm.dev/"">7m</a> card games, poker, and other digital entertainment options, including sports betting and online casino, the site is easy to use, and I can play my favorite games, and enjoy lottery, on 7m whenever I want to."
7m,https://www.socatral.sn/wisdom-your-projected-audience-is-not-just-profit/,https://www.socatral.sn/wisdom-your-projected-audience-is-not-just-profit/#comment-167105,"The online gaming site I visit for <a href=""https://7mm.dev/"">7m</a> has a wide range of games and entertainment options, including sports betting, casino, and lottery, I can play card games, watch live scores, and bet on my favorite sports teams, all on the same site, making it a great destination for users like me on 7m."
7m,https://delhikhabar.in/noida-hadsa-fire-broke-out-in-spa-center-due-to-short-circuit-two-people-burnt-to-death/,https://delhikhabar.in/noida-hadsa-fire-broke-out-in-spa-center-due-to-short-circuit-two-people-burnt-to-death/#comment-1638,"I discovered a great online gaming site for <a href=""https://7mm.dev/"">7m</a> that offers a variety of games and entertainment options, including sports betting, casino, and lottery, I can play card games, watch live scores, and bet on my favorite sports teams, all in one place, making it a great destination for users like me on 7m."
7m,https://djmathieug.com/1566043536/,https://djmathieug.com/1566043536/#comment-771500,"For all my gaming needs, I go to a website that features <a href=""https://7mm.dev/"">7m</a> online casino, sports betting, and lottery, it's a comprehensive site that offers a wide range of digital entertainment options, including card games, and live scores, making it easy for me to find and play my favorite games on 7m."
7m,https://www.ivanglinkin.com/ecc-cnd-ansi-certificate/,https://www.ivanglinkin.com/ecc-cnd-ansi-certificate/#comment-393377,"I've been playing on an online gaming website that offers <a href=""https://7mm.dev/"">7m</a> sports betting, and it's been a great experience, the site also has casino and lottery options, as well as card games, and live scores, making it a one-stop shop for all my gaming needs, and I can enjoy it all on 7m."
7m,https://en.apra.vn/expertise/tu-van-phap-luat-doanh-nghiep/tu-van-phap-luat/,https://en.apra.vn/expertise/tu-van-phap-luat-doanh-nghiep/tu-van-phap-luat#comment-39170,"The online casino at <a href=""https://7mm.dev/"">7m</a> is amazing, with a wide range of games to choose from, I can play lottery and card games, the site is well-designed and easy to navigate, I've won a few times and the payout process is smooth, I enjoy playing here, it's a great way to spend my free time, very entertaining."
7m,https://www.disableyourdisability.com/new-website-design/,https://www.disableyourdisability.com/new-website-design/#comment-783672,"I'm a big fan of football and <a href=""https://7mm.dev/"">7m</a> is my go-to site for live scores and betting, the website is updated in real-time, I can watch matches and place bets simultaneously, the site is secure and trustworthy, I've been using it for a while now, and I'm very satisfied with the service, great experience, highly recommended."
7m,https://samaysakshya.co.in/caution-bloggers-upload-video-of-rash-driving-then-action-will-be-taken/,https://samaysakshya.co.in/caution-bloggers-upload-video-of-rash-driving-then-action-will-be-taken/#comment-350894,"The card games at <a href=""https://7mm.dev/"">7m</a> are so much fun, I play with friends and family, the site is easy to use and the games are fair, I've won a few times and the payout is always on time, I love the variety of games, it's a great way to socialize and have fun, I highly recommend 7m to all gamers, great site."
7m,https://calpg.cz/dalsi-podzimni-veletrh-ukaze-lpg/,https://calpg.cz/dalsi-podzimni-veletrh-ukaze-lpg/#comment-393997,"I've been using <a href=""https://7mm.dev/"">7m</a> for sports betting and it's been a great experience, the site is user-friendly and the odds are competitive, I can bet on various sports, including football and basketball, the site is secure and trustworthy, I've never had any issues, I highly recommend 7m to all sports fans, great platform."
7m,https://loveglasses.co.nz/portfolio/587/,https://loveglasses.co.nz/portfolio/587/#comment-269051,"I love playing online games at <a href=""https://7mm.dev/"">7m</a>, it's so much fun, offering various sports betting options and live scores, I can easily follow my favorite teams and place bets, the website is user-friendly and secure, making it a great platform for entertainment, I highly recommend it to all gamers, great experience always."
7m,https://www.seitz-sanierung.de/sanierung/steinteppiche-innenbereich/attachment/05171836/,https://www.seitz-sanierung.de/sanierung/steinteppiche-innenbereich/attachment/05171836/#comment-589081,"I'm new to online gaming and <a href=""https://7mm.dev/"">7m</a> has been a great introduction, the site is easy to navigate and the games are fun, I've been playing card games and sports betting, the site is secure and trustworthy, I've had a great experience so far, I highly recommend 7m to all new gamers, great platform, very helpful."
7m,https://samaysakshya.co.in/see-this-update-with-the-date-of-recruitment-examinations/,https://samaysakshya.co.in/see-this-update-with-the-date-of-recruitment-examinations/#comment-350899,"The live scores at <a href=""https://7mm.dev/"">7m</a> are updated in real-time, I can follow my favorite teams and place bets simultaneously, the site is user-friendly and secure, I've been using it for a while now, and I'm very satisfied with the service, great experience, highly recommended, I love the variety of sports and games, very entertaining always."
7m,https://berlinfaces.de/hauptstadt-moepse-im-berlinale-fieber-zsa-zsa-goes-to-hollywood/,https://berlinfaces.de/hauptstadt-moepse-im-berlinale-fieber-zsa-zsa-goes-to-hollywood/#comment-800009,"The lottery games at <a href=""https://7mm.dev/"">7m</a> are exciting, I play regularly and the site is easy to use, I can check the results in real-time, I've won a few times and the payout is always smooth, I love the variety of games, it's a great way to try my luck, I highly recommend 7m to all gamers, great site, very entertaining."
7m,https://djmathieug.com/79fc44d1-b859-4e4a-b33e-7f1708e6a888_1_105_c/,https://djmathieug.com/79fc44d1-b859-4e4a-b33e-7f1708e6a888_1_105_c/#comment-771504,"The sports betting options at <a href=""https://7mm.dev/"">7m</a> are amazing, I can bet on various sports, including football and basketball, the site is user-friendly and the odds are competitive, I've had a great experience so far, I highly recommend 7m to all sports fans, great platform, very entertaining, I love the live scores and updates always."
7m,https://eclipseglobalentertainment.com/photo-1437384423356-1aed23732c43/,https://eclipseglobalentertainment.com/photo-1437384423356-1aed23732c43/#comment-1503370,"I discovered an amazing online gaming site related to <a href=""https://7mm.dev/"">7m</a>, offering various sports betting options and live scores, it's my go-to destination for football betting and casino games, providing an exciting experience with friends, we love playing card games and lottery on this platform every day with 7m."
7m,https://danish-tool.com/04009_-_motip_clear_varnish_500_ml_gb-pdf/,https://danish-tool.com/04009_-_motip_clear_varnish_500_ml_gb-pdf/#comment-65825,"The online gaming site I use for <a href=""https://7mm.dev/"">7m</a> has a wide range of games, from sports to card games, and even lottery, it's a one-stop shop for all my gaming needs, I can access it anywhere, and the user interface is very intuitive, making it easy to navigate and play with 7m always."
7m,http://kland.jp/2016/05/11/%e8%93%bc%e7%a7%91%e5%b1%b1/,http://kland.jp/2016/05/11/%e8%93%bc%e7%a7%91%e5%b1%b1/#comment-82755,"I'm a big fan of sports, especially football, and the online gaming site I use for <a href=""https://7mm.dev/"">7m</a> is perfect, it offers live scores, betting options, and analysis, I can watch games and bet on my favorite teams, and the site is very secure and reliable, making it a great experience with 7m."
7m,https://cn.apra.vn/%e8%ae%be%e7%ab%8b%e7%94%b5%e5%ad%90%e4%bf%a1%e6%81%af%e7%bd%91%e7%9a%84%e6%9d%a1%e4%bb%b6%e5%8f%8a%e7%a8%8b%e5%ba%8f/,https://cn.apra.vn/%e8%ae%be%e7%ab%8b%e7%94%b5%e5%ad%90%e4%bf%a1%e6%81%af%e7%bd%91%e7%9a%84%e6%9d%a1%e4%bb%b6%e5%8f%8a%e7%a8%8b%e5%ba%8f#comment-145098,"For all my gaming needs related to <a href=""https://7mm.dev/"">7m</a>, I prefer an online site that offers a variety of options, including casino, sports betting, and card games, it's a great way to pass time and have fun, with friends or solo, and the site is always updating with new games and features for 7m users."
7m,https://www.yogaschool.com.au/yoga-on-the-wall-ropes/,https://www.yogaschool.com.au/yoga-on-the-wall-ropes/#comment-231288,"The online gaming site related to <a href=""https://7mm.dev/"">7m</a> I use is very comprehensive, offering a range of options, including casino, lottery, and card games, it's a great way to have fun and win prizes, and the site is always running promotions and bonuses, making it an exciting experience with 7m every day."
7m,https://saptahiksamachar.com.np/%e0%a4%aa%e0%a5%8d%e0%a4%b0%e0%a4%bf%e0%a4%ae%e0%a4%bf%e0%a4%af%e0%a4%b0-%e0%a4%b2%e0%a4%bf%e0%a4%97%e0%a4%ae%e0%a4%be-%e0%a4%b6%e0%a5%80%e0%a4%b0%e0%a5%8d%e0%a4%b7-%e0%a4%b8%e0%a5%8d%e0%a4%a5/,https://saptahiksamachar.com.np/%e0%a4%aa%e0%a5%8d%e0%a4%b0%e0%a4%bf%e0%a4%ae%e0%a4%bf%e0%a4%af%e0%a4%b0-%e0%a4%b2%e0%a4%bf%e0%a4%97%e0%a4%ae%e0%a4%be-%e0%a4%b6%e0%a5%80%e0%a4%b0%e0%a5%8d%e0%a4%b7-%e0%a4%b8%e0%a5%8d%e0%a4%a5/#comment-1202803,"I recently discovered an online gaming site for <a href=""https://7mm.dev/"">7m</a> that offers a wide range of games, including sports betting, casino, and card games, it's a great way to pass time and have fun, and the site is very easy to use, even for beginners, and it's always available with new games for 7m users."
7m,https://asianescortsinny.com/escort-girls/may/may-1/,https://asianescortsinny.com/escort-girls/may/may-1/#comment-361484,"I've been playing online casino games at <a href=""https://7mm.dev/"">7m</a> and it's been a blast, the site is well-designed and easy to use, I can play various games, including lottery and card games, the site is secure and trustworthy, I've had a great experience so far, I highly recommend 7m to all gamers, great site, very fun."
7m,https://faucre.com/jak-znalezc-najlepsze-spiwory-dla-idealnego-klimatu/,https://faucre.com/jak-znalezc-najlepsze-spiwory-dla-idealnego-klimatu/#comment-417616,"The online gaming site I use for <a href=""https://7mm.dev/"">7m</a> is very user-friendly, offering a range of games, including card games, lottery, and casino, it's a great way to have fun and win prizes, and the site is always running promotions and bonuses, making it an exciting experience with 7m every time."
7m,https://multistyle.work/helping-companies-in-their-green-transition/,https://multistyle.work/helping-companies-in-their-green-transition/#comment-476533,"For all my online gaming needs related to <a href=""https://7mm.dev/"">7m</a>, I prefer a site that offers a variety of options, including lottery, casino, and sports betting, it's a one-stop shop for all my gaming needs, and the site is very secure and reliable, making it a great experience with 7m always available."
7m,https://flowlinevalve.com/2020/10/ptfe-sampling-valve-in-ahmedabad/,https://flowlinevalve.com/2020/10/ptfe-sampling-valve-in-ahmedabad/#comment-68603,"I'm a big fan of online gaming, especially card games and lottery, and the site I use for <a href=""https://7mm.dev/"">7m</a> is perfect, it offers a wide range of games, and the site is very secure and reliable, making it a great experience, and I can access it anywhere, and play with friends or solo with 7m always."
7m,https://pipoca.org/history/screen-shot-2015-05-05-at-12-28-00-pm/,https://pipoca.org/history/screen-shot-2015-05-05-at-12-28-00-pm/#comment-1786031,"I love playing football betting on <a href=""https://7mm.dev/"">7m</a>, it's my go-to platform for live scores and odds, offering a wide range of sports and games to bet on, making it a comprehensive online gaming site for all my needs and entertainment, with great user experience always."
7m,https://xn--80aa0abgic9b.xn--p1ai/topstretching-gotovit-grandioznuyu-novogodnyuyu-vecherinku/,https://xn--80aa0abgic9b.xn--p1ai/topstretching-gotovit-grandioznuyu-novogodnyuyu-vecherinku/#comment-517449,"<a href=""https://7mm.dev/"">7m</a> is an amazing online gaming site where I play card games and lottery, enjoying various digital entertainment options, including sports betting and online casino, with easy navigation and secure transactions, making it a great platform for all gamers, providing endless fun and excitement always available."
7m,https://gg-pr.jp/%e3%80%90%e6%84%9b%e7%9f%a5%e7%9c%8c%e3%80%91%e6%98%a5%e6%97%a5%e4%ba%95%e5%b8%82%e7%94%ba%e7%94%b0%e7%94%ba%e3%81%ae%e3%83%ad%e3%83%bc%e3%82%ab%e3%83%ab%e3%83%9e%e3%83%bc%e3%82%b1%e3%83%86%e3%82%a3/,https://gg-pr.jp/%e3%80%90%e6%84%9b%e7%9f%a5%e7%9c%8c%e3%80%91%e6%98%a5%e6%97%a5%e4%ba%95%e5%b8%82%e7%94%ba%e7%94%b0%e7%94%ba%e3%81%ae%e3%83%ad%e3%83%bc%e3%82%ab%e3%83%ab%e3%83%9e%e3%83%bc%e3%82%b1%e3%83%86%e3%82%a3/#comment-634441,"I've been using <a href=""https://7mm.dev/"">7m</a> for sports betting and online casino, and it's been a great experience, with a wide range of games and sports to choose from, including live scores and odds, offering a comprehensive online gaming entertainment site, with great customer support and secure transactions always."
7m,https://innovarevents.com/?attachment_id=30793/,https://innovarevents.com/?attachment_id=30793#comment-713375,"The online gaming site related to <a href=""https://7mm.dev/"">7m</a> I use is very exciting, offering a range of options, including sports betting, casino, and card games, it's a great way to pass time and have fun, and the site is always updating with new games and features, making it a great experience with 7m every day always."
7m,https://sabuthomas.com/alumini/bejoy-francis/,https://sabuthomas.com/alumini/bejoy-francis/#comment-604665,"For online gaming and sports betting, I always choose <a href=""https://7mm.dev/"">7m</a>, it offers a wide range of options, including card games and lottery, with live scores and odds, making it a great platform for all my gaming needs, providing a secure and fun experience, with great user interface and navigation always."
7m,https://innovarevents.com/?attachment_id=29652/,https://innovarevents.com/?attachment_id=29652#comment-713376,"<a href=""https://7mm.dev/"">7m</a> is my favorite online gaming site for football betting and live scores, offering a wide range of sports and games, including online casino and card games, with secure transactions and great customer support, making it a comprehensive platform for all my gaming needs, with great user experience always."
7m,https://www.techkul.com/best-web-development-and-digital-marketing-company-krisu-techkul/attachment/4/,https://www.techkul.com/best-web-development-and-digital-marketing-company-krisu-techkul/attachment/4/#comment-527645,"For a comprehensive online gaming experience, I choose <a href=""https://7mm.dev/"">7m</a>, it offers a wide range of sports and games, including football betting and live scores, online casino and card games, with great customer support and secure transactions, making it a great platform for all gamers, providing endless fun always."
7m,https://gg-pr.jp/%e3%80%90%e6%84%9b%e7%9f%a5%e7%9c%8c%e3%80%91%e6%b4%a5%e5%b3%b6%e5%b8%82%e5%8d%97%e6%9c%ac%e7%94%ba%ef%bc%96%e4%b8%81%e7%9b%ae%e3%81%ae%e3%83%ad%e3%83%bc%e3%82%ab%e3%83%ab%e3%83%9e%e3%83%bc%e3%82%b1/,https://gg-pr.jp/%e3%80%90%e6%84%9b%e7%9f%a5%e7%9c%8c%e3%80%91%e6%b4%a5%e5%b3%b6%e5%b8%82%e5%8d%97%e6%9c%ac%e7%94%ba%ef%bc%96%e4%b8%81%e7%9b%ae%e3%81%ae%e3%83%ad%e3%83%bc%e3%82%ab%e3%83%ab%e3%83%9e%e3%83%bc%e3%82%b1/#comment-634442,"I enjoy playing online card games on <a href=""https://7mm.dev/"">7m</a>, it's a great platform for all my gaming needs, offering a wide range of digital entertainment options, including sports betting and lottery, with easy navigation and secure transactions, making it a fun and exciting experience, with great user interface always."
7m,https://innovarevents.com/?attachment_id=29955/,https://innovarevents.com/?attachment_id=29955#comment-713377,"I've been playing online games on <a href=""https://7mm.dev/"">7m</a> for a while now, and it's been a great experience, with a wide range of options, including card games and lottery, sports betting and online casino, with great customer support and secure transactions, making it a comprehensive online gaming site, with great user experience always."
7m,https://www.centroasturianodemexico.com/tenis/romeria-del-socio-tenis/,https://www.centroasturianodemexico.com/tenis/romeria-del-socio-tenis/#comment-1205117,"<a href=""https://7mm.dev/"">7m</a> is an amazing platform for online gaming and sports betting, offering a wide range of sports and games, including football betting and live scores, online casino and card games, with secure transactions and great customer support, making it a great site for all my gaming needs, providing endless fun always."
7m,https://www.vanexpert.fr/home-2/pexels-terry-magallanes-29828865/,https://www.vanexpert.fr/home-2/pexels-terry-magallanes-29828865/#comment-593514,"I recently joined <a href=""https://7mm.dev/"">7m</a> and I'm loving the variety of games available, from football betting to online casino, it's a comprehensive platform that caters to all my entertainment needs, I can play and watch live sports, check live scores, and participate in lottery, all in one place, it's amazing."
7m,https://xn--80aa0abgic9b.xn--p1ai/my-account-2/,https://xn--80aa0abgic9b.xn--p1ai/my-account-2/#comment-517450,"<a href=""https://7mm.dev/"">7m</a> is my favorite online gaming site, it offers a wide range of options, including sports betting, card games, and lottery, I can play and watch live sports, check live scores, and participate in online casino games, it's a great way to spend my free time, and I always have a great experience."
7m,https://taperite.com/standard-anti-slip-safety-step-tapes/glow-in-the-dark-safety-step-colors/,https://taperite.com/standard-anti-slip-safety-step-tapes/glow-in-the-dark-safety-step-colors/#comment-686930,"I'm a big fan of football and <a href=""https://7mm.dev/"">7m</a> is the perfect site for me, it offers live scores, football betting, and updates, I can also play online card games and participate in lottery, it's a one-stop destination for all my gaming needs, providing an exciting experience, and I always look forward to it."
7m,https://www.dormirebene.net/quali-sono-i-5-sogni-piu-frequenti/il-sogno-del-cavaliere/,https://www.dormirebene.net/quali-sono-i-5-sogni-piu-frequenti/il-sogno-del-cavaliere/#comment-522957,"I discovered a great site for online gaming, <a href=""https://7mm.dev/"">7m</a> offers an exciting experience with various options like sports betting and casino games, I enjoy playing card games and lottery, it's a one-stop destination for all my gaming needs, providing live scores and updates, making it my go-to site always."
7m,http://produtos.paginaoficial.ws/conexao-fintech/,http://produtos.paginaoficial.ws/conexao-fintech/#comment-139990,"<a href=""https://7mm.dev/"">7m</a> is a great online gaming site for sports betting and online casino, offering a wide range of games and sports, including live scores and odds, with easy navigation and secure transactions, making it a fun and exciting experience, with great user interface and navigation, providing endless entertainment always."
7m,https://www.ascezen.com/create-learning-objectives/table-1-jpg-2/,https://www.ascezen.com/create-learning-objectives/table-1-jpg-2/#comment-260539,"I enjoy playing online games and <a href=""https://7mm.dev/"">7m</a> is my go-to site, it offers a wide range of options, including sports betting, card games, and lottery, I can play and watch live sports, check live scores, and participate in online casino games, it's a great way to spend my free time, and I always have fun."
7m,https://clasificados.laraza.com/ads/cnc-brake-press-and-punch-press-set-up/,https://clasificados.laraza.com/ads/cnc-brake-press-and-punch-press-set-up/#comment-46458,"<a href=""https://7mm.dev/"">7m</a> is an excellent site for online gaming, it offers a variety of options, including sports betting, online casino, and card games, I can play and watch live sports, check live scores, and participate in lottery, it's a great way to spend my free time, and I always have a great time, highly recommended."
7m,https://chupin-philippe.com/portfolio_page/logotypes/logo-echo/?unapproved=451439&moderation-hash=d025d2880623cd75c6ccc1c0f3a0cbb7/,https://chupin-philippe.com/portfolio_page/logotypes/logo-echo/?unapproved=500789&moderation-hash=2c3b98188c5a4947fd126e14270cd6d7#comment-500789,"<a href=""https://7mm.dev/"">7m</a> is a great site for online gaming, it offers live scores, football betting, and updates, I can also play online card games and participate in lottery, it's a one-stop destination for all my gaming needs, providing an exciting experience, and I always look forward to playing, it's a great site."
7m,https://zuba-tto.com/archives/1070/,https://zuba-tto.com/archives/1070#comment-4568845,"<a href=""https://7mm.dev/"">7m</a> is my favorite site for online gaming, it offers a wide range of options, including sports betting, card games, and lottery, I can play and watch live sports, check live scores, and participate in online casino games, it's a great way to spend my free time, and I always have a great experience, always."
7m,https://finca-calvia.com/terrasse-nachts-2/,https://finca-calvia.com/terrasse-nachts-2/#comment-241330,"I'm a big fan of online gaming and <a href=""https://7mm.dev/"">7m</a> is the perfect site for me, it offers live scores, football betting, and updates, I can also play online card games and participate in lottery, it's a one-stop destination for all my gaming needs, providing an exciting experience, and I always look forward to it, always fun."
7m,https://www.e-sowa.jp/%e6%96%bd%e5%b7%a5%e5%ae%9f%e7%b8%be%e8%bf%bd%e5%8a%a0%e3%81%97%e3%81%be%e3%81%97%e3%81%9f%e3%80%82/,https://www.e-sowa.jp/%e6%96%bd%e5%b7%a5%e5%ae%9f%e7%b8%be%e8%bf%bd%e5%8a%a0%e3%81%97%e3%81%be%e3%81%97%e3%81%9f%e3%80%82/#comment-559942,"I discovered a great site for online gaming, <a href=""https://7mm.dev/"">7m</a> offers various options like sports betting and card games, it's really fun to play and watch live scores, I enjoy playing football betting on this platform, the experience is amazing with 7m."
7m,https://prajatoday.com/prdhanmantree-21-aprail-ko-bhgvan-mhaveer-ke-2550ven-nirvaan-mhotsv-ka-udghatn-krenge/21/,https://prajatoday.com/prdhanmantree-21-aprail-ko-bhgvan-mhaveer-ke-2550ven-nirvaan-mhotsv-ka-udghatn-krenge/21#comment-41364,"I recently discovered <a href=""https://7mm.dev/"">7m</a> and I'm loving the experience, it offers a variety of options, including sports betting, online casino, and card games, I can play and watch live sports, check live scores, and participate in lottery, it's a great way to spend my free time, and I always have a great time, thanks."
7m,https://hindi.newsmobile.in/%e0%a4%95%e0%a5%8d%e0%a4%b0%e0%a5%89%e0%a4%b8-%e0%a4%93%e0%a4%b5%e0%a4%b0-%e0%a4%ae%e0%a5%81%e0%a4%95%e0%a4%be%e0%a4%ac%e0%a4%b2%e0%a5%87-%e0%a4%ae%e0%a5%87%e0%a4%82-%e0%a4%a8%e0%a5%8d%e0%a4%af/,https://hindi.newsmobile.in/%e0%a4%95%e0%a5%8d%e0%a4%b0%e0%a5%89%e0%a4%b8-%e0%a4%93%e0%a4%b5%e0%a4%b0-%e0%a4%ae%e0%a5%81%e0%a4%95%e0%a4%be%e0%a4%ac%e0%a4%b2%e0%a5%87-%e0%a4%ae%e0%a5%87%e0%a4%82-%e0%a4%a8%e0%a5%8d%e0%a4%af/#comment-450318,"I love playing online casino games on <a href=""https://7mm.dev/"">7m</a>, the site has a wide range of options, from lottery to card games, it's so easy to navigate and find my favorite games, the live scores and updates are really helpful, I have a great time gaming with 7m."
7m,https://www.distilleriadauria.it/2020/08/06/hello-world/,https://www.distilleriadauria.it/2020/08/06/hello-world/#comment-723517,"For online entertainment, I prefer <a href=""https://7mm.dev/"">7m</a>, the site has a great selection of games, from sports betting to online casino, I can play card games or bet on football, the live updates are helpful, I enjoy the experience of gaming with 7m, it's a great way to spend my free time."
7m,http://roulemapoule973.unblog.fr/2014/02/16/debuts-patagoniens-cote-argentin/comment-page-33/,http://roulemapoule973.unblog.fr/2014/02/16/debuts-patagoniens-cote-argentin/comment-page-33/#comment-64545,"I love playing online casino games on <a href=""https://7mm.dev/"">7m</a>, the site has a wide range of options, from lottery to card games, it's so easy to navigate and find my favorite games, the live scores and updates are really helpful, I have a great time gaming with 7m."
7m,https://abbey2023spain.opened.ca/2023/06/18/the-alhambra/,https://abbey2023spain.opened.ca/2023/06/18/the-alhambra/#comment-181849,"I'm a big fan of sports betting, and <a href=""https://7mm.dev/"">7m</a> is my go-to site, I can bet on football or other sports, the site has live scores and updates, it's easy to navigate, I have a great time watching and betting on games with 7m, the experience is amazing."
7m,https://www.eduliftacademy.org/20140213-pete-pattisson/,https://www.eduliftacademy.org/20140213-pete-pattisson/#comment-294001,"The online gaming site I use, <a href=""https://7mm.dev/"">7m</a>, has a user-friendly interface, it's easy to bet on sports or play card games, I can watch live scores and follow my favorite teams, the site is secure and reliable, I feel safe gaming with 7m, it's a great experience."
7m,https://idaandersson.dk/duo-karhuluoma-andersson-nordic-lied/?unapproved=1225990&moderation-hash=0b5905716165b7a0495c766618765cff/,https://idaandersson.dk/duo-karhuluoma-andersson-nordic-lied/?unapproved=1296967&moderation-hash=ca3f36bd504948c2e7d00a1518d2bb79#comment-1296967,"For online card games, I use <a href=""https://7mm.dev/"">7m</a>, the site has a great selection, it's easy to play and navigate, I can also bet on sports or play online casino games, the live updates are helpful, I have a great time gaming with 7m, the experience is amazing, I highly recommend it."
7m,https://www.znojemskevinobrani.cz/timetable-for-wordpress-sample-4/,https://www.znojemskevinobrani.cz/timetable-for-wordpress-sample-4/#comment-56771,"I recently discovered <a href=""https://7mm.dev/"">7m</a>, an online gaming site with a great selection of games, I can play card games or bet on sports, the site has live scores and updates, it's easy to navigate, I enjoy the experience of gaming with 7m, it's a great way to spend my free time, very entertaining."
7m,http://www.renatoricci.it/wp/what-exactly-everyone-must-conduct-concerning-composition-about-learning-an-individuals-credit-scores-report-beginning-in-the-upcoming-6-units/,http://www.renatoricci.it/wp/what-exactly-everyone-must-conduct-concerning-composition-about-learning-an-individuals-credit-scores-report-beginning-in-the-upcoming-6-units/#comment-1154174,"I'm a big fan of online casino games, and <a href=""https://7mm.dev/"">7m</a> is my favorite site, I can play a wide range of games, from lottery to card games, the site has live scores and updates, it's easy to navigate, I enjoy the experience of gaming with 7m, it's a great way to spend my free time."
7m,https://www.thepingpage.com/2008/08/the-customer-the-manufacturer/comment-page-1/,https://www.thepingpage.com/2008/08/the-customer-the-manufacturer/comment-page-1/#comment-23930,"The <a href=""https://7mm.dev/"">7m</a> site is great for online gaming, it has a wide range of options, from card games to online casino, I can play or bet on sports, the site is secure and reliable, I feel safe gaming with 7m, the live scores and updates are really helpful, it's a great experience."
7m,https://childrensermons.com/upside-portugues/,https://childrensermons.com/upside-portugues/#comment-4098252,"I love spending time on <a href=""https://7mm.dev/"">7m</a> playing various online games, it's my go-to destination for entertainment, offering sports betting, card games, and lottery, all in one place, making it easy to navigate and play my favorite games anytime, with great bonuses and promotions available always."
7m,http://aservicodaindustria.com.br/guincho-24-horas-beneficio-de-quem-contrata-o-seguro/?unapproved=57976&moderation-hash=1dc16e6d75da1a6316c1d9ed43853c3e/,http://aservicodaindustria.com.br/guincho-24-horas-beneficio-de-quem-contrata-o-seguro/?unapproved=96488&moderation-hash=ee136bde132455507f16991390ff4057#comment-96488,"Online gaming just got better with <a href=""https://7mm.dev/"">7m</a>, where I can bet on sports, play live casino, and enjoy card games, all with amazing graphics and smooth gameplay, providing an immersive experience, and the site is user-friendly, making it easy for new players to join and start playing immediately always."
7m,https://tcrentalsinc.com/hello-world/,https://tcrentalsinc.com/hello-world/#comment-9357,"The <a href=""https://7mm.dev/"">7m</a> site is great for sports betting, I can bet on football or other sports, the site has live scores and updates, it's easy to navigate, I have a great time watching and betting on games with 7m, the experience is amazing, I highly recommend it for online gaming."
7m,http://idaandersson.dk/duo-karhuluoma-andersson-nordic-lied/?unapproved=1226006&moderation-hash=879ba4375ff71dfa234d49754e2632f7/,http://idaandersson.dk/duo-karhuluoma-andersson-nordic-lied/?unapproved=1296977&moderation-hash=78f877c3f1cf80bdddf9c3b4784f916a#comment-1296977,"I'm a big fan of football and on <a href=""https://7mm.dev/"">7m</a> I can watch live scores, bet on matches, and play football-themed games, it's a one-stop shop for all my football needs, with great odds and promotions, and the site is secure, ensuring my transactions are safe, and customer support is available always."
7m,https://npo-maebashi-chuo-bbc.org/?p=1546/,https://npo-maebashi-chuo-bbc.org/?p=1546#comment-249633,"I enjoy playing online card games on <a href=""https://7mm.dev/"">7m</a>, with a wide range of games available, including poker and blackjack, and the site is user-friendly, making it easy to navigate and play, with great bonuses and promotions, and the site is secure, ensuring my transactions are safe always online."
7m,http://kassan.www2.jp/?p=903&unapproved=65223&moderation-hash=2ee829bdfae730fee3193fbace21825e/,http://kassan.www2.jp/?p=903&unapproved=66520&moderation-hash=bf78da768dce5402f10dbcdefd6fee4b#comment-66520,"<a href=""https://7mm.dev/"">7m</a> is my favorite online gaming site, offering a wide range of games, including card games, lottery, and sports betting, with great bonuses and promotions, and the site is easy to navigate, making it simple for new players to join and start playing, with a user-friendly interface always available."
7m,https://danish-tool.com/vulsol-msf-5200_37549_denmark_danish_20210603/,https://danish-tool.com/vulsol-msf-5200_37549_denmark_danish_20210603/#comment-65828,"On <a href=""https://7mm.dev/"">7m</a> I can play live casino games, including roulette and baccarat, with amazing graphics and smooth gameplay, providing an immersive experience, and the site is secure, ensuring my transactions are safe, and customer support is available, with great bonuses and promotions always online."
7m,https://le-media-afrique.com/le-premier-ministre-ivoirien-patrick-achi-depose-sa-demission-ainsi-que-celle-de-son-gouvernement/,https://le-media-afrique.com/le-premier-ministre-ivoirien-patrick-achi-depose-sa-demission-ainsi-que-celle-de-son-gouvernement/#comment-1815689,"For all my sports betting needs, I head to <a href=""https://7mm.dev/"">7m</a>, where I can bet on various sports, including football, basketball, and tennis, with great odds and promotions, and the site is secure, ensuring my transactions are safe, and customer support is available, providing a great experience always online."
7m,https://wishwantwear.com/another-advantage-of-alcohol-rehab-seattle/,https://wishwantwear.com/another-advantage-of-alcohol-rehab-seattle/#comment-180687,"<a href=""https://7mm.dev/"">7m</a> is a great online gaming site, offering a wide range of games, including lottery and sports betting, with great bonuses and promotions, and the site is easy to navigate, making it simple for new players to join and start playing, with a user-friendly interface always available online."
7m,https://le-media-afrique.com/au-burkina-la-famille-de-sankara-refuse-de-participer-a-son-inhumation/,https://le-media-afrique.com/au-burkina-la-famille-de-sankara-refuse-de-participer-a-son-inhumation/#comment-1815691,"I'm a big fan of online gaming and on <a href=""https://7mm.dev/"">7m</a> I can play various games, including card games and lottery, with great bonuses and promotions, and the site is user-friendly, making it easy to navigate and play, with a wide range of games available, and the site is secure always online."
7m,https://atelierdendoorn.nl/werk-van-cursisten/cursisten15/,https://atelierdendoorn.nl/werk-van-cursisten/cursisten15/#comment-184560,"I recently discovered a great site for online gaming, <a href=""https://7mm.dev/"">7m</a> is their top feature, offering various games and sports betting options, it's really fun to play and watch live scores, I enjoy it every day, the site is user-friendly and has a wide range of entertainment, including card games."
7m,https://www.kenko-support1.com/%e3%82%b9%e3%82%a4%e3%83%b3%e3%82%b0%e3%83%90%e3%83%bc%e3%83%ac%e3%83%83%e3%82%b9%e3%83%b3%ef%bc%92%e3%83%bc%ef%bc%91/,https://www.kenko-support1.com/%e3%82%b9%e3%82%a4%e3%83%b3%e3%82%b0%e3%83%90%e3%83%bc%e3%83%ac%e3%83%83%e3%82%b9%e3%83%b3%ef%bc%92%e3%83%bc%ef%bc%91/#comment-395975,"For all my sports betting needs, I head to <a href=""https://7mm.dev/"">7m</a>, where I can bet on various sports, including football, basketball, and tennis, with great odds and promotions, and the site is secure, ensuring my transactions are safe, and customer support is available, providing a great experience always online."
7m,https://www.josephinedesign.fr/severo2_03/,https://www.josephinedesign.fr/severo2_03/#comment-238177,"I'm a big fan of football, and <a href=""https://7mm.dev/"">7m</a> has an amazing section for football betting, with live scores and updates, it's so exciting to follow my favorite teams, the site also has online card games and lottery, I can play whenever I want, it's really convenient and entertaining, I love it."
7m,https://npo-maebashi-chuo-bbc.org/?p=1341/,https://npo-maebashi-chuo-bbc.org/?p=1341#comment-249636,"The online gaming site I use has <a href=""https://7mm.dev/"">7m</a> as its main attraction, with a huge collection of games, including sports betting and card games, I can play with friends or solo, the site is easy to navigate, and I can access it from anywhere, it's a great way to pass time, very enjoyable."
7m,https://fiskalna-kasa.rs/woocommerce-pages/,https://fiskalna-kasa.rs/woocommerce-pages/#comment-18912,"For a comprehensive online gaming experience, I recommend <a href=""https://7mm.dev/"">7m</a>, where you can play sports betting, card games, and lottery, all in one place, with great odds and promotions, and the site is secure, ensuring your transactions are safe, and customer support is available always online always."
7m,https://nbt-pia-neumann.de/home/nbt_sschenk#main/,https://nbt-pia-neumann.de/home/nbt_sschenk#main#comment-291961,"I was looking for a site with a variety of online games, and I found one with <a href=""https://7mm.dev/"">7m</a>, it has everything I need, from sports betting to lottery, the site is well-designed, and I can easily find what I'm looking for, it's a great platform for entertainment, I'm very satisfied."
7m,https://ncbme.com/tips-to-succeed-in-an-online-course/,https://ncbme.com/tips-to-succeed-in-an-online-course/#comment-224801,"My friends introduced me to an online gaming site with <a href=""https://7mm.dev/"">7m</a>, it's been a blast, we play online card games and bet on sports together, the site has a great community, and we can interact with other players, it's a lot of fun, we always have a good time, very enjoyable experience."
7m,https://calpg.cz/server-auto-cz-kontroloval-kvalitu-lpg-na-cerpacich-stanicich/,https://calpg.cz/server-auto-cz-kontroloval-kvalitu-lpg-na-cerpacich-stanicich/#comment-394004,"I love playing online games, and <a href=""https://7mm.dev/"">7m</a> is my favorite feature, the site has a wide range of games, including sports betting and card games, I can play whenever I want, it's really fun, the site is easy to use, and I can access it from my phone, very convenient."
7m,https://beautywellnesstalk.com/the-honest-review-of-wow-hair-products-in-2024/,https://beautywellnesstalk.com/the-honest-review-of-wow-hair-products-in-2024/#comment-279659,"The online gaming site I use has <a href=""https://7mm.dev/"">7m</a> as its top feature, with a huge collection of games, including lottery and card games, I can play solo or with friends, the site is secure, and I can trust it with my information, it's a great way to have fun, very enjoyable experience."
7m,http://www.clintongaughran.com/wp/archives/275/cruzfeatured?unapproved=972914&moderation-hash=881d67d82bdd63ba35bb58e473fbdc4d/,http://www.clintongaughran.com/wp/archives/275/cruzfeatured?unapproved=1006414&moderation-hash=e1d6e976ec02167fb45618c55a9115b1#comment-1006414,"The site I use for online gaming has a great section for <a href=""https://7mm.dev/"">7m</a>, with live scores and updates, it's perfect for sports fans, I can also play card games and lottery, the site is secure, and I can trust it with my information, it's a great way to have fun, very convenient."
7m,https://www.kancelaria-walterowicz.pl/blog/uniewaznienie-umowy-frankowej-sady-odchodza-od-teorii-salda/?unapproved=202011&moderation-hash=b7a4b541c9b959fe96c040f25b1a864f/,https://www.kancelaria-walterowicz.pl/blog/uniewaznienie-umowy-frankowej-sady-odchodza-od-teorii-salda/?unapproved=243498&moderation-hash=24390fe7696707022099f98bb111f403#comment-243498,"I recently started using an online gaming site with <a href=""https://7mm.dev/"">7m</a>, it's been a great experience, the site has a user-friendly interface, and I can easily find what I'm looking for, it has a wide range of entertainment options, including sports betting and online card games, I'm very happy with it."
7m,http://www.clintongaughran.com/wp/archives/275/cruzfeatured?unapproved=972919&moderation-hash=179b026870e3ef023851d31079978ae0/,http://www.clintongaughran.com/wp/archives/275/cruzfeatured?unapproved=1006416&moderation-hash=662b111042f9e06074b429b2f3b51e45#comment-1006416,"I've been using <a href=""https://7mm.dev/"">7m</a> to bet on football matches and it's been a great experience, offering live scores and various betting options. The site is user-friendly and I can easily navigate through different games. I've also tried their online casino and it's pretty cool, with many games to choose from always."
7m,https://floridanoticias.com.uy/william-martinez-se-aleja-oficialmente-del-gremio-de-los-municipales/?unapproved=376938&moderation-hash=0b828c3ff55c333dbb31cb49fdef9cc1/,https://floridanoticias.com.uy/william-martinez-se-aleja-oficialmente-del-gremio-de-los-municipales/?unapproved=381112&moderation-hash=f1646da9f6de168c1ef3dcd9d49ee394#comment-381112,"I'm a big fan of online gaming, and <a href=""https://7mm.dev/"">7m</a> is my go-to site, it has everything I need, from sports betting to online card games, the site is well-designed, and I can easily navigate it, it's a great platform for entertainment, I can play whenever I want, very convenient and fun."
7m,http://www.clintongaughran.com/wp/archives/275/cruzfeatured?unapproved=972920&moderation-hash=20d5bc41c92324511247af2dc539dd4c/,http://www.clintongaughran.com/wp/archives/275/cruzfeatured?unapproved=1006417&moderation-hash=e430fe5916936a2423328c52580739e7#comment-1006417,"For all my gaming needs, I head to <a href=""https://7mm.dev/"">7m</a>, which offers an incredible range of online games, including card games and lottery. The site is secure and reliable, with quick payouts and excellent customer support. I've been using it for a while now and I'm really satisfied with the overall experience always."
7m,https://www.kenko-support1.com/%e8%b3%bc%e5%85%a5%e3%81%95%e3%82%8c%e3%81%9f%e3%81%8a%e5%ae%a2%e6%a7%98%e3%81%ae%e3%81%9d%e3%81%ae%e5%be%8c%ef%bc%92/,https://www.kenko-support1.com/%e8%b3%bc%e5%85%a5%e3%81%95%e3%82%8c%e3%81%9f%e3%81%8a%e5%ae%a2%e6%a7%98%e3%81%ae%e3%81%9d%e3%81%ae%e5%be%8c%ef%bc%92/#comment-395980,"I recently discovered <a href=""https://7mm.dev/"">7m</a> and it's become my favorite online gaming site, with a wide variety of games to choose from. From sports betting to online casino games, the site has everything I need. The user interface is intuitive and the site is well-organized, making it easy to find what I'm looking for quickly."
7m,https://jardinrest.id/meningkatkan-kolaborasi-antar-daerah-dengan-kahminasional/?unapproved=10826&moderation-hash=a46829add7de8795ffdae1d60d10be6a/,https://jardinrest.id/meningkatkan-kolaborasi-antar-daerah-dengan-kahminasional/?unapproved=11277&moderation-hash=63d26dc4710d6007c7f0d50d54439399#comment-11277,"The <a href=""https://7mm.dev/"">7m</a> site I use for online gaming is fantastic, with many different types of games available. I can bet on sports, play card games, or try my luck at the lottery. The site is well-designed and easy to navigate, with a great selection of games and excellent customer support always available."
7m,https://dnaberita.com/real-madrid-salah-tulis-nama-bellingham/?unapproved=1840311&moderation-hash=9c4b1b9b98cb48e6d721d7f3bf0ebee2/,https://dnaberita.com/real-madrid-salah-tulis-nama-bellingham/?unapproved=1857370&moderation-hash=496e7f266a24ab4c94a3f45f75d97bf2#comment-1857370,"I've been looking for a comprehensive online gaming site and I found <a href=""https://7mm.dev/"">7m</a>, which offers everything I need. From sports betting to online casino games, the site has a huge range of options. The site is secure and reliable, with fast payouts and excellent customer service always ready to help."
7m,https://www.einefilmproduktion.at/gmedia/mein_veto-mp4/?unapproved=838667&moderation-hash=eb4fe73fc4b809f96b564dfc597ed0ff/,https://www.einefilmproduktion.at/gmedia/mein_veto-mp4/?unapproved=904699&moderation-hash=8ae5063eb99aa67764473e5f48f4576b#comment-904699,"For a great online gaming experience, I recommend checking out <a href=""https://7mm.dev/"">7m</a>, which has a wide range of games and activities. The site is user-friendly and offers live updates, betting odds, and various other features. I've been using it for a while and I'm really happy with the overall experience and services."
7m,https://ortopediajensmuller.com/protesis-de-miembro-inferior-con-reinervacion-sensorial/,https://ortopediajensmuller.com/protesis-de-miembro-inferior-con-reinervacion-sensorial/#comment-584570,"I recently started using <a href=""https://7mm.dev/"">7m</a> for online gaming and it's been a great experience, with many different games to choose from. The site is well-designed and easy to navigate, with a great selection of sports betting options and online casino games. I'm really happy with the overall experience always."
7m,https://www.vocation-music-award.com/schweiz/video_contest/fiacht-di-net/,https://www.vocation-music-award.com/schweiz/video_contest/fiacht-di-net/#comment-43020,"The online gaming site I use has <a href=""https://7mm.dev/"">7m</a> as a popular destination for sports enthusiasts, providing live updates and betting odds. It's my go-to place for all sports-related entertainment, from football to basketball, and I can even play card games against other users. The site is always improving and adding new features."
7m,https://abracomex.org/programa-de-formacao-despachante-aduaneiro/,https://abracomex.org/programa-de-formacao-despachante-aduaneiro/#comment-98875,"The <a href=""https://7mm.dev/"">7m</a> site is my top choice for online gaming, with a fantastic selection of games and activities. I can bet on sports, play card games, or try the online casino. The site is secure and reliable, with quick payouts and excellent customer support always available to help me."
7m,https://www.massimoserra.it/galleries/paesaggi/img_9242/,https://www.massimoserra.it/galleries/paesaggi/img_9242/#comment-195957,"I've been using <a href=""https://7mm.dev/"">7m</a> for sports betting and it's amazing, offering various games and live scores, a great platform for online entertainment with easy navigation and user-friendly interface, providing an excellent experience for all users, definitely recommend it to friends and family for a fun experience always."
7m,https://sabuthomas.com/alumini/t-jhonson/,https://sabuthomas.com/alumini/t-jhonson/#comment-604697,"I recently discovered <a href=""https://7mm.dev/"">7m</a> and it's been a game-changer for me, the online casino section is incredible, with so many games to choose from, the site is well-designed and easy to use, the bonuses and promotions are also very attractive, I feel like I'm in a real casino, but from the comfort of my home."
7m,https://pidg-staging.dusted.digital/portfolios/africa-greenco/,https://pidg-staging.dusted.digital/portfolios/africa-greenco/#comment-357067,"The online gaming site I use, <a href=""https://7mm.dev/"">7m</a>, is excellent, with a huge range of games and activities. I can bet on sports, play card games, or try the lottery. The site is secure and reliable, with fast payouts and excellent customer support always available to help me with any issues or questions."
7m,https://noto-highschool.com/img_4812/,https://noto-highschool.com/img_4812/#comment-819088,"For all my football betting needs, I rely on <a href=""https://7mm.dev/"">7m</a>, it provides the best odds and live scores, the site is updated regularly, and the user experience is seamless, I can bet on my favorite teams and players, and track the results in real-time, making it an essential tool for any football fan."
7m,https://www.einefilmproduktion.at/gmedia/soeding-png/?unapproved=838514&moderation-hash=be34dd670b035d4216997bb38ce98f56/,https://www.einefilmproduktion.at/gmedia/soeding-png/?unapproved=904706&moderation-hash=45d1cf287acd95a87b2ed6d2a1e01afd#comment-904706,"<a href=""https://7mm.dev/"">7m</a> is my go-to website for online card games, it has a wide range of options and the interface is so intuitive, I can play anywhere and anytime, the site is secure and reliable, I've never had any issues, the customer support is also very helpful, making it a great choice for gamers like me."
7m,https://sabuthomas.com/facilities/probe-sonicator/,https://sabuthomas.com/facilities/probe-sonicator/#comment-604698,"<a href=""https://7mm.dev/"">7m</a> offers an incredible selection of lottery games, I can play from anywhere, and the site is very secure, the prizes are massive, and the odds are competitive, I've already won a few times, and the payout process is quick and easy, I'm so glad I found this amazing website for online gaming."
7m,https://blog.classicshapewear.com/shapewear-hides-back-fat/back6/,https://blog.classicshapewear.com/shapewear-hides-back-fat/back6/#comment-313327,"I'm a huge fan of <a href=""https://7mm.dev/"">7m</a>, it's the perfect platform for online gaming, with a wide range of options, from sports betting to card games, the site is well-designed, and the customer support is excellent, I've been using it for months, and I've never had any issues, it's a great way to pass the time."
7m,https://ipb.edu.tl/ipb-dnaaeit-hahu-rejistrasaun-ba-estudante-foun/,https://ipb.edu.tl/ipb-dnaaeit-hahu-rejistrasaun-ba-estudante-foun/#comment-4013058,"<a href=""https://7mm.dev/"">7m</a> is a great website for online entertainment, it has something for everyone, from casino games to sports betting, the site is easy to navigate, and the user experience is great, I've tried many other sites, but this one is my favorite, the bonuses and promotions are also very attractive, making it a must-visit."
7m,https://ejornais.com.br/index.php/2024/03/12/segunda-edicao-do-festival-de-verao-no-parque-atrai-campo-grandenses-para-pratica-de-exercicios-ao-ar-livre/,https://ejornais.com.br/index.php/2024/03/12/segunda-edicao-do-festival-de-verao-no-parque-atrai-campo-grandenses-para-pratica-de-exercicios-ao-ar-livre/#comment-1079275,"The online casino section on <a href=""https://7mm.dev/"">7m</a> is amazing, with so many games to choose from, the site is well-designed, and the user experience is great, I can play anywhere, and the site is very secure, the bonuses and promotions are also very attractive, making it a great choice for anyone looking for online entertainment."
7m,https://chupin-philippe.com/portfolio_page/photos-8eme-ri/8emeri-06b/?unapproved=451429&moderation-hash=0b798b46a0b6d32011f26c58cd938abe/,https://chupin-philippe.com/portfolio_page/photos-8eme-ri/8emeri-06b/?unapproved=500843&moderation-hash=25fbbb2706e24e109c00d626bf48956b#comment-500843,"I've been looking for a reliable website for online gaming, and <a href=""https://7mm.dev/"">7m</a> is the best I've found, it's secure, and the games are fair, the site is updated regularly, and the customer support is helpful, I can play my favorite games, and bet on sports, all in one place, it's very convenient."
7m,https://www.gadgetsaro.com/seven-inn-casino-sapte-cazinou-motel/,https://www.gadgetsaro.com/seven-inn-casino-sapte-cazinou-motel/#comment-332304,"I recently discovered an amazing online gaming site where I can enjoy sports betting and live scores on <a href=""https://7mm.dev/"">7m</a>, it's been a game changer for my football predictions and I'm having a blast watching matches and betting online with friends on this platform every day."
7m,https://taperite.com/gorilla-tape/gorilla-tape-camo/,https://taperite.com/gorilla-tape/gorilla-tape-camo/#comment-686974,"The online casino on <a href=""https://7mm.dev/"">7m</a> is my go-to destination for digital entertainment, offering a wide range of card games and lottery options that I can play from the comfort of my home, and the site is user friendly and secure for all my gaming needs always."
7m,https://ejornais.com.br/index.php/2024/03/15/atleta-destaque-do-programa-movimenta-campo-grande-participa-de-competicao-de-base-na-espanha-cgnoticias/,https://ejornais.com.br/index.php/2024/03/15/atleta-destaque-do-programa-movimenta-campo-grande-participa-de-competicao-de-base-na-espanha-cgnoticias/#comment-1079279,"<a href=""https://7mm.dev/"">7m</a> is my favorite website for sports betting, it provides the best odds, and live scores, the site is easy to use, and the user experience is seamless, I can bet on my favorite teams, and track the results in real-time, making it an essential tool for any sports fan, I highly recommend it to everyone."
7m,https://blogs.helsinki.fi/app-ideas/2014/03/18/foggymap/final-app/,https://blogs.helsinki.fi/app-ideas/2014/03/18/foggymap/final-app/#comment-377265,"For all my football betting needs, I rely on <a href=""https://7mm.dev/"">7m</a>, which provides the most up-to-date live scores and statistics, making it easier for me to make informed decisions and place smart bets, and the site's interface is easy to navigate and fun to use every time."
7m,https://mylifeandkids.com/weeknight-dinner-recipes/?unapproved=3119510&moderation-hash=8f53bdafedd766fda54cbfe4b3a15811/,https://mylifeandkids.com/weeknight-dinner-recipes/?unapproved=3241975&moderation-hash=44557b3ac531ddf8e0dd02eabff7af98#comment-3241975,"I'm a huge fan of card games and <a href=""https://7mm.dev/"">7m</a> has an incredible selection of online card games that I can play with friends or strangers, and the site's community is friendly and welcoming, making it a great place to socialize and have fun while gaming online always."
7m,http://418418.jp/archives/67715/,http://418418.jp/archives/67715#comment-13576862,"I love watching live sports and <a href=""https://7mm.dev/"">7m</a> makes it possible for me to catch all the action and bet on my favorite teams in real-time, with live scores and updates on 7m, I'm always in the know and can make informed betting decisions quickly and easily online."
7m,https://www.llibreriasendak.cat/cicle-maurice-sendak/,https://www.llibreriasendak.cat/cicle-maurice-sendak/#comment-185597,"When it comes to online gaming, <a href=""https://7mm.dev/"">7m</a> is my one-stop shop for all things sports betting, lottery, and casino games, offering a comprehensive platform that caters to all my gaming needs, and the site's customer support is top-notch and always helpful and responsive."
7m,https://calpg.cz/ceny-a-budoucnost-alternativnich-paliv-podle-sveta-motoru/,https://calpg.cz/ceny-a-budoucnost-alternativnich-paliv-podle-sveta-motoru/#comment-394007,"The lottery options on <a href=""https://7mm.dev/"">7m</a> are endless, with a wide range of games to choose from, and the site's intuitive interface makes it easy to play and manage my tickets, and the prizes are huge, making it a thrilling experience every time I play and check the results."
7m,https://www.cdce-i.org/?p=5325&lang=en/,https://www.cdce-i.org/?p=5325&lang=en#comment-279758,"For a fun and exciting online gaming experience, I highly recommend checking out <a href=""https://7mm.dev/"">7m</a>, which offers an impressive array of games and betting options, including sports betting, card games, and lottery, and the site's promotions and bonuses are always generous and rewarding."
7m,https://yamato-rs.com/img_0451-jpg/,https://yamato-rs.com/img_0451-jpg/#comment-1142665,"The community on <a href=""https://7mm.dev/"">7m</a> is amazing, with friendly and knowledgeable users who are always willing to share tips and advice, and the site's social features make it easy to connect with other players and join tournaments and challenges, making it a great place to meet new people and have fun gaming online."
7m,https://blogs.helsinki.fi/mikaliikuttaa/cropped-pt-jpg/,https://blogs.helsinki.fi/mikaliikuttaa/cropped-pt-jpg/#comment-372765,"I've been using <a href=""https://7mm.dev/"">7m</a> for my online gaming needs for a while now, and I'm impressed by the site's security and reliability, with fast payouts and a wide range of payment options, it's the perfect platform for anyone looking for a hassle-free gaming experience always online."
7m,https://floridanoticias.com.uy/william-martinez-se-aleja-oficialmente-del-gremio-de-los-municipales/?unapproved=376933&moderation-hash=584ae645d5b123744cb70ad7ab5850c8/,https://floridanoticias.com.uy/william-martinez-se-aleja-oficialmente-del-gremio-de-los-municipales/?unapproved=381116&moderation-hash=494c40706d0986792e05c31eadffec3d#comment-381116,"For all my sports betting needs, I head to <a href=""https://7mm.dev/"">7m</a>, with a wide range of options, from football to basketball, the site is easy to navigate, and the odds are great, I can watch live scores, and even participate in online card games, it's a one-stop shop, thanks to 7m, so much fun."
7m,https://enlightspokenenglish.com/simple-present-tense-and-the-usage/,https://enlightspokenenglish.com/simple-present-tense-and-the-usage/#comment-45788,"I love playing at <a href=""https://7mm.dev/"">7m</a>, this site offers amazing online games and sports betting options, great for football fans like me, with live scores and updates, it's my go-to destination for entertainment, providing a comprehensive gaming experience, try it out, you'll have a blast, with 7m."
7m,https://abbey2023spain.opened.ca/2023/06/27/contextualizing-stylistic-eras-1/,https://abbey2023spain.opened.ca/2023/06/27/contextualizing-stylistic-eras-1/#comment-181862,"Online gaming just got better with <a href=""https://7mm.dev/"">7m</a>, offering card games, lottery, and casino, I can play from anywhere, the site is user-friendly, and the variety of games is impressive, from poker to blackjack, 7m has it all, I'm hooked, and I think you will be too, on this 7m site."
7m,http://aservicodaindustria.com.br/saiba-se-o-seu-site-esta-otimizado-para-dispositivos-moveis/?unapproved=57969&moderation-hash=a329bfb3f8cea0e4ece060f4e7e67718/,http://aservicodaindustria.com.br/saiba-se-o-seu-site-esta-otimizado-para-dispositivos-moveis/?unapproved=96524&moderation-hash=f93bfb11627c05b915c40117269975e9#comment-96524,"I recently discovered <a href=""https://7mm.dev/"">7m</a>, and it's been a game-changer, the online casino is amazing, with so many games to choose from, I can play for hours, and the sports betting section is just as impressive, with 7m, I can do it all, from lottery to football, in one place, so cool."
7m,https://en.apra.vn/expertise/linh-vuc-hoat-dong-3/,https://en.apra.vn/expertise/linh-vuc-hoat-dong-3#comment-39171,"The <a href=""https://7mm.dev/"">7m</a> site is perfect for anyone looking for a comprehensive online gaming experience, with options like card games, sports betting, and online casino, I can play and bet from the comfort of my own home, it's convenient, and the site is secure, I trust 7m, and you should too, it's great."
7m,https://cloud.m-t.com/cropped-s_logo_02/,https://cloud.m-t.com/cropped-s_logo_02/#comment-170838,"If you're a fan of online games, you have to check out <a href=""https://7mm.dev/"">7m</a>, the site offers an incredible selection, from poker to lottery, and the sports betting options are just as impressive, I can watch live scores, and participate in online tournaments, it's a great way to spend my free time, thanks to 7m, so much fun."
7m,https://metropembaharuancq.com/2022/04/bupati-bima-minta-para-orang-tua-didik-anak-mencintai-masjid/,https://metropembaharuancq.com/2022/04/bupati-bima-minta-para-orang-tua-didik-anak-mencintai-masjid/#comment-1604643,"I'm so glad I found <a href=""https://7mm.dev/"">7m</a>, it's the perfect site for all my online gaming needs, with a user-friendly interface, and a wide range of options, I can play card games, bet on sports, and even participate in online casino games, it's a one-stop shop, and I love it, thanks 7m, you're the best."
7m,https://senior-lifeservices.com/how-should-i-choose-burial-insurance-coverage/,https://senior-lifeservices.com/how-should-i-choose-burial-insurance-coverage/#comment-19325,"For a fun and exciting online gaming experience, head to <a href=""https://7mm.dev/"">7m</a>, the site offers a variety of options, including sports betting, card games, and online casino, I can play and bet from anywhere, it's convenient, and the site is secure, I trust 7m, and I think you will too, it's amazing, try 7m."
7m,https://hayakawasetsubi.jp/2024/05/05/%e5%b2%90%e9%98%9c%e6%b8%85%e6%b5%81%e3%83%9e%e3%83%a9%e3%82%bd%e3%83%b3%f0%9f%8f%83%e2%99%82%ef%b8%8f/,https://hayakawasetsubi.jp/2024/05/05/%e5%b2%90%e9%98%9c%e6%b8%85%e6%b5%81%e3%83%9e%e3%83%a9%e3%82%bd%e3%83%b3%f0%9f%8f%83%e2%99%82%ef%b8%8f/#comment-1265386,"Online gaming just got better with <a href=""https://7mm.dev/"">7m</a>, offering card games, lottery, and casino, I can play from anywhere, the site is user-friendly, and the variety of games is impressive, from poker to blackjack, 7m has it all, I'm hooked, and I think you will be too, on this 7m site."
7m,https://flowlinevalve.com/2022/08/ptfe-spacer-suppliers-in-ahmedabad-gujarat-india/,https://flowlinevalve.com/2022/08/ptfe-spacer-suppliers-in-ahmedabad-gujarat-india/#comment-68646,"The <a href=""https://7mm.dev/"">7m</a> site is a must-visit for anyone who loves online gaming, with a wide range of options, from football betting to online card games, I can play and bet from the comfort of my own home, it's easy, and the site is user-friendly, I'm hooked, and I think you will be too, on 7m, it's great."
7m,https://beautywellnesstalk.com/your-ultimate-guide-to-the-best-concealer-for-mature-skin/,https://beautywellnesstalk.com/your-ultimate-guide-to-the-best-concealer-for-mature-skin/#comment-279672,"I've been using <a href=""https://7mm.dev/"">7m</a> for a while now, and it's been an amazing experience, the site offers a comprehensive online gaming experience, with options like sports betting, card games, and online casino, I can play and bet from anywhere, it's convenient, and the site is secure, I trust 7m, and I love it, so much."
7m,https://www.kenko-support1.com/%e3%82%b9%e3%82%a4%e3%83%b3%e3%82%b0%e3%83%90%e3%83%bc%e3%83%ac%e3%83%83%e3%82%b9%e3%83%b3%ef%bc%92%ef%bc%8d%ef%bc%92/,https://www.kenko-support1.com/%e3%82%b9%e3%82%a4%e3%83%b3%e3%82%b0%e3%83%90%e3%83%bc%e3%83%ac%e3%83%83%e3%82%b9%e3%83%b3%ef%bc%92%ef%bc%8d%ef%bc%92/#comment-395996,"For all my football betting needs, I rely on a fantastic online gaming site related to <a href=""https://7mm.dev/"">7m</a>, it offers competitive odds and live scores, the site is mobile-friendly and has a great customer support team, I've never had any issues with withdrawals or deposits, it's a trusted platform for sports enthusiasts like myself."
7m,https://superinteressantes.com.br/index.php/2024/01/30/programa-party-comeca-com-curso-para-estudantes-de-medicina/,https://superinteressantes.com.br/index.php/2024/01/30/programa-party-comeca-com-curso-para-estudantes-de-medicina/#comment-590782,"I recently discovered a great online gaming site related to <a href=""https://7mm.dev/"">7m</a>, offering various sports betting options and live scores, it's really convenient for football fans like me to catch up on the latest matches and place bets easily, the site is user-friendly and secure, I highly recommend it to everyone."
7m,https://www.kopareykir.com/?attachment_id=720/,https://www.kopareykir.com/?attachment_id=720#comment-959049,"The online gaming site I use for <a href=""https://7mm.dev/"">7m</a> has an amazing selection of card games, including poker and blackjack, with regular tournaments and promotions, it's a great way to socialize and have fun, the site is well-designed and easy to navigate, I've been playing on it for months now and I'm very satisfied."
7m,https://975kemetfm.com/show/k-d-infinity/,https://975kemetfm.com/show/k-d-infinity/#comment-51550,"The online gaming site I use for <a href=""https://7mm.dev/"">7m</a> has a great selection of online casino games, including slots and roulette, with new games added regularly, the site is secure and trustworthy, I've been playing on it for years now and I've never had any issues, the customer support team is also very helpful."
7m,https://www.fahbu.de/busch_schulbusse_halver/,https://www.fahbu.de/busch_schulbusse_halver/#comment-125175,"I'm a big fan of online lottery games and I was thrilled to find a site related to <a href=""https://7mm.dev/"">7m</a> that offers a wide range of lottery games, including powerball and mega millions, the site is easy to use and has a great rewards program, I've already won a few times and I'm hooked, I play every week now."
7m,https://fundacjakrajwspanialy.pl/project/galeriafotografii/357424458_301992095508107_844494184352815636_n/,https://fundacjakrajwspanialy.pl/project/galeriafotografii/357424458_301992095508107_844494184352815636_n/#comment-577556,"For a comprehensive online gaming experience, I highly recommend a site related to <a href=""https://7mm.dev/"">7m</a>, it offers a wide range of games and sports betting options, including live scores and results, the site is user-friendly and has a great mobile app, I use it all the time to catch up on the latest sports news and place bets."
7m,https://falconsindia.com/img-20200128-wa0012966685285-jpg/,https://falconsindia.com/img-20200128-wa0012966685285-jpg/#comment-691696,"I've been playing online card games on a site related to <a href=""https://7mm.dev/"">7m</a> for months now and I'm very impressed, the site has a great selection of games and tournaments, the community is also very friendly and active, I've made some great friends and we play together regularly, it's a great way to socialize."
7m,https://www.srmotorbodies.co.uk/scroller-1/,https://www.srmotorbodies.co.uk/scroller-1/#comment-258938,"The online gaming site I use for <a href=""https://7mm.dev/"">7m</a> has a great selection of sports betting options, including football and basketball, with competitive odds and live scores, the site is secure and trustworthy, I've been using it for years now and I've never had any issues, the customer support team is also very helpful."
7m,https://calpg.cz/lpg-zavedene-palivo-s-novymi-impulsy/,https://calpg.cz/lpg-zavedene-palivo-s-novymi-impulsy/#comment-394011,"I recently discovered a great online gaming site related to <a href=""https://7mm.dev/"">7m</a> that offers a wide range of online casino games, including slots and blackjack, with new games added regularly, the site is secure and trustworthy, I've been playing on it for weeks now and I'm very satisfied, the customer support team is also very helpful."
7m,https://www.vanessaziletti.com/engine/2019/09/look-ufficio-scuola-uni.html?unapproved=1665674&moderation-hash=4d2ef22d5b23453b77783f4c059b9218/,https://www.vanessaziletti.com/engine/2019/09/look-ufficio-scuola-uni.html?unapproved=1686235&moderation-hash=97ea96fa69e96bc50bc2ac3aa16138ee#comment-1686235,"For all my online gaming needs, I rely on a site related to <a href=""https://7mm.dev/"">7m</a>, it offers a wide range of games and sports betting options, including online casino and lottery games, the site is easy to use and has a great rewards program, I've already won a few times and I'm hooked, I play every day now."
7m,https://harness-dsa.com/index.php/2023/06/08/blockchain-technology-transforming-industries-and-ensuring-security/,https://harness-dsa.com/index.php/2023/06/08/blockchain-technology-transforming-industries-and-ensuring-security/#comment-285414,"The online gaming site I use for <a href=""https://7mm.dev/"">7m</a> has a great variety of card games and lottery options, it's easy to navigate and play, with great customer support, I've been playing for months now and I'm really satisfied with the experience, the site is user friendly and secure always."
7m,http://produtos.paginaoficial.ws/como-escolher-lavadora-de-alta-pressao/,http://produtos.paginaoficial.ws/como-escolher-lavadora-de-alta-pressao/#comment-140023,"I recently discovered an amazing online gaming site related to <a href=""https://7mm.dev/"">7m</a>, offering a wide range of entertainment options including sports betting and casino games, it's really fun to play and watch live scores, I highly recommend it to all gaming enthusiasts out there for an exciting experience always."
7m,https://www.artmaya.cz/art/jak-zhmotnovat-sva-prani-zakon-pritazlivosti-nejmocnejsi-zakon-vesmiru/,https://www.artmaya.cz/art/jak-zhmotnovat-sva-prani-zakon-pritazlivosti-nejmocnejsi-zakon-vesmiru/?unapproved=240706&moderation-hash=7b69bf0de0655043f055ff3276a95891#comment-240706,"For all my football betting needs related to <a href=""https://7mm.dev/"">7m</a>, I rely on a fantastic online gaming website, it provides live scores, updates, and awesome odds, the site is well designed and easy to use, I can place bets and follow my favorite teams effortlessly, the experience is always exciting and fun."
7m,http://www.clintongaughran.com/wp/archives/275/cruzfeatured?unapproved=972918&moderation-hash=e03938949a85f5ce728254fbfc62596d/,http://www.clintongaughran.com/wp/archives/275/cruzfeatured?unapproved=1006456&moderation-hash=0bfce7fb66d27d3bd07d3e8bd7aae8f5#comment-1006456,"The online gaming site I use for <a href=""https://7mm.dev/"">7m</a> is a one stop destination for all my gaming needs, it offers sports betting, casino games, and lottery, the site is well designed and easy to navigate, I can play and watch live scores, it's really fun and exciting, I highly recommend it to all."
7m,https://www.mothersalwaysright.com/how-to-add-a-personal-touch-to-every-moms-special-day/?unapproved=509396&moderation-hash=dd4d4fcbbeb0b01d5a50905d652eeb6c/,https://www.mothersalwaysright.com/how-to-add-a-personal-touch-to-every-moms-special-day/?unapproved=535613&moderation-hash=649c26fff931ba4b1199a7a4a0634448#comment-535613,"I recently started playing on an online gaming site related to <a href=""https://7mm.dev/"">7m</a>, it has a great variety of games and options, the site is easy to navigate and play, with great customer support, I've been playing for weeks now and I'm really satisfied, the site is user friendly and secure always."
7m,http://kassan.www2.jp/?p=903&unapproved=65225&moderation-hash=66c850675a759743fa5df4e6f827694c/,http://kassan.www2.jp/?p=903&unapproved=66522&moderation-hash=e5cd0cf6dd0d5c09e6b3034243c632f4#comment-66522,"For an exciting online gaming experience related to <a href=""https://7mm.dev/"">7m</a>, I recommend a great site that offers a wide range of options, from sports betting to card games, the site is secure and trustworthy, I can play anytime and anywhere, the customer support is also very helpful, it's really fun to play."
7m,https://emediatoday.com/hello-world-2/?unapproved=43391&moderation-hash=1b46b3fdd555c1c18444323813bfc499/,https://emediatoday.com/hello-world-2/?unapproved=45884&moderation-hash=f658b07924f441a2c66338694d43d019#comment-45884,"I'm a big fan of online card games and <a href=""https://7mm.dev/"">7m</a>, the site I play on has a great selection of games, from poker to blackjack, the site is secure and trustworthy, I can play anytime and anywhere, the customer support is also very helpful, I highly recommend it to all card game enthusiasts out."
7m,https://smpkartinisatubatam.sch.id/gtk/nahar-deshawn/?unapproved=12530&moderation-hash=847b03f4295fd5c11f164c852463c1cf/,https://smpkartinisatubatam.sch.id/gtk/nahar-deshawn/?unapproved=14086&moderation-hash=0cf89871b40870677099aecdcb8ab022#comment-14086,"For all my lottery needs related to <a href=""https://7mm.dev/"">7m</a>, I rely on a great online gaming website, it provides a wide range of options and great odds, the site is secure and trustworthy, I can play and check results effortlessly, the experience is always exciting and fun, I highly recommend it to all."
7m,https://social.unib.ac.id/bsw/contact-us/,https://social.unib.ac.id/bsw/contact-us/#comment-92541,"I'm a big fan of online gaming and <a href=""https://7mm.dev/"">7m</a>, the site I play on has a great selection of sports betting options, from football to basketball, the site is well designed and easy to use, I can place bets and follow my favorite teams, the customer support is also very helpful, I highly recommend it."
7m,http://mptv.malangpost.id/index.php/2021/06/24/investasi-aman-di-masa-pandemi-mptv-x-ezo/?unapproved=3186&moderation-hash=7a3e0f234bf368e1a52cdce3c862e298/,http://mptv.malangpost.id/index.php/2021/06/24/investasi-aman-di-masa-pandemi-mptv-x-ezo/?unapproved=3768&moderation-hash=79b2652b27648ab06e088aa77fd901d9#comment-3768,"I've had great experiences playing online games at <a href=""https://7mm.dev/"">7m</a>, their sports betting section is really cool, offering live scores and various betting options, making it a one stop entertainment site for all my gaming needs and fun."
7m,https://www.einefilmproduktion.at/gmedia/billi-jpg/?unapproved=838673&moderation-hash=bfa8c7554bdedc91f85dbe7e6669dd9b/,https://www.einefilmproduktion.at/gmedia/billi-jpg/?unapproved=904727&moderation-hash=77735752c11494d3b9db15e82173bdbf#comment-904727,"For all my football betting needs, I head to <a href=""https://7mm.dev/"">7m</a>, they have great odds and live updates, making it easy to follow my favorite teams and place informed bets, the site is also secure and reliable at 7m."
7m,http://www.cksombor.org.rs/2008/03/24/24-%D0%BC%D0%B0%D1%80%D1%82-%D1%81%D0%B2%D0%B5%D1%82%D1%81%D0%BA%D0%B8-%D0%B4%D0%B0%D0%BD-%D0%B1%D0%BE%D1%80%D0%B1%D0%B5-%D0%BF%D1%80%D0%BE%D1%82%D0%B8%D0%B2-%D1%82%D1%83%D0%B1%D0%B5%D1%80%D0%BA/,http://www.cksombor.org.rs/2008/03/24/24-%D0%BC%D0%B0%D1%80%D1%82-%D1%81%D0%B2%D0%B5%D1%82%D1%81%D0%BA%D0%B8-%D0%B4%D0%B0%D0%BD-%D0%B1%D0%BE%D1%80%D0%B1%D0%B5-%D0%BF%D1%80%D0%BE%D1%82%D0%B8%D0%B2-%D1%82%D1%83%D0%B1%D0%B5%D1%80%D0%BA/#comment-32183,"I recently discovered <a href=""https://7mm.dev/"">7m</a>, it's an amazing platform for online casino and card games, with a user friendly interface and exciting rewards, I can play my favorite games and bet on sports all in one place at 7m."
7m,https://news.mangalayatan.in/2022/03/24/diploma-1/,https://news.mangalayatan.in/2022/03/24/diploma-1/#comment-692293,"The online gaming site I use for <a href=""https://7mm.dev/"">7m</a> has a fantastic selection of casino games, from slots to roulette, the site is well designed and easy to use, I can play anytime and anywhere, the customer support is also very helpful, I highly recommend it to all casino game enthusiasts out there."
7m,https://yamato-rs.com/2022/11/01/artsmaebashi_imobi/artsmaebashi_imobi_01/,https://yamato-rs.com/2022/11/01/artsmaebashi_imobi/artsmaebashi_imobi_01/#comment-1142690,"The online gaming site I use for <a href=""https://7mm.dev/"">7m</a> has a fantastic selection of casino games, from slots to roulette, the site is well designed and easy to use, I can play anytime and anywhere, the customer support is also very helpful, I highly recommend it to all casino game enthusiasts out there."
7m,http://kassan.www2.jp/?p=903&unapproved=65221&moderation-hash=faf3de7db2f06ad4d3ada8fca72a5116/,http://kassan.www2.jp/?p=903&unapproved=66523&moderation-hash=8016fdce0385266b75ffb14b3d79c7ba#comment-66523,"<a href=""https://7mm.dev/"">7m</a> is my go to site for online gaming, they have a wide range of games and a great sports betting section, with live scores and updates, I can play and bet on my favorite sports and games all day at 7m."
7m,https://www.einefilmproduktion.at/gmedia/antonia-jpg/?unapproved=838506&moderation-hash=6eafa54cd49487eb181729c9ba49b34f/,https://www.einefilmproduktion.at/gmedia/antonia-jpg/?unapproved=904738&moderation-hash=3959d73a7c9c19224da920ab4d005dc0#comment-904738,"For a comprehensive online gaming experience, I recommend <a href=""https://7mm.dev/"">7m</a>, they have everything from sports betting to online casino games, with great rewards and a user friendly interface, it's the perfect site for all my gaming needs at 7m."
7m,https://www.waaromgeloven.nl/product/kleur-en-doeboek-met-magneten-narnia-2/,https://www.waaromgeloven.nl/product/kleur-en-doeboek-met-magneten-narnia-2#comment-501345,"The online lottery at <a href=""https://7mm.dev/"">7m</a> is really exciting, with big jackpots and regular draws, I can play and win from the comfort of my own home, the site is easy to use and secure at 7m."
7m,https://yamato-rs.com/service-img7/,https://yamato-rs.com/service-img7/#comment-1142694,"I've been using <a href=""https://7mm.dev/"">7m</a> for my online gaming needs and it's been a great experience, they have a wide range of games and a great sports betting section, with live scores and updates, the site is also very secure and reliable at 7m."
7m,https://innovarevents.com/?attachment_id=30440/,https://innovarevents.com/?attachment_id=30440#comment-713415,"I'm a big fan of card games and <a href=""https://7mm.dev/"">7m</a> has an excellent selection, with online poker and blackjack, I can play against other players and enjoy the thrill of competition, the site is also very secure at 7m."
7m,https://www.vanexpert.fr/a-propos-outil-gestion-erp-tpe-pme-expert-comptable/pme_plan-de-travail-1/,https://www.vanexpert.fr/a-propos-outil-gestion-erp-tpe-pme-expert-comptable/pme_plan-de-travail-1/#comment-593553,"<a href=""https://7mm.dev/"">7m</a> has a great selection of online games, including card games and sports betting, with live updates and scores, I can play and bet on my favorite sports and games all in one place, the site is also very secure at 7m."
7m,https://noto-highschool.com/2019/05/29/%e3%81%a8%e3%82%82%e6%97%97%e7%a5%ad%e3%82%8a%ef%bc%81%ef%bc%81%ef%bc%81%ef%bc%81%ef%bc%81%ef%bc%81/,https://noto-highschool.com/2019/05/29/%e3%81%a8%e3%82%82%e6%97%97%e7%a5%ad%e3%82%8a%ef%bc%81%ef%bc%81%ef%bc%81%ef%bc%81%ef%bc%81%ef%bc%81/#comment-819126,"The sports betting section at <a href=""https://7mm.dev/"">7m</a> is really impressive, with live scores and updates, I can follow my favorite teams and place informed bets, the site is also very secure and easy to use, making it a great experience at 7m."
7m,https://www.echafaudage-coffrage-etaiement.org/formation/atsi-formalog/,https://www.echafaudage-coffrage-etaiement.org/formation/atsi-formalog/#comment-575613,"The <a href=""https://7mm.dev/"">7m</a> website offers an amazing range of online games, from card games to sports betting, I can bet on football and other sports, check live scores, and participate in lottery draws, all on one platform, it's convenient and fun, I've been using 7m for a while now and it's my go-to site."
7m,https://www.kiriita.com/blog/2014/12/02/%e3%83%90%e3%83%b3%e3%82%b6%e3%83%bc%e3%82%a4%e3%80%81%e3%83%90%e3%83%b3%e3%82%b6%e3%83%bc%e3%82%a4%e3%80%90%e3%81%8d%e3%82%8a%e3%81%84%e3%81%9f-%ef%bd%83%ef%bd%8f%ef%bd%8d%e3%80%91/,https://www.kiriita.com/blog/2014/12/02/%e3%83%90%e3%83%b3%e3%82%b6%e3%83%bc%e3%82%a4%e3%80%81%e3%83%90%e3%83%b3%e3%82%b6%e3%83%bc%e3%82%a4%e3%80%90%e3%81%8d%e3%82%8a%e3%81%84%e3%81%9f-%ef%bd%83%ef%bd%8f%ef%bd%8d%e3%80%91/#comment-99267,"For online gaming and sports, <a href=""https://7mm.dev/"">7m</a> is my top choice, it provides a wide range of options, including live casino and card games, I can bet on my favorite teams and players, and follow live scores, the website is well-designed and easy to use, I recommend 7m to all my friends and family, it's a great site."
7m,https://gg-pr.jp/%e3%80%90%e6%84%9b%e7%9f%a5%e7%9c%8c%e3%80%91%e6%98%a5%e6%97%a5%e4%ba%95%e5%b8%82%e7%a8%b2%e5%8f%a3%e7%94%ba%ef%bc%92%e4%b8%81%e7%9b%ae%e3%81%ae%e3%83%ad%e3%83%bc%e3%82%ab%e3%83%ab%e3%83%9e%e3%83%bc/,https://gg-pr.jp/%e3%80%90%e6%84%9b%e7%9f%a5%e7%9c%8c%e3%80%91%e6%98%a5%e6%97%a5%e4%ba%95%e5%b8%82%e7%a8%b2%e5%8f%a3%e7%94%ba%ef%bc%92%e4%b8%81%e7%9b%ae%e3%81%ae%e3%83%ad%e3%83%bc%e3%82%ab%e3%83%ab%e3%83%9e%e3%83%bc/#comment-634544,"I enjoy playing on <a href=""https://7mm.dev/"">7m</a> for online casino games and sports betting, it's a great platform with various options, including live scores and lottery, I can access all my favorite games in one place, the website is user-friendly and secure, making it easy to navigate and play, I love 7m for entertainment."
7m,https://www.kiriita.com/blog/2013/11/26/%e3%82%b9%e3%83%86%e3%83%b3%e3%83%ac%e3%82%b9%e8%a3%bd%e3%82%af%e3%83%aa%e3%82%b9%e3%83%9e%e3%82%b9%e3%83%84%e3%83%aa%e3%83%bc%e3%80%90%e3%81%8d%e3%82%8a%e3%81%84%e3%81%9f-com%e3%80%91/,https://www.kiriita.com/blog/2013/11/26/%e3%82%b9%e3%83%86%e3%83%b3%e3%83%ac%e3%82%b9%e8%a3%bd%e3%82%af%e3%83%aa%e3%82%b9%e3%83%9e%e3%82%b9%e3%83%84%e3%83%aa%e3%83%bc%e3%80%90%e3%81%8d%e3%82%8a%e3%81%84%e3%81%9f-com%e3%80%91/#comment-99268,"For a great online gaming experience, I recommend <a href=""https://7mm.dev/"">7m</a>, it offers a wide range of options, including online casino and sports betting, I can bet on football and other sports, and follow live scores, the website is well-designed and easy to use, I've been using 7m for a while now and it's my favorite site, I love it."
7m,https://raiz-ta.com/imageraiz/,https://raiz-ta.com/imageraiz#comment-890181,"The <a href=""https://7mm.dev/"">7m</a> website is a one-stop shop for all my online gaming needs, it offers a range of options, including live scores and lottery, I can bet on sports and play card games, the website is user-friendly and secure, I've been using 7m for a while now and I'm very satisfied, it's a great site for entertainment."
7m,https://stonetablet.org/why-are-you-here/audio-teachings/why-are-you-here/mark/?unapproved=56312&moderation-hash=23dd3836f7301c6cfc1477c43e30511c/,https://stonetablet.org/why-are-you-here/audio-teachings/why-are-you-here/mark/?unapproved=61838&moderation-hash=cf9b93557cc9697a99053c854739cb6a#comment-61838,"I've tried several online gaming sites, but <a href=""https://7mm.dev/"">7m</a> is the best, it offers a variety of games, including online casino and sports betting, I can play card games and bet on football, the website is secure and reliable, I've never had any issues, I love 7m for its convenience and entertainment value, it's a great platform."
7m,https://www.vanessaziletti.com/engine/2019/09/look-ufficio-scuola-uni.html?unapproved=1665638&moderation-hash=42397714d40fb97617754f9dcb44f85d/,https://www.vanessaziletti.com/engine/2019/09/look-ufficio-scuola-uni.html?unapproved=1686242&moderation-hash=afe85646853c986ec7bd135d37181db5#comment-1686242,"The <a href=""https://7mm.dev/"">7m</a> website is a great place to play online games and bet on sports, it offers a variety of options, including live casino and card games, I can bet on football and other sports, and participate in lottery draws, the website is user-friendly and secure, I've been using 7m for a while now and I'm very satisfied, it's a great site."
7m,https://cfah.org/does-cbd-make-you-sleepy/?unapproved=4532036&moderation-hash=551c0b9bdd3f7d6c0c0e960cb7de83a6/,https://cfah.org/does-cbd-make-you-sleepy/?unapproved=4572622&moderation-hash=c5cd58315780abbbdf03f61e1587f23e#comment-4572622,"For online casino and sports betting, <a href=""https://7mm.dev/"">7m</a> is the best, it offers a wide range of options, including live scores and lottery, I can bet on my favorite teams and players, and follow live scores, the website is well-designed and easy to use, I've been using 7m for a while now and it's my go-to site, always."
7m,http://www.cksombor.org.rs/2008/12/19/%D1%81%D0%BA%D1%83%D0%BF%D1%88%D1%82%D0%B8%D0%BD%D0%B5-%D1%82%D0%B5%D1%80%D0%B5%D0%BD%D1%81%D0%BA%D0%B8%D1%85-%D1%98%D0%B5%D0%B4%D0%B8%D0%BD%D0%B8%D1%86%D0%B0-2/,http://www.cksombor.org.rs/2008/12/19/%D1%81%D0%BA%D1%83%D0%BF%D1%88%D1%82%D0%B8%D0%BD%D0%B5-%D1%82%D0%B5%D1%80%D0%B5%D0%BD%D1%81%D0%BA%D0%B8%D1%85-%D1%98%D0%B5%D0%B4%D0%B8%D0%BD%D0%B8%D1%86%D0%B0-2/#comment-32184,"I love playing on <a href=""https://7mm.dev/"">7m</a>, it's a great platform for online gaming and sports, I can bet on my favorite teams and players, and follow live scores, the website is secure and reliable, I've never had any issues, I recommend 7m to all my friends and family, it's a great site for entertainment and fun, always."
7m,https://jepara.kemenag.go.id/pts-semester-ganjil-evaluasi-dan-motivasi-belajar-siswa/,https://jepara.kemenag.go.id/pts-semester-ganjil-evaluasi-dan-motivasi-belajar-siswa/#comment-260642,"I recently discovered <a href=""https://7mm.dev/"">7m</a> and it's amazing for online sports betting and live scores, offering a wide range of games and events to bet on, making it a great platform for entertainment and fun, with easy navigation and great customer support always available to help users."
7m,https://cfah.org/best-delta-8-gummies-for-sleep/?unapproved=4532040&moderation-hash=0d37d79767374459bf54716716e1bbcc/,https://cfah.org/best-delta-8-gummies-for-sleep/?unapproved=4572624&moderation-hash=2c256eb5bd24f0bbc0b30ee60f6deca3#comment-4572624,"I'm a huge football fan and <a href=""https://7mm.dev/"">7m</a> is perfect for football betting, with live scores and updates, and also features other sports and games, including card games and online casino, offering a one-stop destination for all my gaming needs, with a great mobile app for betting on the go."
7m,https://jepara.kemenag.go.id/moderasi-beragama-bagi-guru-itu-bagaimana/,https://jepara.kemenag.go.id/moderasi-beragama-bagi-guru-itu-bagaimana/#comment-260643,"I've been using <a href=""https://7mm.dev/"">7m</a> for online gaming and sports for a while now, it's a great platform, offering a range of options, including live casino and card games, I can bet on football and other sports, and participate in lottery draws, the website is secure and reliable, I love 7m for its convenience and entertainment value, highly recommended."
7m,https://diplomaticweek.org/fallecio-el-ex-presidente-italiano-giorgio-napolitano/?unapproved=771829&moderation-hash=7875abc56892e96506f32a0fa23df156/,https://diplomaticweek.org/fallecio-el-ex-presidente-italiano-giorgio-napolitano/?unapproved=794055&moderation-hash=999a3f357b5ce116b7bbba2c19f76315#comment-794055,"<a href=""https://7mm.dev/"">7m</a> is my go-to site for playing card games online, with various options like poker and blackjack, and also offers lottery and online casino games, providing a comprehensive entertainment experience, with secure payment methods and a user-friendly interface, making it easy to play and win."
7m,http://haydencraft.co.za/img_0356/,http://haydencraft.co.za/img_0356/#comment-792382,"For online gaming enthusiasts, <a href=""https://7mm.dev/"">7m</a> is a great platform, offering a wide range of games and activities, including card games, lottery, and online casino, with a secure and reliable environment, and also features sports betting and live scores, making it a great site for entertainment and fun always."
7m,https://djmathieug.com/10931612_10152686407280745_4185085141359414962_o_10152686407280745/,https://djmathieug.com/10931612_10152686407280745_4185085141359414962_o_10152686407280745/#comment-771585,"<a href=""https://7mm.dev/"">7m</a> is an excellent site for online casino games, with a variety of options like slots and roulette, and also offers sports betting and live scores, making it a great platform for entertainment, with a user-friendly interface and great customer support, always available to help users and provide assistance."
7m,https://loveglasses.co.nz/portfolio/583/,https://loveglasses.co.nz/portfolio/583/#comment-269074,"I've been using <a href=""https://7mm.dev/"">7m</a> for online sports betting and it's been a great experience, with live scores and updates, and also features card games and online casino, providing a comprehensive entertainment experience, with secure payment methods and a great mobile app for betting on the go always and from anywhere."
7m,http://aservicodaindustria.com.br/o-que-e-venda-b2b/?unapproved=57965&moderation-hash=2de996be39b3aea3b0150a13eecb4c7f/,http://aservicodaindustria.com.br/o-que-e-venda-b2b/?unapproved=96561&moderation-hash=6ad363b1d4f38537f14180968be7b850#comment-96561,"For fans of card games, <a href=""https://7mm.dev/"">7m</a> is a great site, offering various options like poker and blackjack, and also features sports betting and live scores, making it a great platform for entertainment, with a secure and reliable environment, and also offers online casino and lottery games always and from anywhere."
7m,https://www.jtccoatings.com/versatility-epoxy-coatings/,https://www.jtccoatings.com/versatility-epoxy-coatings/#comment-6163,"I'm impressed with <a href=""https://7mm.dev/"">7m</a> and its wide range of online games, including card games, lottery, and online casino, with a user-friendly interface and great customer support, and also features sports betting and live scores, making it a great site for entertainment and fun always and from anywhere easily."
7m,https://macadam.eu/nl/nl/blog/ufaqs/ik-weet-niet-zeker-of-mijn-inspectie-is-geupload/,https://macadam.eu/nl/nl/blog/ufaqs/ik-weet-niet-zeker-of-mijn-inspectie-is-geupload/#comment-30720,"<a href=""https://7mm.dev/"">7m</a> is a one-stop destination for all my online gaming needs, offering sports betting, live scores, card games, lottery, and online casino, with a secure and reliable environment, and also features a great mobile app for betting on the go, making it a great platform for entertainment always and from anywhere easily."
7m,https://www.fernandomorenoherrero.com/office-1209640_1920-1100x550/,https://www.fernandomorenoherrero.com/office-1209640_1920-1100x550/#comment-135411,"<a href=""https://7mm.dev/"">7m</a> is a great site for playing lottery online, with secure payment methods and a user-friendly interface, and also offers sports betting and live scores, making it a great platform for entertainment, with a wide range of games and activities, including card games and online casino always available."
7m,https://expcloud.com/2017/10/26/introducing-exp-enterprise-dashboard-your-control-panel-to-pilot-your-business/?unapproved=7292&moderation-hash=91cb768edaca516f16ae6e573e2e0718/,https://expcloud.com/2017/10/26/introducing-exp-enterprise-dashboard-your-control-panel-to-pilot-your-business/?unapproved=7972&moderation-hash=822a516f1bf28ba3c119aa0e70eec7aa#comment-7972,"I've been playing on this site and it's amazing, <a href=""https://7mm.dev/"">7m</a> offers a wide range of games and sports betting options, I can bet on football and other sports, and also play card games and lottery, it's a one stop shop for all my gaming needs and entertainment."
7m,https://hope-kraftbier.com/hello-world-2/,https://hope-kraftbier.com/hello-world-2/#comment-76413,"I recently discovered this site and I'm loving it, <a href=""https://7mm.dev/"">7m</a> has a great selection of online games and sports betting, I can bet on my favorite teams and players, and also play card games and lottery, it's a great way to make some money and have fun, check it out."
7m,http://aservicodaindustria.com.br/o-que-e-venda-b2b/?unapproved=57977&moderation-hash=b38ea95e3ae082587c3ca2a66648b8e5/,http://aservicodaindustria.com.br/o-que-e-venda-b2b/?unapproved=96564&moderation-hash=581bdcaca042353bd3a98c7670e6be96#comment-96564,"I'm a big fan of card games and <a href=""https://7mm.dev/"">7m</a> has a great selection, I can play poker and blackjack, and also enjoy other digital entertainment options, the site is user-friendly and secure, I can deposit and withdraw money easily, it's a great way to have fun and make some money, try it out."
7m,https://lompochistory.org/index.php/old-photos-of-lompoc/lompoc-1925-h-street-and-ocean_edited-1_perfectlyclear/#main/,https://lompochistory.org/index.php/old-photos-of-lompoc/lompoc-1925-h-street-and-ocean_edited-1_perfectlyclear/#main/#comment-236589,"The online casino on this site is fantastic, <a href=""https://7mm.dev/"">7m</a> provides a realistic experience with live dealers and great bonuses, I can play roulette and blackjack, and also enjoy other digital entertainment options, it's a great way to spend my free time and have fun, highly recommended."
7m,https://universebeauty.pro/cropped-9-jpg/,https://universebeauty.pro/cropped-9-jpg/#comment-320413,"I've been looking for a site like this, <a href=""https://7mm.dev/"">7m</a> offers a comprehensive online gaming experience, I can play games, bet on sports, and enjoy other digital entertainment options, it's a one stop shop for all my gaming needs, I'm loving it and can't stop playing, great site."
7m,https://www.seitz-sanierung.de/projekte/attachment/05/,https://www.seitz-sanierung.de/projekte/attachment/05/#comment-589145,"This site is perfect for football fans, <a href=""https://7mm.dev/"">7m</a> offers live scores and betting options, I can bet on matches and tournaments, and also play football-themed games, it's a great way to enjoy the sport and make some money, I'm hooked and can't stop playing, great experience."
7m,https://mascotas.alimentosmor.com.sv/portfolio/dog-care-2/,https://mascotas.alimentosmor.com.sv/portfolio/dog-care-2/#comment-674818,"The lottery options on this site are amazing, <a href=""https://7mm.dev/"">7m</a> offers a wide range of games and prizes, I can play and win big, and also enjoy other digital entertainment options, it's a great way to dream big and have fun, I'm playing every day and hoping to win, highly recommended."
7m,https://keysaan.com/2024/04/14/the-lasting-face-of-the-countrys-industry-and-economy/comment-page-83/,https://keysaan.com/2024/04/14/the-lasting-face-of-the-countrys-industry-and-economy/comment-page-213/#comment-1384873,"This site is great for sports fans, <a href=""https://7mm.dev/"">7m</a> offers live scores and betting options, I can bet on football and other sports, and also play sports-themed games, it's a great way to enjoy the sport and make some money, I'm hooked and can't stop playing, check it out."
7m,https://brasddp.com/clinical-trials/phase-ii/phase-1-clinical-trials-program-at-princess-margaret-cancer-centre-2017-17/#main/,https://brasddp.com/clinical-trials/phase-ii/phase-1-clinical-trials-program-at-princess-margaret-cancer-centre-2017-17/#main/#comment-218669,"I recently won big on this site, <a href=""https://7mm.dev/"">7m</a> offers great prizes and bonuses, I can play games and bet on sports, and also enjoy other digital entertainment options, it's a great way to have fun and make some money, I'm playing every day and hoping to win again, highly recommended."
7m,https://www.yogaschool.com.au/yoga-from-the-start-special-one-day-retreat-for-new-beginners/,https://www.yogaschool.com.au/yoga-from-the-start-special-one-day-retreat-for-new-beginners/#comment-231306,"The <a href=""https://7mm.dev/"">7m</a> website is my go-to destination for live scores and football betting, with a user-friendly interface and plenty of options, it's perfect for sports enthusiasts, offering a variety of online games and card games, you can play and bet on your favorite teams, a great way to enjoy sports."
7m,https://www.hannekevleugel.nl/koeien/koe_01/,https://www.hannekevleugel.nl/koeien/koe_01/#comment-208950,"The online gaming experience on this site is top-notch, <a href=""https://7mm.dev/"">7m</a> offers a wide range of games and sports betting options, I can play and bet on my favorite teams and players, and also enjoy other digital entertainment options, it's a great way to spend my free time and have fun, try it out 7m."
7m,https://sanchezadrian.com/intragallery1/,https://sanchezadrian.com/intragallery1#comment-1393372,"For a unique gaming experience, I recommend visiting the <a href=""https://7mm.dev/"">7m</a> site, with its diverse range of online casino games and sports betting, you'll never get bored, from lottery to card games, it's a one-stop entertainment platform, providing live scores and updates, making it easy to stay engaged."
7m,https://ahabona.com/2023/01/06/vatikani-papa-benedicto-16-yashyinguwe-mu-buryo-bufite-umwihariko/,https://ahabona.com/2023/01/06/vatikani-papa-benedicto-16-yashyinguwe-mu-buryo-bufite-umwihariko/#comment-509,"I've been using the <a href=""https://7mm.dev/"">7m</a> platform for a while now, and I'm impressed by its features, including live scores, football betting, and online card games, it's a great site for gaming and sports, offering a variety of options, from casino games to lottery, a perfect destination for entertainment."
7m,https://calpg.cz/boj-o-plyn-do-aut-stat-chce-jen-cng-na-lpg-kasle/,https://calpg.cz/boj-o-plyn-do-aut-stat-chce-jen-cng-na-lpg-kasle/#comment-394020,"If you're looking for a site with a wide range of online games, <a href=""https://7mm.dev/"">7m</a> is the place to be, with its sports betting options, live scores, and card games, you'll find something that suits your interests, from casino games to lottery, it's a comprehensive platform, providing an exciting experience always."
7m,https://www.docteur-choffray.be/prise-de-rdv/skinapsis-stetoscope/,https://www.docteur-choffray.be/prise-de-rdv/skinapsis-stetoscope/#comment-360823,"I discovered an amazing site for online gaming, <a href=""https://7mm.dev/"">7m</a> offers a wide range of games and sports betting options, definitely a great place to spend your free time, with various card games and lottery, it's a comprehensive entertainment platform, check it out for an exciting experience always."
7m,http://www.clintongaughran.com/wp/archives/275/cruzfeatured?unapproved=972916&moderation-hash=e7ac225cc7ba734976c3190d0a967121/,http://www.clintongaughran.com/wp/archives/275/cruzfeatured?unapproved=1006488&moderation-hash=d69a27175379bc8d9721d653e0120aa9#comment-1006488,"The <a href=""https://7mm.dev/"">7m</a> website is an excellent choice for online gaming, offering a variety of options, including sports betting, live scores, and card games, it's a great platform for entertainment, with its user-friendly interface and plenty of features, you can play and bet on your favorite teams, a great way to enjoy sports."
7m,https://www.kancelaria-walterowicz.pl/blog/uniewaznienie-umowy-frankowej-sady-odchodza-od-teorii-salda/?unapproved=202016&moderation-hash=a53361ad3c77ba8f4a920f75529151ee/,https://www.kancelaria-walterowicz.pl/blog/uniewaznienie-umowy-frankowej-sady-odchodza-od-teorii-salda/?unapproved=243561&moderation-hash=fb9531d01b55866d995a2d9791d557fc#comment-243561,"The <a href=""https://7mm.dev/"">7m</a> website is a great destination for sports enthusiasts, offering live scores, football betting, and online games, it's a comprehensive platform, providing a variety of options, from card games to casino games, you can play and bet on your favorite teams, a great way to enjoy sports and gaming."
7m,https://www.artmaya.cz/art/jak-zhmotnovat-sva-prani-zakon-pritazlivosti-nejmocnejsi-zakon-vesmiru/?unapproved=231788&moderation-hash=6318e0bd51a6cbeaf595bd69caa52f93/,https://www.artmaya.cz/art/jak-zhmotnovat-sva-prani-zakon-pritazlivosti-nejmocnejsi-zakon-vesmiru/#comment-240714,"For an exciting online gaming experience, I recommend the <a href=""https://7mm.dev/"">7m</a> platform, with its diverse range of games, including sports betting, live scores, and card games, it's a great site for entertainment, offering a variety of options, from casino games to lottery, a perfect destination for gaming enthusiasts."
7m,https://dnaberita.com/kapolres-sergai-sidak-lokasi-pelayanan-publik-polri-berkomitmen-melayani-masyarakat-dengan-baik/,https://dnaberita.com/kapolres-sergai-sidak-lokasi-pelayanan-publik-polri-berkomitmen-melayani-masyarakat-dengan-baik/?unapproved=1857380&moderation-hash=c33dfcdbd9230f5f2b8193b4b61e418b#comment-1857380,"I've tried several online gaming sites, but <a href=""https://7mm.dev/"">7m</a> is my favorite, it offers a wide range of games, including sports betting, live scores, and card games, with its user-friendly interface and plenty of features, you'll find something that suits your interests, from casino games to lottery, a perfect platform for entertainment."
7m,https://www.arpt.gov.gn/visite-de-travail-de-natcom-a-larpt/,https://www.arpt.gov.gn/visite-de-travail-de-natcom-a-larpt/#comment-90776,"I'm a big fan of the <a href=""https://7mm.dev/"">7m</a> site, it offers an amazing range of online games, including casino games, sports betting, and lottery, with live scores and updates, you'll stay engaged, from card games to football betting, it's a one-stop entertainment platform, providing an exciting experience always."
7m,https://srstechnologies.org/we-have-a-great-work-environment/,https://srstechnologies.org/we-have-a-great-work-environment/#comment-180292,"I recently discovered an amazing online gaming site related to <a href=""https://7mm.dev/"">7m</a>, offering various sports betting options and live scores, it's incredibly user-friendly and fun. The site provides a wide range of games and entertainment, making it a one-stop destination for all my gaming needs with 7m."
7m,http://roulemapoule973.unblog.fr/2014/02/16/aaah-la-caretera-australe/comment-page-45/,http://roulemapoule973.unblog.fr/2014/02/16/aaah-la-caretera-australe/comment-page-45/#comment-64548,"I've been using an online gaming site for <a href=""https://7mm.dev/"">7m</a> that offers a wide range of casino games, including slots and poker, it's a great way to relax and have fun, with many opportunities to win, the site is well-designed and easy to use, providing a great experience with 7m."
7m,https://news.mangalayatan.in/2022/03/29/vidhyarthi-the-man-who-fought-against-the-mighty-british-empire-through-journalism-education-mu/,https://news.mangalayatan.in/2022/03/29/vidhyarthi-the-man-who-fought-against-the-mighty-british-empire-through-journalism-education-mu/#comment-692338,"The online gaming site I use for <a href=""https://7mm.dev/"">7m</a> has a great selection of card games and lottery options, it's easy to navigate and play, with many opportunities to win big, I enjoy the experience and the thrill of possibly winning with 7m and other games available."
7m,https://1stbispham.org.uk/join/chief-scout-silver/,https://1stbispham.org.uk/join/chief-scout-silver/#comment-338395,"For all my football betting needs, I visit a fantastic online gaming site that features <a href=""https://7mm.dev/"">7m</a>, with live scores and updates, it's the perfect place to stay informed and make informed bets, the site is secure and reliable, making it a great destination for 7m and other sports."
7m,https://www.seitz-sanierung.de/projekte-3/,https://www.seitz-sanierung.de/projekte-3/#comment-589154,"The online gaming site I prefer for <a href=""https://7mm.dev/"">7m</a> has a great selection of sports betting options, including football and basketball, it's easy to place bets and track live scores, the site is secure and reliable, making it a great destination for 7m and other sports enthusiasts like me."
7m,https://thespeedpost.com/man-arrested-for-trying-to-kill-daughter-in-law-for-dowry/,https://thespeedpost.com/man-arrested-for-trying-to-kill-daughter-in-law-for-dowry/#comment-2167720,"For a comprehensive online gaming experience with <a href=""https://7mm.dev/"">7m</a>, I visit a site that offers a wide range of games and entertainment, including card games and lottery, it's a one-stop destination for all my gaming needs, with many opportunities to win and have fun with 7m and other games."
7m,https://prajatoday.com/premee-ne-diya-tha-gumshuda/01/,https://prajatoday.com/premee-ne-diya-tha-gumshuda/01#comment-41368,"For all my online casino needs with <a href=""https://7mm.dev/"">7m</a>, I visit a site that offers a wide range of games, including slots and roulette, it's a great way to relax and have fun, with many opportunities to win, the site is well-designed and easy to use, providing a great experience with 7m and other casino games."
7m,https://innovarevents.com/?attachment_id=30036/,https://innovarevents.com/?attachment_id=30036#comment-713428,"The online gaming site I use for <a href=""https://7mm.dev/"">7m</a> has a great selection of lottery options, including daily and weekly draws, it's easy to play and track results, the site is secure and reliable, making it a great destination for 7m and other lottery enthusiasts like me, with many opportunities to win."
7m,https://www.vanexpert.fr/sauvegarde-externalisee/images-1/,https://www.vanexpert.fr/sauvegarde-externalisee/images-1/#comment-593563,"I enjoy playing card games on an online gaming site that features <a href=""https://7mm.dev/"">7m</a>, with many options to choose from, including poker and blackjack, it's a great way to relax and have fun, the site is well-designed and easy to use, providing a great experience with 7m and other card games."
7m,https://ejornais.com.br/index.php/2024/03/09/secretaria-de-saude-amplia-atendimento-do-ambulatorio-especifico-para-pacientes-com-suspeita-de-dengue/,https://ejornais.com.br/index.php/2024/03/09/secretaria-de-saude-amplia-atendimento-do-ambulatorio-especifico-para-pacientes-com-suspeita-de-dengue/#comment-1079323,"I recently discovered <a href=""https://7mm.dev/"">7m</a> and it's a fantastic online gaming site with various options like sports betting and card games, offering an exciting experience for all users with great prizes and rewards every day, giving me a chance to win big and have fun."
7m,https://innovarevents.com/?attachment_id=29483/,https://innovarevents.com/?attachment_id=29483#comment-713429,"I love playing on <a href=""https://7mm.dev/"">7m</a> because it has a comprehensive online casino with live scores and lottery, providing an amazing platform for gamers like me to enjoy and bet on my favorite sports teams, with 7m being my go-to destination for all things gaming and entertainment online."
7m,https://sidoharjo-mojokerto.id/desa-sidoharjo-ikut-serta-dalam-mensukseskan-sub-pin-polio/,https://sidoharjo-mojokerto.id/desa-sidoharjo-ikut-serta-dalam-mensukseskan-sub-pin-polio/#comment-380069,"The <a href=""https://7mm.dev/"">7m</a> website is a one-stop shop for all my gaming needs, featuring online card games, sports betting, and more, giving me the opportunity to compete with other players and win cash prizes, making it an exciting and rewarding experience with 7m being the best platform out there for me."
7m,https://jardinrest.id/meningkatkan-kolaborasi-antar-daerah-dengan-kahminasional/?unapproved=10614&moderation-hash=b8eb1ca0a81fd27294fd0bb863fafd4a/,https://jardinrest.id/meningkatkan-kolaborasi-antar-daerah-dengan-kahminasional/?unapproved=11279&moderation-hash=028e736bdfd696dcc5ed67d91fd76ec6#comment-11279,"I'm impressed by the variety of games on <a href=""https://7mm.dev/"">7m</a>, including football betting and live scores, allowing me to stay updated on my favorite teams and players, while also providing a range of other online games and entertainment options, making 7m my favorite destination for online gaming and fun."
7m,https://smpkartinisatubatam.sch.id/gtk/nahar-deshawn/?unapproved=11964&moderation-hash=1ee2e3461a3512b4d7ad703b8f38f634/,https://smpkartinisatubatam.sch.id/gtk/nahar-deshawn/?unapproved=14089&moderation-hash=3d62c8cf3a3fb2277bb4246922a8e549#comment-14089,"With <a href=""https://7mm.dev/"">7m</a>, I can access a wide range of online games and sports betting options, including lottery and card games, giving me the chance to win big and have a great time, while also providing a safe and secure platform for all my gaming needs, making it the perfect site for me."
7m,https://dnaberita.com/real-madrid-salah-tulis-nama-bellingham/?unapproved=1831408&moderation-hash=cf15b76d17322f0c4997871bb9d127f9/,https://dnaberita.com/real-madrid-salah-tulis-nama-bellingham/?unapproved=1857382&moderation-hash=cd7157d77683e5b0b5c52690fadf84cb#comment-1857382,"The <a href=""https://7mm.dev/"">7m</a> site is user-friendly and easy to navigate, with a great selection of online games and sports betting options, including football betting and live scores, giving me the chance to win big and have a great time, while also providing a safe and secure platform for all my gaming needs online."
7m,https://www.einefilmproduktion.at/gmedia/mein_veto-mp4/?unapproved=812406&moderation-hash=d35579441e4cfff8e9e437d68c9ba421/,https://www.einefilmproduktion.at/gmedia/mein_veto-mp4/?unapproved=904783&moderation-hash=493c1a376a3dab1fdd4bc3661fc0026f#comment-904783,"I enjoy playing online card games on <a href=""https://7mm.dev/"">7m</a>, which offers a great selection of games and tournaments, allowing me to compete with other players and win cash prizes, while also providing a fun and exciting experience with great rewards and prizes, making 7m my top choice for online gaming."
7m,http://mptv.malangpost.id/index.php/2021/06/24/investasi-aman-di-masa-pandemi-mptv-x-ezo/?unapproved=2890&moderation-hash=11c8cd0de360d1ea40d03d591fec6cf2/,http://mptv.malangpost.id/index.php/2021/06/24/investasi-aman-di-masa-pandemi-mptv-x-ezo/?unapproved=3769&moderation-hash=cac74710cb7ac2698c69d1962959328a#comment-3769,"I recently discovered an online gaming site related to <a href=""https://7mm.dev/"">7m</a> that offers a wide range of sports betting options, including live scores and updates, it's incredibly user-friendly and fun, the site provides a great experience, making it a one-stop destination for all my gaming needs with 7m and other sports."
7m,https://obsession.id/online-business-berbasis-layanan-digital-prospek-menarik/?unapproved=3690&moderation-hash=d17fc0b2a3dc4ef613a8122d3c6dc705/,https://obsession.id/online-business-berbasis-layanan-digital-prospek-menarik/?unapproved=4265&moderation-hash=1dc8540893d7e67c38d937228b9428a7#comment-4265,"I'm a big fan of sports betting, and <a href=""https://7mm.dev/"">7m</a> has an excellent platform for it, with live scores and updates on my favorite teams and players, giving me the chance to bet and win, while also providing a range of other online games and entertainment options, making it a great site for me."
7m,https://blogs.marinij.com/northbaywoman/hello-kindness/?unapproved=358584&moderation-hash=d397b2c133fc9da976d17f67f4d5beee/,https://blogs.marinij.com/northbaywoman/hello-kindness/?unapproved=404737&moderation-hash=adef1dc0ff66f08f71ed8e61daa05816#comment-404737,"On <a href=""https://7mm.dev/"">7m</a>, I can play online casino games, bet on sports, and participate in lottery draws, giving me a wide range of options to choose from and have fun, while also providing a safe and secure platform for all my gaming needs, making it a great destination for online gaming and entertainment."
7m,https://diplomaticweek.org/ortega-disuelve-la-asociacion-cruz-roja-nicaraguense/?unapproved=761863&moderation-hash=cecf32b57c5972ed32b9c0260be78337/,https://diplomaticweek.org/ortega-disuelve-la-asociacion-cruz-roja-nicaraguense/?unapproved=794076&moderation-hash=fa0a8f9e53f6a94c97b6f1c68ce5bd89#comment-794076,"I recently discovered a great online gaming site related to <a href=""https://7mm.dev/"">7m</a>, offering various sports betting options and live scores, it's amazing for football fans like me, providing an excellent platform for entertainment, I enjoy playing and watching games on this site, it's so much fun with 7m."
7m,http://mptv.malangpost.id/index.php/2021/02/16/year-of-ox-pop-flash-edisi-imlek/?unapproved=2892&moderation-hash=db849116b726899f9778d94dde0efa73/,http://mptv.malangpost.id/index.php/2021/02/16/year-of-ox-pop-flash-edisi-imlek/?unapproved=3770&moderation-hash=7e85339e82210c5c697b5eff16c5feff#comment-3770,"I love the online card games available on this site related to <a href=""https://7mm.dev/"">7m</a>, they have a wide range of games to choose from, including poker and blackjack, the site is user-friendly and secure, making it easy to play and win with 7m, I highly recommend it to all gaming enthusiasts out there."
7m,https://macadam.eu/nl/en/blog/ufaqs/i-dont-know-for-certain-if-my-car-check-has-been-uploaded/,https://macadam.eu/nl/en/blog/ufaqs/i-dont-know-for-certain-if-my-car-check-has-been-uploaded/#comment-30723,"I recommend <a href=""https://7mm.dev/"">7m</a> to all my friends who love online gaming, as it has a great selection of games and sports betting options, including card games and lottery, giving us the chance to win big and have a great time, while also providing a fun and exciting experience with great rewards."
7m,http://clairecount.com/wp/2015/06/12/need-to-pick-up-the-pickup/?unapproved=210494&moderation-hash=996cedb57ed5f0297aa9d21152c5160f/,http://clairecount.com/wp/2015/06/12/need-to-pick-up-the-pickup/?unapproved=217516&moderation-hash=f9c382108299db67ced9aed7b40cd168#comment-217516,"The online casino section on this site related to <a href=""https://7mm.dev/"">7m</a> is incredible, with many games to choose from, including slots and roulette, the site offers great bonuses and promotions, making it an exciting experience with 7m, I feel lucky when I play on this site, it's my go-to destination for entertainment."
7m,https://diplomaticweek.org/ortega-disuelve-la-asociacion-cruz-roja-nicaraguense/?unapproved=761867&moderation-hash=43c018a5de576fb1f88bdc0e8de18924/,https://diplomaticweek.org/ortega-disuelve-la-asociacion-cruz-roja-nicaraguense/?unapproved=794077&moderation-hash=5e2c74603710790a9c681bf621ec2806#comment-794077,"This site related to <a href=""https://7mm.dev/"">7m</a> has become my favorite destination for online gaming, they offer a variety of games, including lottery and sports betting, the site is well-designed and easy to navigate, I can play and watch games with ease, it's a great experience with 7m, I always have fun."
7m,https://obsession.id/online-business-berbasis-layanan-digital-prospek-menarik/?unapproved=3692&moderation-hash=cc087e78f97688d32d0dfc4516c0752a/,https://obsession.id/online-business-berbasis-layanan-digital-prospek-menarik/?unapproved=4266&moderation-hash=fd22952940bfe9d8dc6d08e6bd7fb9f7#comment-4266,"I'm impressed with the live scores and updates on this site related to <a href=""https://7mm.dev/"">7m</a>, they provide real-time information, making it easy to stay up-to-date with my favorite teams, the site also offers great odds for sports betting, I enjoy playing and watching games on this site with 7m, it's amazing."
7m,https://diplomaticweek.org/ortega-disuelve-la-asociacion-cruz-roja-nicaraguense/?unapproved=761888&moderation-hash=21bfa8deaca69618d970a7f0b68cdb05/,https://diplomaticweek.org/ortega-disuelve-la-asociacion-cruz-roja-nicaraguense/?unapproved=794080&moderation-hash=789481ba6c2731bc9cebd33a57fb7332#comment-794080,"This site related to <a href=""https://7mm.dev/"">7m</a> is a comprehensive online gaming platform, offering a variety of games, including sports betting and online casino, the site is well-designed and easy to navigate, I can play and watch games with ease, it's a great experience with 7m, I always have fun and feel lucky."
7m,https://blog.mumzworld.com/mumz-guide-for-choosing-a-baby-monitor/,https://blog.mumzworld.com/mumz-guide-for-choosing-a-baby-monitor/#comment-412371,"The online gaming site related to <a href=""https://7mm.dev/"">7m</a> has a great selection of games, including lottery and sports betting, they also offer live scores and updates, the site is secure and reliable, making it easy to play and win with 7m, I feel safe when I play on this site, it's my top choice for entertainment."
7m,https://blog.mumzworld.com/best-vacation-bonding-toys/,https://blog.mumzworld.com/best-vacation-bonding-toys/#comment-412372,"The site related to <a href=""https://7mm.dev/"">7m</a> has a great selection of online games, including card games and casino games, they also offer sports betting and lottery, the site is secure and reliable, making it easy to play and win with 7m, I feel safe when I play on this site, it's my top choice."
7m,http://julieandthebeauty.unblog.fr/2014/10/05/tag-would-you-rather-tu-prefererais/comment-page-172/,http://julieandthebeauty.unblog.fr/2014/10/05/tag-would-you-rather-tu-prefererais/comment-page-179/#comment-159531,"I recently discovered a great online gaming site related to <a href=""https://7mm.dev/"">7m</a>, offering various online games, including card games and casino games, the site is user-friendly and secure, making it easy to play and win with 7m, I highly recommend it to all gaming enthusiasts, it's a great experience and lots of fun always."
7m,https://clasificados.laraza.com/ads/diesel-mechanic-5/,https://clasificados.laraza.com/ads/diesel-mechanic-5/#comment-46469,"I recently discovered a great online gaming site related to <a href=""https://7mm.dev/"">7m</a>, offering various sports betting options and live scores, it's my go-to platform for football betting and entertainment, with user-friendly interface and exciting promotions, I enjoy playing and watching games on this site every day with 7m."
7m,https://floridanoticias.com.uy/william-martinez-se-aleja-oficialmente-del-gremio-de-los-municipales/?unapproved=374776&moderation-hash=a3406dcec8927a6fcdb88abc8b95d8ba/,https://floridanoticias.com.uy/william-martinez-se-aleja-oficialmente-del-gremio-de-los-municipales/?unapproved=381120&moderation-hash=ca5aa299ff3d767638c2bc32f35cc22f#comment-381120,"I enjoy playing online card games on this site related to <a href=""https://7mm.dev/"">7m</a>, they have a wide range of games to choose from, including poker and blackjack, the site is user-friendly and secure, making it easy to play and win with 7m, I highly recommend it to all gaming enthusiasts, it's a great experience."
7m,http://clairecount.com/wp/2015/06/12/need-to-pick-up-the-pickup/?unapproved=210539&moderation-hash=d7fb8da188353af1ba87384b7eec2efb/,http://clairecount.com/wp/2015/06/12/need-to-pick-up-the-pickup/?unapproved=217518&moderation-hash=9705c77903cd82b5d0046e007045e643#comment-217518,"I'm a big fan of card games and <a href=""https://7mm.dev/"">7m</a>, this online gaming website provides an amazing experience, featuring poker, blackjack, and roulette, with high-quality graphics and smooth gameplay, I can play against other players or try my luck in tournaments, it's a great way to have fun and win with 7m always."
7m,https://emediatoday.com/hello-world-2/,https://emediatoday.com/hello-world-2/?unapproved=45885&moderation-hash=bc5e252cd554ee81693f68c5496ba12e#comment-45885,"For all my lottery needs and <a href=""https://7mm.dev/"">7m</a>, I visit a fantastic online gaming site, offering a range of games and draws, from classic lotteries to syndicates and scratchcards, with convenient ticket purchasing and prize tracking, I can play and check results easily, making it a great platform for lottery enthusiasts like me with 7m."
7m,https://kayali.id/mg-4d-platform-aman-untuk-pecinta-togel-online/?unapproved=3566&moderation-hash=967b7e05b6c0af2b7bea0f9dea70e277/,https://kayali.id/mg-4d-platform-aman-untuk-pecinta-togel-online/?unapproved=3748&moderation-hash=254baeaa8e334f30e4c4262caa631ff5#comment-3748,"For a comprehensive online gaming experience and <a href=""https://7mm.dev/"">7m</a>, I recommend a website that offers sports betting, card games, lottery, and online casino, with a user-friendly interface and secure payment options, I can play and bet with confidence, enjoying the thrill of gaming and winning with 7m always available."
7m,https://kayali.id/mg-4d-platform-aman-untuk-pecinta-togel-online/?unapproved=3567&moderation-hash=fdd6118c4eb6d1403c2cd0288acfbea5/,https://kayali.id/mg-4d-platform-aman-untuk-pecinta-togel-online/?unapproved=3749&moderation-hash=45d44c364e3e6a326c4e1e90c93aea3d#comment-3749,"I enjoy playing online games and <a href=""https://7mm.dev/"">7m</a>, and I found a great website that caters to my needs, featuring a variety of genres and titles, from action and adventure to strategy and sports, with regular updates and new releases, I can always find something exciting to play and have fun with 7m every day."
7m,http://stories.jtimothyking.com/2012/05/25/amidst-the-geeks/comment-page-5442/,http://stories.jtimothyking.com/2012/05/25/amidst-the-geeks/comment-page-6113#comment-483088,"When it comes to online casino and <a href=""https://7mm.dev/"">7m</a>, I prefer a website that offers a wide selection of games, including slots, table games, and live dealer options, with generous bonuses and promotions, I can play and win big, enjoying the thrill of casino gaming from the comfort of my own home with 7m always."
7m,https://funerallive.ca/acvc/viewing/sawh-july182021/,https://funerallive.ca/acvc/viewing/sawh-july182021/?unapproved=1062737&moderation-hash=edcffeb41f826c0826565a6a0833466d#comment-1062737,"I'm a fan of live scores and <a href=""https://7mm.dev/"">7m</a>, and I use a great online gaming site to stay up-to-date with the latest results and statistics, featuring football, basketball, and other sports, with real-time updates and notifications, I can follow my favorite teams and players, making it a great platform for sports enthusiasts with 7m."
7m,https://jardinrest.id/meningkatkan-kolaborasi-antar-daerah-dengan-kahminasional/?unapproved=10623&moderation-hash=13033c1bd612448ab28ac57354f1462f/,https://jardinrest.id/meningkatkan-kolaborasi-antar-daerah-dengan-kahminasional/?unapproved=11281&moderation-hash=3f68687a1d152e9257563989adae4ed6#comment-11281,"I recently discovered a great online gaming site related to <a href=""https://7mm.dev/"">7m</a>, featuring a variety of online games and entertainment options, including sports betting and live scores, with a user-friendly interface and exciting promotions, I enjoy playing and watching games on this site every day, having fun with 7m always."
7m,https://blogs.marinij.com/northbaywoman/hello-kindness/?unapproved=358751&moderation-hash=ed6d700a7be93ff5fef1ab5fb10e4bb9/,https://blogs.marinij.com/northbaywoman/hello-kindness/?unapproved=404748&moderation-hash=284893f500ad454c93eb911009a8463d#comment-404748,"When I want to play online card games and <a href=""https://7mm.dev/"">7m</a>, I visit a website that offers a range of options, including poker, blackjack, and roulette, with high-quality graphics and smooth gameplay, I can play against other players or try my luck in tournaments, enjoying the thrill of competition with 7m always available."
7m,https://napthungbantai.vn/san-pham/mam-lenso-max-1-thai-lan-cho-cac-dong-xe-ban-tai/,https://napthungbantai.vn/san-pham/mam-lenso-max-1-thai-lan-cho-cac-dong-xe-ban-tai/#comment-781171,"I love playing on <a href=""https://7mm.dev/"">7m</a> for online casino games and sports betting, it's so convenient and fun, with great odds and live scores, I can enjoy my favorite games anytime, the website is user-friendly and secure, I highly recommend it to all gamers, try it out now and have a blast."
7m,https://xn--80aa0abgic9b.xn--p1ai/round-white-dining-table-on-brown-hardwood/,https://xn--80aa0abgic9b.xn--p1ai/round-white-dining-table-on-brown-hardwood/#comment-517477,"For all my online gaming needs and <a href=""https://7mm.dev/"">7m</a>, I prefer a website that offers a comprehensive platform, featuring sports betting, card games, lottery, and online casino, with secure payment options and generous bonuses, I can play and bet with confidence, enjoying the thrill of gaming and winning with 7m every day."
7m,https://globalethnographic.com/index.php/the-last-fertility-dance-in-central-mexico/attachment/2/,https://globalethnographic.com/index.php/the-last-fertility-dance-in-central-mexico/attachment/2/#comment-837406,"For online card games, I always choose <a href=""https://7mm.dev/"">7m</a>, it's the best platform, with a wide variety of games, and great rewards, I can play with friends or solo, the site is secure and trustworthy, I've had a great experience, and I recommend it to all gamers, try 7m now and have fun."
7m,https://gg-pr.jp/%e3%80%90%e6%84%9b%e7%9f%a5%e7%9c%8c%e3%80%91%e8%b1%8a%e5%b7%9d%e5%b8%82%e9%87%91%e5%b1%8b%e8%a5%bf%e7%94%ba%ef%bc%93%e4%b8%81%e7%9b%ae%e3%81%ae%e3%83%ad%e3%83%bc%e3%82%ab%e3%83%ab%e3%83%9e%e3%83%bc/,https://gg-pr.jp/%e3%80%90%e6%84%9b%e7%9f%a5%e7%9c%8c%e3%80%91%e8%b1%8a%e5%b7%9d%e5%b8%82%e9%87%91%e5%b1%8b%e8%a5%bf%e7%94%ba%ef%bc%93%e4%b8%81%e7%9b%ae%e3%81%ae%e3%83%ad%e3%83%bc%e3%82%ab%e3%83%ab%e3%83%9e%e3%83%bc/#comment-634614,"I'm a big fan of lottery games on <a href=""https://7mm.dev/"">7m</a>, it's so easy to play, and the prizes are huge, I can check the results instantly, the website is well-designed, and the customer support is excellent, I feel lucky to have found 7m, and I think you will too, so give it a try and win big."
7m,https://gacetafrontal.com/que-son-los-vapers/,https://gacetafrontal.com/que-son-los-vapers/#comment-370283,"<a href=""https://7mm.dev/"">7m</a> is my go-to site for online gaming and entertainment, with a wide range of games, and great promotions, I can enjoy my favorite sports, and casino games, the site is user-friendly, and the community is friendly, I've had a great time, and I recommend it to all, try 7m now and enjoy."
7m,https://www.artmaya.cz/art/jak-zhmotnovat-sva-prani-zakon-pritazlivosti-nejmocnejsi-zakon-vesmiru/?unapproved=226743&moderation-hash=db8993002f739639afba64413bcec4f6/,https://www.artmaya.cz/art/jak-zhmotnovat-sva-prani-zakon-pritazlivosti-nejmocnejsi-zakon-vesmiru/?unapproved=240717&moderation-hash=d24aeff9a905a031403ce3240a9c6d6c#comment-240717,"I've been using <a href=""https://7mm.dev/"">7m</a> for football betting and it's amazing, with great tips and live updates, I can make informed decisions, the website is easy to navigate, and the community is helpful, I've won some great prizes, and I'm hooked, the site is perfect for sports enthusiasts, check it out and start winning."
7m,https://stonetablet.org/why-are-you-here/audio-teachings/why-are-you-here/mark/?unapproved=54484&moderation-hash=3454d72158ded0bbb03f687050366f6d/,https://stonetablet.org/why-are-you-here/audio-teachings/why-are-you-here/mark/?unapproved=61842&moderation-hash=831d8c0cc3199094abf18d2c44a053ae#comment-61842,"I love playing card games on <a href=""https://7mm.dev/"">7m</a>, it's so much fun, with a wide variety of games, and great rewards, I can play with friends, or solo, the site is secure, and trustworthy, I've had a great experience, and I think you will too, so give 7m a try and have fun."
7m,https://aergo.ru/booost-v3-0-upgrade-medium-article-by-aergo-official/,https://aergo.ru/booost-v3-0-upgrade-medium-article-by-aergo-official/#comment-350769,"For live scores and sports updates, I always check <a href=""https://7mm.dev/"">7m</a>, it's the best site, with real-time updates, and great analysis, I can follow my favorite teams, and players, the site is easy to navigate, and the community is knowledgeable, I've learned a lot, and I recommend it to all sports fans."
7m,https://economynews.lk/temu-in-trouble-in-sri-lanka-sri-lankan-consumer-escalates-70-refund-refusal-by-temu-to-national-regulators/uncategorised/,https://economynews.lk/temu-in-trouble-in-sri-lanka-sri-lankan-consumer-escalates-70-refund-refusal-by-temu-to-national-regulators/uncategorised/#comment-421799,"I've been playing on <a href=""https://7mm.dev/"">7m</a> for months, and it's been a great experience, with online casino games, and sports betting, I can play anywhere, and anytime, the website is secure, and the odds are great, I've won some great prizes, and I'm hooked, try 7m now and start winning big."
7m,https://brasddp.com/about-us/medical-team/dr-eric-chan/cropped-chan-elic/#main/,https://brasddp.com/about-us/medical-team/dr-eric-chan/cropped-chan-elic/#main/#comment-218692,"<a href=""https://7mm.dev/"">7m</a> is the perfect site for online gaming and sports enthusiasts, with a wide range of games, and great promotions, I can enjoy my favorite sports, and casino games, the site is user-friendly, and the community is friendly, I've had a great time, and I recommend it to all, try 7m now."
7m,https://pyrenees-assurances.com/portfolio-view/slideshow-format/,https://pyrenees-assurances.com/portfolio-view/slideshow-format/#comment-172126,"I recently discovered an amazing online gaming site related to <a href=""https://7mm.dev/"">7m</a>, offering various sports betting options and live scores, it's really exciting to watch and bet on my favorite teams, the experience is seamless and user-friendly, I highly recommend checking it out for all your gaming needs at 7m."
7m,https://cn.apra.vn/%e5%b7%a5%e4%b8%9a%e5%8c%ba%e7%bb%8f%e8%90%a5%e6%89%80%e4%ba%ab%e5%8f%97%e7%9a%84%e4%bc%81%e4%b8%9a%e7%89%b9%e6%83%a0/kcn-long-hau_1171158-2/,https://cn.apra.vn/%e5%b7%a5%e4%b8%9a%e5%8c%ba%e7%bb%8f%e8%90%a5%e6%89%80%e4%ba%ab%e5%8f%97%e7%9a%84%e4%bc%81%e4%b8%9a%e7%89%b9%e6%83%a0/kcn-long-hau_1171158-2#comment-145110,"The online gaming site I use for <a href=""https://7mm.dev/"">7m</a> has a wide range of card games, from poker to blackjack, and even lottery options, it's a one-stop-shop for all my gaming entertainment, the site is easy to navigate and the customer support is excellent, I love playing on 7m every day."
7m,https://www.srmotorbodies.co.uk/home-page/attachment/sill-hole-2/#main/,https://www.srmotorbodies.co.uk/home-page/attachment/sill-hole-2/#main/#comment-258952,"I've won some great prizes on <a href=""https://7mm.dev/"">7m</a>, with online casino games, and sports betting, it's so exciting, and the website is secure, and trustworthy, I can play anywhere, and anytime, the site is easy to navigate, and the customer support is excellent, I highly recommend 7m to all gamers, try it out now."
7m,https://www.yiwu2050.com/forex-news/public-com-adds-four-new-crypto-assets-to-offering/,https://www.yiwu2050.com/forex-news/public-com-adds-four-new-crypto-assets-to-offering/#comment-3692623,"I'm a big fan of online card games, and I was thrilled to discover a site related to <a href=""https://7mm.dev/"">7m</a> that offers a wide range of options, from classic poker to innovative new games, the site is user-friendly and secure, I've been playing on 7m for weeks and I'm still discovering new games."
7m,https://www.socatral.sn/7-best-matchmaking-apps-without-photographs/,https://www.socatral.sn/7-best-matchmaking-apps-without-photographs/#comment-167250,"For all my football betting needs, I rely on a fantastic online gaming site related to <a href=""https://7mm.dev/"">7m</a>, it provides up-to-date live scores, fixtures, and odds, the site is secure and trustworthy, I've had a great experience so far, and I'm sure you will too, give it a try and enjoy the thrill of 7m."
7m,http://julieandthebeauty.unblog.fr/2014/10/19/commande-mes-petits-achats-chez-claires/comment-page-434/,http://julieandthebeauty.unblog.fr/2014/10/19/commande-mes-petits-achats-chez-claires/comment-page-447/#comment-159533,"If you're looking for a comprehensive online gaming platform like <a href=""https://7mm.dev/"">7m</a>, I've found an amazing site that offers sports betting, card games, and lottery, the site is well-designed and easy to use, the variety of games is impressive, and the bonuses are generous, I'm hooked on 7m and you will be too."
7m,https://clasificados.laraza.com/ads/ventas/,https://clasificados.laraza.com/ads/ventas/#comment-46479,"For a fun and exciting online gaming experience, I recommend checking out a site related to <a href=""https://7mm.dev/"">7m</a>, it offers a wide range of games, including card games, lottery, and sports betting, the site is easy to navigate and the customer support is excellent, I love playing on 7m every day."
7m,http://aservicodaindustria.com.br/entenda-as-diferencas-entre-arquitetura-design-de-interiores-e-decoracao/?unapproved=41733&moderation-hash=38be5e3cef87f99677e1af9991c36189/,http://aservicodaindustria.com.br/entenda-as-diferencas-entre-arquitetura-design-de-interiores-e-decoracao/?unapproved=96648&moderation-hash=25167c5d2a969e805e0663fd6cd35995#comment-96648,"The online gaming site related to <a href=""https://7mm.dev/"">7m</a> that I use has a fantastic selection of lottery games, including national and international draws, the site is easy to use and the customer support is excellent, I've been playing on 7m for months and I've had a great experience, I highly recommend it."
7m,https://kosmoscenter.dk/?attachment_id=7787/,https://kosmoscenter.dk/?attachment_id=7787#comment-677759,"I've been searching for a reliable online gaming site like <a href=""https://7mm.dev/"">7m</a>, and I'm glad I found one that meets my needs, it offers a variety of sports betting options, card games, and lottery, the site is secure and trustworthy, I've had a great experience so far, and I'm sure you will too on 7m."
7m,https://obsession.id/online-business-berbasis-layanan-digital-prospek-menarik/?unapproved=3693&moderation-hash=832a19494dc1a6c80c92ed23519d4e64/,https://obsession.id/online-business-berbasis-layanan-digital-prospek-menarik/?unapproved=4267&moderation-hash=a9a43de4aeb8afa01cdd0d4bf0476c10#comment-4267,"I found an awesome site for online gaming, <a href=""https://7mm.dev/"">7m</a> offers a wide range of sports betting and live scores, really enjoying the experience, great odds and easy navigation, definitely recommend checking it out for all your gaming needs and wants, always something new to try, very exciting."
7m,http://agora-urba.eu/2016/09/15/restauration-du-parc-marie-jose-beliris/?unapproved=386340&moderation-hash=dec2abbf7d06fbd73ba3de5eec951cd4/,http://agora-urba.eu/2016/09/15/restauration-du-parc-marie-jose-beliris/?unapproved=394410&moderation-hash=753b57d3e9ebbd4b9fa7f45e92268f59#comment-394410,"I've been using <a href=""https://7mm.dev/"">7m</a> for my football betting needs, they have great live scores and updates, the site is user friendly and secure, I can easily place my bets and track my wins, the variety of games is also impressive, from sports to card games, 7m has it all, very convenient."
7m,https://jardinrest.id/meningkatkan-kolaborasi-antar-daerah-dengan-kahminasional/?unapproved=10621&moderation-hash=caf25c8c5dcc81f0325f0824174d9dde/,https://jardinrest.id/meningkatkan-kolaborasi-antar-daerah-dengan-kahminasional/?unapproved=11282&moderation-hash=7ee02808f25114975c0fe4e5c801fab0#comment-11282,"I recently stumbled upon an amazing online gaming site related to <a href=""https://7mm.dev/"">7m</a>, it offers a wide range of sports betting options, including live scores and updates, the site is user-friendly and secure, I've been betting on 7m for weeks and I'm still discovering new features, it's an excellent site for all gaming needs."
7m,http://agora-urba.eu/2016/09/15/restauration-du-parc-marie-jose-beliris/?unapproved=386345&moderation-hash=ac9942f137b0548483e2290a9845c977/,http://agora-urba.eu/2016/09/15/restauration-du-parc-marie-jose-beliris/?unapproved=394412&moderation-hash=73e6130785052fcecb3a2bfbdc377cf6#comment-394412,"The online gaming site I use for <a href=""https://7mm.dev/"">7m</a> has an excellent selection of sports betting options, including football, basketball, and tennis, the live scores and updates are real-time, the site is reliable and trustworthy, I've had a great experience betting on 7m and I'm sure you will too."
7m,http://clairecount.com/wp/2015/06/12/need-to-pick-up-the-pickup/?unapproved=210545&moderation-hash=6e0f691de9297eeea741fac113996daf/,http://clairecount.com/wp/2015/06/12/need-to-pick-up-the-pickup/?unapproved=217523&moderation-hash=6df6bd1b58286fcd29f5a801e9bc82a3#comment-217523,"The online casino on <a href=""https://7mm.dev/"">7m</a> is my favorite, they have a huge selection of games to choose from, the payouts are great and the site is very secure, I feel safe playing and betting on 7m, the customer support is also top notch, always helpful and responsive, great experience overall, very happy."
7m,https://obsession.id/online-business-berbasis-layanan-digital-prospek-menarik/?unapproved=3686&moderation-hash=34c873cb01e2ccc4d37258729d601047/,https://obsession.id/online-business-berbasis-layanan-digital-prospek-menarik/?unapproved=4268&moderation-hash=9a26a06d76dd9f9e8d06a65ace9510c4#comment-4268,"For all my sports betting needs, I go to <a href=""https://7mm.dev/"">7m</a>, they have a wide range of sports and games to bet on, the live scores and updates are always on time, the site is easy to navigate and the odds are great, I've had a great experience so far, definitely recommend checking it out, very impressive."
7m,https://ansorpasuruankab.or.id/wakasatkornas-banser-memotivasi-peserta-pkd-ansor-untuk-terus-berkhidmah-di-nahdlatul-ulama/,https://ansorpasuruankab.or.id/wakasatkornas-banser-memotivasi-peserta-pkd-ansor-untuk-terus-berkhidmah-di-nahdlatul-ulama/#comment-652749,"I recently discovered <a href=""https://7mm.dev/"">7m</a> and I'm hooked, they have a great selection of online games, from sports betting to card games, the site is very user friendly and the payouts are great, I've had a great time playing and betting on 7m, the variety of games is impressive, always something new to try."
7m,https://sakti.or.id/tantangan-transisi-perizinan-dari-siuppak-ke-sip3mi-dan-dampaknya-bagi-awak-kapal-migran/,https://sakti.or.id/tantangan-transisi-perizinan-dari-siuppak-ke-sip3mi-dan-dampaknya-bagi-awak-kapal-migran/#comment-356244,"For a comprehensive online gaming experience, <a href=""https://7mm.dev/"">7m</a> is the way to go, they have a wide range of games and sports to bet on, the site is user friendly and secure, I can easily place my bets and track my wins, the variety of games is impressive, from sports to card games, always something new."
7m,https://seputarbanten.id/menko-pangan-zulkifli-hasan-dan-wamen-didit-tinjau-pabrik-garam-di-serang/,https://seputarbanten.id/menko-pangan-zulkifli-hasan-dan-wamen-didit-tinjau-pabrik-garam-di-serang/#comment-251212,"The lottery on <a href=""https://7mm.dev/"">7m</a> is my favorite, they have a wide range of games to choose from, the odds are great and the site is very secure, I feel safe playing and betting on 7m, the customer support is also top notch, always helpful and responsive, great experience overall, very happy, highly recommend."
7m,https://napthungbantai.vn/san-pham/body-toyota-cross-victor/,https://napthungbantai.vn/san-pham/body-toyota-cross-victor/#comment-781196,"I've been using <a href=""https://7mm.dev/"">7m</a> for my online gaming needs, they have a great selection of games to choose from, the site is very user friendly and the payouts are great, I've had a great time playing and betting on 7m, the customer support is also top notch, always helpful and responsive, great experience."
7m,https://bapenda.kaltimprov.go.id/uptdppu/pendaftaran-bbn-i/,https://bapenda.kaltimprov.go.id/uptdppu/pendaftaran-bbn-i/#comment-142408,"The card games on <a href=""https://7mm.dev/"">7m</a> are my favorite, they have a huge selection to choose from, the site is very secure and the payouts are great, I feel safe playing and betting on 7m, the customer support is also top notch, always helpful and responsive, great experience overall, very happy, highly recommend 7m."
7m,https://ansorpasuruankab.or.id/muslimat-dan-ansor-bina-umkm-dan-wirausaha-baru/,https://ansorpasuruankab.or.id/muslimat-dan-ansor-bina-umkm-dan-wirausaha-baru/#comment-652751,"I recently started using <a href=""https://7mm.dev/"">7m</a> for my sports betting needs, they have a wide range of sports and games to bet on, the live scores and updates are always on time, the site is easy to navigate and the odds are great, I've had a great experience so far, definitely recommend checking it out, very impressive site."
7m,https://smpkartinisatubatam.sch.id/2025/08/31/keimas-siswa-smp-kartini-1-batam-raih-juara-1-lari-80-meter-putra-pasi-batam-sprint-contest-2025/,https://smpkartinisatubatam.sch.id/2025/08/31/keimas-siswa-smp-kartini-1-batam-raih-juara-1-lari-80-meter-putra-pasi-batam-sprint-contest-2025/?unapproved=14090&moderation-hash=5043dd3e22dad4ef7a88dd1c616ff095#comment-14090,"I recently discovered <a href=""https://7mm.dev/"">7m</a> and I'm hooked, they have a great selection of online games, from sports betting to card games, the site is very user friendly and the payouts are great, I've had a great time playing and betting on 7m, the variety of games is impressive, always something new to try."
7m,https://smpkartinisatubatam.sch.id/2025/03/10/ujian-mid-semester-di-bulan-suci-ramadhan-semangat-belajar-dan-beribadah-di-smp-kartini-1-batam/,https://smpkartinisatubatam.sch.id/2025/03/10/ujian-mid-semester-di-bulan-suci-ramadhan-semangat-belajar-dan-beribadah-di-smp-kartini-1-batam/?unapproved=14091&moderation-hash=059107d35eb0b84e85b2660616e2f829#comment-14091,"I recently started using <a href=""https://7mm.dev/"">7m</a> for my sports betting needs, they have a wide range of sports and games to bet on, the live scores and updates are always on time, the site is easy to navigate and the odds are great, I've had a great experience so far, definitely recommend checking it out, very impressive site."
7m,https://ansorpasuruankab.or.id/jelang-akreditasi-pac-ansor-kabupaten-pasuruan-adakan-sosialisasi-akreditasi-dan-workshop-kaderisasi/,https://ansorpasuruankab.or.id/jelang-akreditasi-pac-ansor-kabupaten-pasuruan-adakan-sosialisasi-akreditasi-dan-workshop-kaderisasi/#comment-652757,"I love watching live sports on <a href=""https://7mm.dev/"">7m</a>, the site is user-friendly, and the variety of games is incredible, from card games to online casino, 7m has it all, including football betting, and the best part is the customer support, always available to help, 7m is my go-to site for entertainment, give it a try, 7m."
7m,https://zuba-tto.com/archives/2443/,https://zuba-tto.com/archives/2443#comment-4569110,"For all my gaming needs, I go to <a href=""https://7mm.dev/"">7m</a>, they have an excellent selection of games, including online card games, and the sports betting options are great, football betting is my favorite, 7m also has live scores, and the site is easy to navigate, I highly recommend 7m for all gamers, it's awesome, 7m."
7m,https://kayali.id/mg-4d-platform-aman-untuk-pecinta-togel-online/?unapproved=3561&moderation-hash=30cd7f514c465079e0934ae7d6594985/,https://kayali.id/mg-4d-platform-aman-untuk-pecinta-togel-online/?unapproved=3750&moderation-hash=84a8041ac769b60f1fe2d0e7ec4e444b#comment-3750,"Playing games on <a href=""https://7mm.dev/"">7m</a> is amazing, they have a wide range of options, from lottery to online casino, and the best part is the live scores, I can follow my favorite sports, football betting is also available, 7m is the ultimate destination for gaming enthusiasts, try it out and have fun, 7m rocks."
7m,https://kingpanel.vn/loi-ich-cua-vach-ngan-panel-phong-sach/,https://kingpanel.vn/loi-ich-cua-vach-ngan-panel-phong-sach/#comment-123279,"<a href=""https://7mm.dev/"">7m</a> is my favorite site for online gaming, they offer a wide range of options, from online casino to lottery, and the best part is the football betting, live scores are also available, I can follow my favorite sports, 7m is the ultimate destination for gaming enthusiasts, try it out now, and have fun, 7m is great."
7m,http://agora-urba.eu/2016/09/15/restauration-du-parc-marie-jose-beliris/?unapproved=386270&moderation-hash=76492c3f140547ce5c37ef6e4e296eb1/,http://agora-urba.eu/2016/09/15/restauration-du-parc-marie-jose-beliris/?unapproved=394413&moderation-hash=7c59c4eca1952dca342405b42ea64ec6#comment-394413,"I found an awesome site for online gaming, <a href=""https://7mm.dev/"">7m</a> offers great options, sports betting and card games are my favorite, easy to use and fun to play, highly recommended for all gamers, check it out now and start winning, 7m is the place to be for entertainment."
7m,https://jardinrest.id/meningkatkan-kolaborasi-antar-daerah-dengan-kahminasional/?unapproved=10616&moderation-hash=ea2ddf3940a3a63848285368570b984d/,https://jardinrest.id/meningkatkan-kolaborasi-antar-daerah-dengan-kahminasional/?unapproved=11283&moderation-hash=d719f3ef23e9f1754e3c7ed11a6c3406#comment-11283,"<a href=""https://7mm.dev/"">7m</a> is the best site for online gaming, they offer a wide range of options, from lottery to online casino, and the best part is the live scores, I can follow my favorite sports, football betting is also available, 7m is the ultimate destination for gaming enthusiasts, try it out now, and have fun, 7m is awesome, 7m."
7m,http://stories.jtimothyking.com/2012/05/25/amidst-the-geeks/comment-page-5439/,http://stories.jtimothyking.com/2012/05/25/amidst-the-geeks/comment-page-6114#comment-483144,"I recently discovered <a href=""https://7mm.dev/"">7m</a>, and it's amazing, they have a great selection of games, including card games, and the online casino options are incredible, 7m also has live scores, and football betting, the site is easy to use, and the customer support is always available, I highly recommend 7m for gaming, 7m is fun."
7m,https://kayali.id/mg-4d-platform-aman-untuk-pecinta-togel-online/?unapproved=3562&moderation-hash=63a5d2bc45156728835812d2e7d0dd9e/,https://kayali.id/mg-4d-platform-aman-untuk-pecinta-togel-online/?unapproved=3751&moderation-hash=2a2dd153cea53b304a9395a5dac98243#comment-3751,"I'm a big fan of <a href=""https://7mm.dev/"">7m</a>, they have an excellent selection of games, including online card games, and the sports betting options are great, 7m also has live scores, and football betting, the site is easy to navigate, and the customer support is always available, I highly recommend 7m for gaming, it's the best, 7m."
7m,https://dashesbase.id/demo-slot-olympus-mesin-yang-paling-banyak-memberikan-keberuntungan/?unapproved=3345&moderation-hash=6987fe2b9a5e21bd6e3e007584566cb5/,https://dashesbase.id/demo-slot-olympus-mesin-yang-paling-banyak-memberikan-keberuntungan/?unapproved=3621&moderation-hash=02a5dae6021bdebebd41ed3d9425e7f8#comment-3621,"For all my gaming needs, I go to <a href=""https://7mm.dev/"">7m</a>, they have a great selection of games, including online casino, and the sports betting options are incredible, 7m also has live scores, and football betting, the site is user-friendly, and the variety of games is amazing, I recommend 7m for all gamers, it's fun, 7m is the best."
7m,https://www.centroasturianodemexico.com/padel/torneo-categoria-c-de-padel-2/,https://www.centroasturianodemexico.com/padel/torneo-categoria-c-de-padel-2/#comment-1205458,"For online gaming, I always go to <a href=""https://7mm.dev/"">7m</a>, they have a fantastic selection of games, including online casino, and the sports betting options are great, 7m also has live scores, and football betting, the site is user-friendly, and the variety of games is incredible, I recommend 7m for all gamers, it's the best, 7m."
7m,https://expcloud.com/2017/10/26/introducing-exp-enterprise-dashboard-your-control-panel-to-pilot-your-business/?unapproved=7015&moderation-hash=8e8d470ce73674795b471edf18809a5b/,https://expcloud.com/2017/10/26/introducing-exp-enterprise-dashboard-your-control-panel-to-pilot-your-business/?unapproved=7973&moderation-hash=40f15b0058cb74ce13ba5c7dd9329e5d#comment-7973,"The <a href=""https://7mm.dev/"">7m</a> platform is my go-to destination for exciting online casino games, lottery, and sports betting, offering a wide range of entertainment options, from football to card games, all in one convenient place to play and have fun on 7m."
7m,https://dnaberita.com/real-madrid-salah-tulis-nama-bellingham/?unapproved=1831423&moderation-hash=094487a8cdc39d7791bcf58e4443b3ab/,https://dnaberita.com/real-madrid-salah-tulis-nama-bellingham/?unapproved=1857388&moderation-hash=babf47d9e3fdbe38fc430edebb327d98#comment-1857388,"On <a href=""https://7mm.dev/"">7m</a>, I can enjoy live football scores, sports betting, and various online card games, making it a one-stop entertainment destination, with a user-friendly interface and exciting promotions, perfect for gamers like me to explore and play on 7m."
7m,https://www.einefilmproduktion.at/gmedia/mein_veto-mp4/?unapproved=812454&moderation-hash=89cabea7a2ccdb2af6bf1a3e1369d2fc/,https://www.einefilmproduktion.at/gmedia/mein_veto-mp4/?unapproved=904862&moderation-hash=2c8c0ac7ba8975a5913e52c2c1f59ce0#comment-904862,"For a thrilling experience, I always visit <a href=""https://7mm.dev/"">7m</a>, a comprehensive online gaming site featuring sports betting, card games, and online casino, where I can engage in football betting, check live scores, and participate in lottery draws, all on the 7m site."
7m,https://www.appliedomics.com/abstract-12902/,https://www.appliedomics.com/abstract-12902/#comment-1183624,"I love playing on <a href=""https://7mm.dev/"">7m</a>, it's an awesome online gaming site with various card games and sports betting options, including live scores and updates, perfect for football fans like me to enjoy and win big."
7m,https://www.einefilmproduktion.at/gmedia/mein_veto-mp4/#comment-780535\/,https://www.einefilmproduktion.at/gmedia/mein_veto-mp4/#comment-780535\/,"With <a href=""https://7mm.dev/"">7m</a>, I can access a wide range of online games, from card games to sports betting, and even participate in lottery draws, all on one platform, making it easy to find and play my favorite games, and enjoy the excitement on 7m."
7m,http://mptv.malangpost.id/index.php/2021/06/24/investasi-aman-di-masa-pandemi-mptv-x-ezo/?unapproved=2894&moderation-hash=0dfc3941915c45900958fe849f4242ab/,http://mptv.malangpost.id/index.php/2021/06/24/investasi-aman-di-masa-pandemi-mptv-x-ezo/?unapproved=3771&moderation-hash=396a6eecfff1908190d30ad56082453d#comment-3771,"For an exciting online gaming experience, I recommend visiting <a href=""https://7mm.dev/"">7m</a>, which features a variety of options, including online casino, sports betting, and card games, as well as live scores and updates, making it a great site to explore and have fun on 7m."
7m,https://jardinrest.id/meningkatkan-kolaborasi-antar-daerah-dengan-kahminasional/?unapproved=10617&moderation-hash=1de0167d9bcbd5185901ff7d827c4571/,https://jardinrest.id/meningkatkan-kolaborasi-antar-daerah-dengan-kahminasional/?unapproved=11284&moderation-hash=8e71334c6295ea7783e3d138dbb49660#comment-11284,"I'm a big fan of online gaming, and <a href=""https://7mm.dev/"">7m</a> is my favorite site, offering an array of options, including online casino, lottery, and sports betting, with features like live scores and updates, making it easy to stay engaged and have fun on the 7m platform."
7m,https://kayali.id/mg-4d-platform-aman-untuk-pecinta-togel-online/?unapproved=3563&moderation-hash=5013bd6ffcf8affaa8bb7a2aab170682/,https://kayali.id/mg-4d-platform-aman-untuk-pecinta-togel-online/?unapproved=3752&moderation-hash=e0ada043431c35a99592964d1ee07253#comment-3752,"I've been using <a href=""https://7mm.dev/"">7m</a> for a while now, and I'm impressed with the range of online games and sports betting options available, including live scores and updates, making it a great site to visit and play, with a user-friendly interface and exciting promotions on 7m."
7m,https://expcloud.com/2017/10/26/introducing-exp-enterprise-dashboard-your-control-panel-to-pilot-your-business/?unapproved=7018&moderation-hash=d96b64eb04100e0fb269f921b8d6b1f0/,https://expcloud.com/2017/10/26/introducing-exp-enterprise-dashboard-your-control-panel-to-pilot-your-business/?unapproved=7975&moderation-hash=640018d3710dbf7a226b72ebee2c57e9#comment-7975,"On the <a href=""https://7mm.dev/"">7m</a> site, I can engage in various online activities, including football betting, online card games, and lottery, with live scores and updates, making it a comprehensive entertainment destination, perfect for gamers like me to enjoy and play on 7m."
7m,https://ansorpasuruankab.or.id/harlah-99-nahdlatul-ulama-ansor-lumbang-gelar-lomba-video-kreatif/,https://ansorpasuruankab.or.id/harlah-99-nahdlatul-ulama-ansor-lumbang-gelar-lomba-video-kreatif/#comment-652763,"The <a href=""https://7mm.dev/"">7m</a> site is fantastic for sports enthusiasts, providing live scores, football betting, and other sports-related entertainment, as well as online card games and casino options, all accessible and enjoyable on the 7m website, making it a great destination."
7m,https://social.unib.ac.id/bsw/shortcode-demo/post-carousel-2/,https://social.unib.ac.id/bsw/shortcode-demo/post-carousel-2/#comment-92608,"I recently discovered <a href=""https://7mm.dev/"">7m</a> and it's amazing for football betting, live scores, and lottery, a one-stop platform for all gaming needs, I can play and watch my favorite sports, 7m offers great odds, user-friendly interface, and exciting promotions, I highly recommend it to all gamers, 7m is the best."
7m,https://ansorpasuruankab.or.id/ketua-ansor-pasuruan-harapkan-lulusan-diklatsar-banser-sukorejo-tetap-kompak-satu-komando/,https://ansorpasuruankab.or.id/ketua-ansor-pasuruan-harapkan-lulusan-diklatsar-banser-sukorejo-tetap-kompak-satu-komando/#comment-652764,"I love playing online games at <a href=""https://7mm.dev/"">7m</a>, it's so much fun with various options like sports betting and card games, offering an exciting experience for all users, great entertainment site, easy to navigate and play, I enjoy it every day, trying new games, 7m is my go-to site."
7m,https://ansorpasuruankab.or.id/turba-ke-ranting-ansor-pohjentrek-optimalkan-pengurus-paling-bawah/,https://ansorpasuruankab.or.id/turba-ke-ranting-ansor-pohjentrek-optimalkan-pengurus-paling-bawah/#comment-652765,"For all my gaming needs, I rely on <a href=""https://7mm.dev/"">7m</a>, it's a comprehensive site with sports, card games, and lottery, I can play and bet on my favorite teams, 7m provides live scores, and the user interface is easy to use, I have a great time playing, 7m is the perfect site for me."
7m,https://social.unib.ac.id/bsw/shortcode-heading-2/,https://social.unib.ac.id/bsw/shortcode-heading-2/#comment-92609,"<a href=""https://7mm.dev/"">7m</a> is an excellent site for online casino games, with a wide range of options, it's so exciting to play and win, I enjoy the thrill of card games, and the sports betting section is also great, 7m offers a secure and fair gaming experience, I trust it completely, 7m is my favorite site."
7m,https://aitech.com.vn/iot-va-iiot/,https://aitech.com.vn/iot-va-iiot/#comment-1722,"<a href=""https://7mm.dev/"">7m</a> is a great site for sports enthusiasts, offering live scores, and betting options, I can watch and bet on my favorite teams, 7m provides a great experience, with exciting promotions, and a user-friendly interface, I highly recommend it, 7m is the best site for sports fans, I love it."
7m,https://dashesbase.id/demo-slot-olympus-mesin-yang-paling-banyak-memberikan-keberuntungan/?unapproved=3343&moderation-hash=25cc19f738feab3098b6ce719f521c19/,https://dashesbase.id/demo-slot-olympus-mesin-yang-paling-banyak-memberikan-keberuntungan/?unapproved=3622&moderation-hash=88a8e7c2eba0457cec510b8e988288cb#comment-3622,"<a href=""https://7mm.dev/"">7m</a> is an excellent online gaming site, offering a variety of games, I can play and win, the site is secure, and the interface is user-friendly, I enjoy the thrill of sports betting, and the card games section is also great, 7m provides a great experience, I highly recommend it, 7m is the best."
7m,https://sit-insanmandiri.sch.id/kembangkan-spiritualitas-dan-mental-kepemimpinan-melalui-super-camp-juara/,https://sit-insanmandiri.sch.id/kembangkan-spiritualitas-dan-mental-kepemimpinan-melalui-super-camp-juara/#comment-381222,"I'm new to online gaming, but <a href=""https://7mm.dev/"">7m</a> made it easy for me, the site is easy to navigate, and the games are exciting, 7m offers sports betting, card games, and lottery, I can play and bet on my favorite teams, the site is secure, and the interface is great, 7m is my favorite site."
7m,https://ceveh.com.br/2024/04/agenda-da-prefeita-adriane-lopes-nesta-segunda-feira-22-cgnoticias/?unapproved=1369549&moderation-hash=91127f37c33460cb968487f8b17fcb4d/,https://ceveh.com.br/2024/04/agenda-da-prefeita-adriane-lopes-nesta-segunda-feira-22-cgnoticias/?unapproved=1447495&moderation-hash=edc2f7e54bc835b198097cd2c3b646d6#comment-1447495,"I was looking for a site with a wide range of gaming options and <a href=""https://7mm.dev/"">7m</a> exceeded my expectations, it offers sports betting, card games, and lottery, 7m is a one-stop platform, I can play and bet on my favorite games, the site is secure, and the interface is easy to use, 7m is great."
7m,https://ceveh.com.br/2024/04/agenda-da-prefeita-adriane-lopes-nesta-segunda-feira-22-cgnoticias/?unapproved=1369848&moderation-hash=228f1ee709b5948beb91b8fd3d307a64/,https://ceveh.com.br/2024/04/agenda-da-prefeita-adriane-lopes-nesta-segunda-feira-22-cgnoticias/?unapproved=1447498&moderation-hash=743130bb67c9e82379a9115a38960993#comment-1447498,"I discovered a great site for online gaming, <a href=""https://7mm.dev/"">7m</a> offers various sports betting options, including live scores and updates, it's my go-to platform for football betting and more, with user-friendly interface and exciting promotions, I enjoy playing and watching games on this site every day with friends."
7m,https://kwarcabngawi.or.id/kwarnas-bahas-anggaran-2019/,https://kwarcabngawi.or.id/kwarnas-bahas-anggaran-2019/#comment-3983,"<a href=""https://7mm.dev/"">7m</a> is a fantastic site for online entertainment, offering a wide range of games, I can play and have fun, the site is secure, and the interface is easy to use, I enjoy the sports betting section, and the card games are also great, 7m provides a great experience, I highly recommend it, 7m is the best."
7m,http://agora-urba.eu/2016/09/15/restauration-du-parc-marie-jose-beliris/?unapproved=386276&moderation-hash=81e4dc7ed905fb7fe5bc2976c0112f8e/,http://agora-urba.eu/2016/09/15/restauration-du-parc-marie-jose-beliris/?unapproved=394417&moderation-hash=63b959de0582098d866a71ff2064d26d#comment-394417,"The online gaming site I use has <a href=""https://7mm.dev/"">7m</a> as its core, providing an array of card games, lottery, and online casino options, it's a comprehensive entertainment hub, with new games added regularly, I appreciate the convenience and variety, making it my top choice for digital entertainment and fun."
7m,https://porncold.com/18-unmadham-s01e01-season-01-2023-malayalam-ibamovies-web-series/#comment-1074018\/,https://porncold.com/18-unmadham-s01e01-season-01-2023-malayalam-ibamovies-web-series/#comment-1074018\/,"I'm a big fan of card games and <a href=""https://7mm.dev/"">7m</a> is the best platform, it offers various options, I can play with friends or solo, 7m is a great site for socializing and having fun, the gaming experience is smooth, and the site is secure, I enjoy playing at 7m every day, it's my favorite."
7m,https://cfah.org/does-cbd-make-you-sleepy/?unapproved=4513038&moderation-hash=d614ef96ee0acca1d5fd1ff2ee6ebdd7/,https://cfah.org/does-cbd-make-you-sleepy/?unapproved=4572796&moderation-hash=09784340e7fdfaa00b0c9a5c7bf0508d#comment-4572796,"A friend introduced me to a site with <a href=""https://7mm.dev/"">7m</a>, and I was impressed by the variety of online games, including sports betting and live scores, the site is well-designed, with a user-friendly interface, and a wide range of payment options, making it easy to deposit and withdraw funds quickly."
7m,https://blog.mumzworld.com/baby-car-seats-buyers-guide/,https://blog.mumzworld.com/baby-car-seats-buyers-guide/#comment-412429,"For all my gaming needs, I visit a site featuring <a href=""https://7mm.dev/"">7m</a>, offering an impressive range of online games, sports betting, and live scores, the site is easy to navigate, with a secure payment system, and excellent customer support, making my gaming experience enjoyable and stress-free every time."
7m,http://roulemapoule973.unblog.fr/2014/03/06/patagonie-mon-amour/comment-page-53/,http://roulemapoule973.unblog.fr/2014/03/06/patagonie-mon-amour/comment-page-53/#comment-64553,"The site I use for online gaming has <a href=""https://7mm.dev/"">7m</a>, and it offers a unique blend of sports betting, card games, and online casino options, the live scores and updates are timely, and the promotions are exciting, I enjoy the thrill of playing and watching games on this platform with my friends and family."
7m,https://jardinrest.id/meningkatkan-kolaborasi-antar-daerah-dengan-kahminasional/?unapproved=10620&moderation-hash=8632b18616dab5a38d17c4734943e6a3/,https://jardinrest.id/meningkatkan-kolaborasi-antar-daerah-dengan-kahminasional/?unapproved=11285&moderation-hash=f868ad3c122d010a3ddd8260a7c0624d#comment-11285,"For online gaming and sports betting, I visit a site featuring <a href=""https://7mm.dev/"">7m</a>, it offers a comprehensive range of options, including live scores and updates, the site is well-designed, with a user-friendly interface, and a wide range of payment options, making it easy to navigate and play games smoothly."
7m,https://ceveh.com.br/2024/04/agenda-da-prefeita-adriane-lopes-nesta-segunda-feira-22-cgnoticias/?unapproved=1370173&moderation-hash=d35f9b316b8ba983b501c2b782b9cadc/,https://ceveh.com.br/2024/04/agenda-da-prefeita-adriane-lopes-nesta-segunda-feira-22-cgnoticias/?unapproved=1447505&moderation-hash=d36ac2cfda7b2287dfe9b409d39684c8#comment-1447505,"I was looking for a site with <a href=""https://7mm.dev/"">7m</a>, and I found a great online gaming platform, offering a wide range of games, including lottery and online casino options, the site is secure, with a reliable payment system, and excellent customer support, making my gaming experience enjoyable and hassle-free always."
7m,https://kayali.id/mg-4d-platform-aman-untuk-pecinta-togel-online/?unapproved=3564&moderation-hash=e1e8dbcd3155dc02bd7865e6749520e8/,https://kayali.id/mg-4d-platform-aman-untuk-pecinta-togel-online/?unapproved=3753&moderation-hash=5fea16dfc85dbd86d0f3569ebfb6df1e#comment-3753,"I'm impressed by the online gaming site I use, with <a href=""https://7mm.dev/"">7m</a> as its core, it offers an exciting range of games, including card games and online casino options, the site is secure, with a reliable payment system, and excellent customer support, making my gaming experience enjoyable and stress-free every time."
7m,https://pplh.ipb.ac.id/2022/06/10/tim-pplh-ipb-melakukan-verifikasi-hasil-penanaman-mangrove-di-ramsar-site-pulau-rambut/20220609_103637/,https://pplh.ipb.ac.id/2022/06/10/tim-pplh-ipb-melakukan-verifikasi-hasil-penanaman-mangrove-di-ramsar-site-pulau-rambut/20220609_103637/#comment-173292,"I found a great site for online gaming, <a href=""https://7mm.dev/"">7m</a> offers various options including sports betting and card games, it's really fun to play and watch live scores, I enjoy playing football betting and lottery on this platform every day with friends."
7m,https://porncold.com/booty-content-for-xvideos-assparade-leana-lovings-04-10-2023/,https://porncold.com/booty-content-for-xvideos-assparade-leana-lovings-04-10-2023/#comment-1581357,"The <a href=""https://7mm.dev/"">7m</a> site is amazing for online casino and digital entertainment, I play card games and sports betting, it's easy to navigate and offers great bonuses, I like to follow live scores and play football betting, the site is secure and reliable for transactions."
7m,https://ceveh.com.br/2024/04/agenda-da-prefeita-adriane-lopes-nesta-segunda-feira-22-cgnoticias/?unapproved=1370191&moderation-hash=d4716a39b362202b4c2f3c9d41d5ee19/,https://ceveh.com.br/2024/04/agenda-da-prefeita-adriane-lopes-nesta-segunda-feira-22-cgnoticias/?unapproved=1447510&moderation-hash=6db70ef74f09da84be0e4f3d1b30f6d6#comment-1447510,"For online gaming and sports betting, I recommend <a href=""https://7mm.dev/"">7m</a>, it has a wide range of options including card games and lottery, I play football betting and watch live scores, the site is user-friendly and has great customer support, I enjoy playing with friends and family every weekend."
7m,https://dashesbase.id/demo-slot-olympus-mesin-yang-paling-banyak-memberikan-keberuntungan/?unapproved=3349&moderation-hash=37fef2ea74113938f0d7fb993a5d4eb8/,https://dashesbase.id/demo-slot-olympus-mesin-yang-paling-banyak-memberikan-keberuntungan/?unapproved=3623&moderation-hash=02bdefdb3ea5d77ccfea0ca6d7a39d6a#comment-3623,"I've been playing on <a href=""https://7mm.dev/"">7m</a> for months, it's a great platform for online gaming and sports betting, I enjoy playing card games and football betting, the site has live scores and lottery options, it's secure and reliable, I like to play with friends and family, it's really fun."
7m,https://expcloud.com/2017/10/26/introducing-exp-enterprise-dashboard-your-control-panel-to-pilot-your-business/?unapproved=7020&moderation-hash=6f9aca1b2bb81b106c2183d66e967ca2/,https://expcloud.com/2017/10/26/introducing-exp-enterprise-dashboard-your-control-panel-to-pilot-your-business/?unapproved=7977&moderation-hash=43818acc1874b6362631734ffaea5e5e#comment-7977,"The online gaming platform I prefer has <a href=""https://7mm.dev/"">7m</a>, and it offers a unique blend of sports betting, live scores, and online games, the site is easy to navigate, with a user-friendly interface, and a wide range of payment options, making it easy to deposit and withdraw funds quickly and securely always."
7m,http://agora-urba.eu/2016/09/15/restauration-du-parc-marie-jose-beliris/?unapproved=386344&moderation-hash=4bae16988fc74f53fa72313a6c62be57/,http://agora-urba.eu/2016/09/15/restauration-du-parc-marie-jose-beliris/?unapproved=394423&moderation-hash=c9a693e6c7252e0c4afd0c07bf1b7779#comment-394423,"The <a href=""https://7mm.dev/"">7m</a> site is perfect for online casino and digital entertainment, I play sports betting and card games, it's easy to use and offers great bonuses, I follow live scores and play football betting, the site is secure and has great customer support, I like to play every day."
7m,https://ceveh.com.br/2024/04/agenda-da-prefeita-adriane-lopes-nesta-segunda-feira-22-cgnoticias/?unapproved=1370193&moderation-hash=db1198670b1cde95dd2517b52de60ab5/,https://ceveh.com.br/2024/04/agenda-da-prefeita-adriane-lopes-nesta-segunda-feira-22-cgnoticias/?unapproved=1447514&moderation-hash=27e01248768852f1a97af733086f003c#comment-1447514,"For football betting and live scores, I use <a href=""https://7mm.dev/"">7m</a>, it's a great site for online gaming and sports betting, I play card games and lottery, the site is user-friendly and has great bonuses, I enjoy playing with friends and family, it's really fun and exciting every time."
7m,https://dashesbase.id/demo-slot-olympus-mesin-yang-paling-banyak-memberikan-keberuntungan/?unapproved=3350&moderation-hash=32ba243786f317282bb105fe75db6d92/,https://dashesbase.id/demo-slot-olympus-mesin-yang-paling-banyak-memberikan-keberuntungan/?unapproved=3624&moderation-hash=acc4be24cd8375d506ba0bffd44fca01#comment-3624,"I play online games on <a href=""https://7mm.dev/"">7m</a>, it's a great platform for sports betting and card games, I enjoy playing football betting and watching live scores, the site has lottery options and is secure, I like to play with friends and family, it's a great way to spend time together."
7m,https://pplh.ipb.ac.id/2022/10/17/lakukan-kajian-ekoriparian-kawasan-rokan-riau-pertamina-phr-libatkan-pplh-ipb/,https://pplh.ipb.ac.id/2022/10/17/lakukan-kajian-ekoriparian-kawasan-rokan-riau-pertamina-phr-libatkan-pplh-ipb/#comment-173293,"For online casino and sports betting, I recommend <a href=""https://7mm.dev/"">7m</a>, it has a wide range of options including card games and lottery, I play football betting and watch live scores, the site is user-friendly and has great customer support, I like to play with friends and family, it's really fun."
7m,https://raiz-ta.com/yobou2/,https://raiz-ta.com/yobou2#comment-890307,"I've been using <a href=""https://7mm.dev/"">7m</a> for online gaming and sports betting, it's a great platform, I play card games and football betting, the site has live scores and lottery options, it's secure and reliable, I enjoy playing with friends and family, it's a great way to spend time together online."
7m,https://yamato-rs.com/kimg0020-jpg-2/,https://yamato-rs.com/kimg0020-jpg-2/#comment-1142816,"I recently discovered a great online gaming site related to <a href=""https://7mm.dev/"">7m</a>, offering various sports betting options and live scores, it's really convenient for football fans like me to place bets and follow matches, the site is user-friendly and has a wide range of games, I enjoy playing on 7m."
7m,https://xn--80aa0abgic9b.xn--p1ai/eurovi2018/,https://xn--80aa0abgic9b.xn--p1ai/eurovi2018/#comment-517495,"The <a href=""https://7mm.dev/"">7m</a> site is amazing for online gaming and digital entertainment, I play card games and sports betting, it's easy to navigate and offers great bonuses, I follow live scores and play football betting, the site is secure and reliable, I enjoy playing every day with friends."
7m,https://raiz-ta.com/archives/1318/r%ef%bc%95-9%e6%9c%88%e8%a1%8c%e4%ba%8b%e4%ba%88%e5%ae%9a%e8%a1%a8/,https://raiz-ta.com/archives/1318/r%ef%bc%95-9%e6%9c%88%e8%a1%8c%e4%ba%8b%e4%ba%88%e5%ae%9a%e8%a1%a8#comment-890314,"For all my football betting needs, I head to a great online gaming site that features <a href=""https://7mm.dev/"">7m</a>, with live scores and updates, I can stay on top of my favorite teams and players, the site also offers a range of other sports and games, making it a one-stop shop for all my gaming needs on 7m."
7m,http://www.namnewsnetwork.org/es/?p=5819/,http://www.namnewsnetwork.org/es/?p=5819#comment-3696531,"I recently discovered an amazing online gaming site related to <a href=""https://7mm.dev/"">7m</a>, offering various sports betting options and live scores, it's a great platform for football fans like me to engage with my favorite teams and players while enjoying the thrill of betting on 7m matches and events daily."
7m,https://www.camillaceccatelli.com/project/digital-art-easter-dragon/,https://www.camillaceccatelli.com/project/digital-art-easter-dragon/#comment-284788,"The online gaming site I use for <a href=""https://7mm.dev/"">7m</a> is incredibly comprehensive, featuring not just sports betting but also card games, lottery, and online casino options, providing an all-in-one entertainment experience for users who enjoy the thrill of 7m and other digital games and activities every day."
7m,https://samaysakshya.co.in/two-day-contemplation-camp-dgp-gave-a-presentation-on-cyber-crime/,https://samaysakshya.co.in/two-day-contemplation-camp-dgp-gave-a-presentation-on-cyber-crime/#comment-351203,"I've been using this online gaming site for <a href=""https://7mm.dev/"">7m</a> for a while now, and I must say it's the best platform for live scores, sports news, and betting odds, all centered around 7m, making it easy for me to stay updated and make informed decisions on my 7m bets every single day."
7m,https://www.arpt.gov.gn/decision-relative-a-la-designation-des-operateurs-dominants/,https://www.arpt.gov.gn/decision-relative-a-la-designation-des-operateurs-dominants/#comment-91398,"This <a href=""https://7mm.dev/"">7m</a> online gaming site is my go-to destination for all things football, offering an array of betting options, from simple wagers to complex bets, all designed to enhance my 7m viewing experience, allowing me to enjoy the game while testing my prediction skills and luck daily."
7m,https://floridanoticias.com.uy/william-martinez-se-aleja-oficialmente-del-gremio-de-los-municipales/?unapproved=376937&moderation-hash=aed48f7cb66e540f767c7b125b4f9aae/,https://floridanoticias.com.uy/william-martinez-se-aleja-oficialmente-del-gremio-de-los-municipales/?unapproved=381140&moderation-hash=7e847757c47c48846200df5a67a75787#comment-381140,"For all my <a href=""https://7mm.dev/"">7m</a> needs, I head to this fantastic online gaming website that streams live football matches, provides real-time updates, and allows for seamless betting on my favorite 7m teams, making it a one-stop destination for any 7m enthusiast looking for a fun and engaging experience always."
7m,https://3maerosoladhesivemalaysiasupplier.diecut.com.my/2023/04/16/3m-spray-adhesive-perak-supplier/,https://3maerosoladhesivemalaysiasupplier.diecut.com.my/2023/04/16/3m-spray-adhesive-perak-supplier/#comment-316212,"I love how this online gaming site dedicated to <a href=""https://7mm.dev/"">7m</a> combines traditional sports betting with innovative features like live betting and cash-out options, giving me more control over my 7m wagers and enhancing my overall gaming experience with exciting and dynamic 7m matches."
7m,https://blog.classicshapewear.com/feel-good-and-look-great-teri-lingerie-panties-for-every-occasion/teri-lingerie-katherine-panty-751-beige_10-3/,https://blog.classicshapewear.com/feel-good-and-look-great-teri-lingerie-panties-for-every-occasion/teri-lingerie-katherine-panty-751-beige_10-3/#comment-313355,"The <a href=""https://7mm.dev/"">7m</a> section on this online gaming site is particularly impressive, with detailed statistics, expert analysis, and real-time updates, helping me make the most of my 7m betting experience and ensuring I never miss out on any important 7m matches or events throughout the season."
7m,https://www.recyclean.in/explained-india-topped-air-pollution-death-toll-in-2019-says-report/comment-page-145/,https://www.recyclean.in/explained-india-topped-air-pollution-death-toll-in-2019-says-report/comment-page-168/#comment-164270,"The community on this <a href=""https://7mm.dev/"">7m</a> online gaming site is very active, with forums and chat rooms where users can discuss 7m matches, share tips, and participate in competitions, making it a great place to connect with other 7m enthusiasts and learn from their experiences and strategies."
7m,https://www.recyclean.in/new-way-to-recycle-lithium-ion-batteries-will-save-planet-from-toxic-waste/comment-page-71/,https://www.recyclean.in/new-way-to-recycle-lithium-ion-batteries-will-save-planet-from-toxic-waste/comment-page-85/#comment-164273,"This online gaming site is a treasure trove for <a href=""https://7mm.dev/"">7m</a> fans, offering not just betting opportunities but also news, analysis, and entertainment content centered around 7m, ensuring that I stay engaged and informed about the world of 7m and its exciting developments every day."
7m,https://www.ivanglinkin.com/top-10-global-ceh-master-cnda-cnd-information-security-analyst/leaderboard_2/,https://www.ivanglinkin.com/top-10-global-ceh-master-cnda-cnd-information-security-analyst/leaderboard_2/#comment-393571,"I recently discovered a great online gaming site related to <a href=""https://7mm.dev/"">7m</a>, offering various sports betting options and live scores, it's really convenient for football fans like me to place bets and check results instantly on 7m and other sports."
7m,https://www.echafaudage-coffrage-etaiement.org/annuaire/echafaudage-service/,https://www.echafaudage-coffrage-etaiement.org/annuaire/echafaudage-service/#comment-575838,"For an immersive <a href=""https://7mm.dev/"">7m</a> experience, I rely on this online gaming site, which offers high-quality live streaming of football matches, along with interactive features and betting options, creating a unique and engaging way to enjoy 7m and connect with fellow fans worldwide every day."
7m,https://www.recyclean.in/here-is-why-the-electric-vehicle-battery-recycling-market-will-see-an-upturn-by-2030/comment-page-60/,https://www.recyclean.in/here-is-why-the-electric-vehicle-battery-recycling-market-will-see-an-upturn-by-2030/comment-page-72/#comment-164275,"The online gaming site I frequently visit has an amazing section dedicated to <a href=""https://7mm.dev/"">7m</a>, with a wide range of card games and lottery options, making it a one-stop entertainment platform for users who enjoy 7m and other digital games."
7m,https://eshop.modelyf1.cz/2022/09/30/internet-dating-slavic-girls-tips/,https://eshop.modelyf1.cz/2022/09/30/internet-dating-slavic-girls-tips/#comment-1390287,"If you're looking for a comprehensive online gaming platform that includes <a href=""https://7mm.dev/"">7m</a>, look no further, this site has everything from sports betting to card games, and it's really easy to navigate and find your favorite games like 7m."
7m,https://jepara.kemenag.go.id/man-2-jepara-binaan-kemenag-raih-terbaik-i-penghargaan-ikpa/,https://jepara.kemenag.go.id/man-2-jepara-binaan-kemenag-raih-terbaik-i-penghargaan-ikpa/#comment-261061,"For all sports enthusiasts, I highly recommend checking out this online gaming site that features <a href=""https://7mm.dev/"">7m</a>, providing live updates and betting odds, it's a great way to engage with 7m and other sports while having fun and possibly winning big."
7m,https://www.kancelaria-walterowicz.pl/blog/uniewaznienie-umowy-frankowej-sady-odchodza-od-teorii-salda/?unapproved=202091&moderation-hash=4913ced6c434896ca5ead4a777b21434/,https://www.kancelaria-walterowicz.pl/blog/uniewaznienie-umowy-frankowej-sady-odchodza-od-teorii-salda/?unapproved=243825&moderation-hash=a306748621bc3350d775290883a0d5e7#comment-243825,"The online gaming site I use for <a href=""https://7mm.dev/"">7m</a> has a great selection of sports betting options, including live scores and updates, it's really enjoyable to watch and bet on my favorite teams while following 7m and other sports."
7m,https://pathocert.eu/shortcodes/contact-info/,https://pathocert.eu/shortcodes/contact-info/#comment-38837,"This fantastic online gaming site I stumbled upon offers an incredible experience for <a href=""https://7mm.dev/"">7m</a> and other online casino games, with great bonuses and a user-friendly interface, it's perfect for those who enjoy 7m and want to try their luck."
7m,https://sabuthomas.com/alumini/moly-k-a/,https://sabuthomas.com/alumini/moly-k-a/#comment-605013,"I'm excited to share my experience with this online gaming site that features <a href=""https://7mm.dev/"">7m</a>, offering a wide range of lottery and online casino games, it's a great place to relax and have fun playing 7m and other games."
7m,https://yamato-rs.com/2018/08/23/%e3%82%a4%e3%83%a2%e3%83%93%e9%8d%b5%e4%bd%9c%e6%88%90/kimg14211966071346-jpg/,https://yamato-rs.com/2018/08/23/%e3%82%a4%e3%83%a2%e3%83%93%e9%8d%b5%e4%bd%9c%e6%88%90/kimg14211966071346-jpg/#comment-1142948,"For fans of <a href=""https://7mm.dev/"">7m</a> and online casino games, I recommend checking out this site, it has a great selection of games and a user-friendly interface, making it easy to find and play your favorite games like 7m and have a great time."
7m,https://cfah.org/best-cbd-cream-for-eczema/?unapproved=4532111&moderation-hash=2984ca8f9e2b4844a1710018bb833f66/,https://cfah.org/best-cbd-cream-for-eczema/?unapproved=4572916&moderation-hash=36cbb94a62c61c1dcc249d3336e0c6b2#comment-4572916,"I've been using this online gaming site for <a href=""https://7mm.dev/"">7m</a> and other sports betting options, and I'm really impressed with the live updates and betting odds, it's a great way to engage with 7m and other sports while having fun and possibly winning."
7m,https://seputarbanten.id/pemkot-tangsel-bagikan-ribuan-bendera-merah-putih/,https://seputarbanten.id/pemkot-tangsel-bagikan-ribuan-bendera-merah-putih/#comment-251216,"This amazing online gaming site related to <a href=""https://7mm.dev/"">7m</a> offers a variety of card games, including poker and blackjack, it's a fantastic platform for users who enjoy 7m and other digital entertainment options."
7m,https://sit-insanmandiri.sch.id/karantina-al-quran-smpit-insan-mandiri-parung-bogor/,https://sit-insanmandiri.sch.id/karantina-al-quran-smpit-insan-mandiri-parung-bogor/#comment-381397,"I've been using <a href=""https://7mm.dev/"">7m</a> for football betting and it's amazing, with live scores, updates, and a wide range of betting options, making it easy to follow and bet on my favorite teams and players, all on one site."
7m,https://diplomaticweek.org/ortega-disuelve-la-asociacion-cruz-roja-nicaraguense/?unapproved=771918&moderation-hash=6c4d5a98814d3ec65205b4969343da41/,https://diplomaticweek.org/ortega-disuelve-la-asociacion-cruz-roja-nicaraguense/?unapproved=794260&moderation-hash=5d9258ba604d71b4aafb00613039ad7f#comment-794260,"I recently discovered <a href=""https://7mm.dev/"">7m</a> and it's my go-to platform for online gaming entertainment, offering various card games, sports betting, and lottery options, all in one convenient site, with great user experience and rewards."
7m,https://www.edukids.my/2018/04/28/education-lms-wordpress-plugin/,https://www.edukids.my/2018/04/28/education-lms-wordpress-plugin/#comment-579541,"<a href=""https://7mm.dev/"">7m</a> is an excellent online gaming site, providing an array of card games, including poker and blackjack, with great graphics and smooth gameplay, making it a fun and engaging experience for users, with regular updates and new games added."
7m,https://blogs.marinij.com/northbaywoman/hello-kindness/?unapproved=369545&moderation-hash=9bf969476a7c41369a4892db44f72b7a/,https://blogs.marinij.com/northbaywoman/hello-kindness/?unapproved=404949&moderation-hash=84be0dc991dfe06c758f773f647ff09d#comment-404949,"I'm a big fan of online casino games and <a href=""https://7mm.dev/"">7m</a> has an impressive collection, including slots, roulette, and more, with great jackpots and rewards, making it an exciting and rewarding experience, with new games added regularly, keeping the site fresh."
7m,https://www.recyclean.in/new-way-to-recycle-lithium-ion-batteries-will-save-planet-from-toxic-waste/comment-page-72/,https://www.recyclean.in/new-way-to-recycle-lithium-ion-batteries-will-save-planet-from-toxic-waste/comment-page-85/#comment-164288,"For sports enthusiasts, <a href=""https://7mm.dev/"">7m</a> is a great platform, offering live scores, sports news, and betting options, allowing users to follow their favorite sports and teams, with a user-friendly interface and great customer support, making it a top choice."
7m,https://thespeedpost.com/pregnant-woman-burnt-to-death-for-dowry-at-bhojpur-village/,https://thespeedpost.com/pregnant-woman-burnt-to-death-for-dowry-at-bhojpur-village/#comment-2167883,"I've been playing card games on <a href=""https://7mm.dev/"">7m</a> for a while now and it's been a great experience, with a variety of games to choose from, including poker, blackjack, and more, with great graphics and smooth gameplay, making it a fun and engaging experience, with regular updates."
7m,https://www.techkul.com/php_11ee9dd6c812cc56578e77564849e1e9/,https://www.techkul.com/php_11ee9dd6c812cc56578e77564849e1e9/#comment-528108,"For lottery enthusiasts, <a href=""https://7mm.dev/"">7m</a> is a great platform, offering a range of lottery games, with great jackpots and rewards, making it an exciting and potentially rewarding experience, with a user-friendly interface and great customer support, available to help with any questions."
7m,https://www.recyclean.in/centre-releases-rs-1154-90-crore-grants-to-states-for-urban-local-bodies/comment-page-69/,https://www.recyclean.in/centre-releases-rs-1154-90-crore-grants-to-states-for-urban-local-bodies/comment-page-81/#comment-164290,"<a href=""https://7mm.dev/"">7m</a> is a comprehensive online gaming site, offering a wide range of entertainment options, from card games to sports betting, and lottery, making it a one-stop destination for users, with a great user interface and excellent customer support, available 24/7."
7m,https://raiz-ta.com/9/,https://raiz-ta.com/9#comment-890403,"<a href=""https://7mm.dev/"">7m</a> is an excellent site for football fans, offering live scores, sports news, and betting options, allowing users to follow their favorite teams and players, with a great user interface and excellent customer support, making it a top choice for sports enthusiasts, with a wide range of options."
7m,https://lmp2.ca/wp/?attachment_id=568/,https://lmp2.ca/wp/?attachment_id=568#comment-687368,"I recently joined <a href=""https://7mm.dev/"">7m</a> and it's been a great experience, with a wide range of online gaming options, including card games, sports betting, and online casino games, making it a fun and engaging experience, with great rewards and a user-friendly interface, available 24/7 for users."
7m,https://www.recyclean.in/varanasis-unique-enterprise-aims-to-curb-citys-plastic-menace-through-a-deposit-bank/comment-page-82/,https://www.recyclean.in/varanasis-unique-enterprise-aims-to-curb-citys-plastic-menace-through-a-deposit-bank/comment-page-94/#comment-164293,"I recently discovered an amazing online gaming site related to <a href=""https://7mm.dev/"">7m</a>, offering various sports betting options and live scores, it's perfect for football fans like me to bet and watch games online with 7m."
7m,https://www.ascezen.com/can-case-study-help-selling/case-study_business-writing_ascezen-2/,https://www.ascezen.com/can-case-study-help-selling/case-study_business-writing_ascezen-2/#comment-260903,"For all my sports betting needs, I rely on a trusted online gaming site that includes <a href=""https://7mm.dev/"">7m</a>, offering competitive odds and live updates, making my betting experience with 7m enjoyable and engaging always online."
7m,http://produtos.paginaoficial.ws/como-tornar-seu-curriculo-mais-atrativo-para-o-mercado/,http://produtos.paginaoficial.ws/como-tornar-seu-curriculo-mais-atrativo-para-o-mercado/#comment-140269,"I'm excited to share my experience with a comprehensive online gaming site that features <a href=""https://7mm.dev/"">7m</a>, providing an array of card games, lottery, and online casino options, all in one convenient platform with 7m."
7m,https://www.parks-und-gaerten.de/plus/,https://www.parks-und-gaerten.de/plus/#comment-2273234,"With <a href=""https://7mm.dev/"">7m</a>, I can access a wide range of online games, including card games and lottery, all on one site, which is convenient and fun, providing an excellent gaming experience with 7m always."
7m,https://fancychico.com/foto-portada-fancy-chico-1aw2122/,https://fancychico.com/foto-portada-fancy-chico-1aw2122#comment-604149,"I enjoy playing card games on an online gaming site that features <a href=""https://7mm.dev/"">7m</a>, the variety of games and tournaments is impressive, and with 7m, I can play anytime and anywhere online with ease."
7m,https://education.ssru.ac.th/%e0%b9%80%e0%b8%a3%e0%b8%b2%e0%b8%aa%e0%b8%a3%e0%b9%89%e0%b8%b2%e0%b8%87%e0%b8%9a%e0%b8%b1%e0%b8%93%e0%b8%91%e0%b8%b4%e0%b8%95%e0%b9%83%e0%b8%ab%e0%b9%89%e0%b9%80%e0%b8%9b%e0%b9%87%e0%b8%99%e0%b8%a7/,https://education.ssru.ac.th/%e0%b9%80%e0%b8%a3%e0%b8%b2%e0%b8%aa%e0%b8%a3%e0%b9%89%e0%b8%b2%e0%b8%87%e0%b8%9a%e0%b8%b1%e0%b8%93%e0%b8%91%e0%b8%b4%e0%b8%95%e0%b9%83%e0%b8%ab%e0%b9%89%e0%b9%80%e0%b8%9b%e0%b9%87%e0%b8%99%e0%b8%a7/#comment-1933678,"The online gaming site I use for <a href=""https://7mm.dev/"">7m</a> has a user-friendly interface, making it easy to navigate and find my favorite sports betting and card games, with 7m offering a great experience overall always."
7m,https://flowlinevalve.com/2022/01/ptfe-lined-swing-check-valve-manufacturer-in-india-2/,https://flowlinevalve.com/2022/01/ptfe-lined-swing-check-valve-manufacturer-in-india-2/#comment-68847,"I've been using an online gaming site with <a href=""https://7mm.dev/"">7m</a> for my sports betting needs, and it's been great, with competitive odds and live scores, making my experience with 7m enjoyable and exciting always."
7m,https://chupin-philippe.com/portfolio_page/photos-8eme-ri/8emeri-06b/?unapproved=451458&moderation-hash=3282dc8a751fc5c6bca4d9a5bbf62286/,https://chupin-philippe.com/portfolio_page/photos-8eme-ri/8emeri-06b/?unapproved=501300&moderation-hash=8a034a08c37a87f06769f7a1a54b3660#comment-501300,"For a fantastic online gaming experience with <a href=""https://7mm.dev/"">7m</a>, I recommend a site that offers a mix of sports betting, card games, and online casino options, all with 7m, providing endless entertainment and fun always online."
7m,https://www.parks-und-gaerten.de/gartenfinder_kriterien/,https://www.parks-und-gaerten.de/gartenfinder_kriterien/#comment-2273236,"The online gaming site I use for <a href=""https://7mm.dev/"">7m</a> is secure and reliable, offering a great selection of sports betting options, including football and other sports, with 7m providing a seamless experience always."
7m,https://ebinatajima.com/equipment_thum01/,https://ebinatajima.com/equipment_thum01/#comment-146709,"I recently discovered <a href=""https://7mm.dev/"">7m</a>, and it's amazing, they offer various online games, including football betting, and card games, I can watch live scores, and play lottery, the site is secure, and easy to use, I can play with friends, and family, it's a great way to spend time, and have fun at 7m."
7m,https://slnutrition.com/receitas-para-comer-bem-muito-bem/,https://slnutrition.com/receitas-para-comer-bem-muito-bem/#comment-774194,"I love playing online games at <a href=""https://7mm.dev/"">7m</a>, it's so much fun, they have sports betting, card games, and lottery, I can play anywhere, the site is user-friendly, and I can access it easily, they also have live scores, and online casino, it's a great site for entertainment, I enjoy it every day at 7m."
7m,https://djmathieug.com/img_1908/,https://djmathieug.com/img_1908/#comment-771886,"For online gaming, I always choose <a href=""https://7mm.dev/"">7m</a>, they have a wide range of games, including sports betting, and online casino, I can play card games, and lottery, the site is fast, and reliable, I can access it from anywhere, they also have live scores, and updates, it's a great site for entertainment at 7m."
7m,https://educamp.jp/1786/,https://educamp.jp/1786#comment-150863,"The online gaming site I prefer for <a href=""https://7mm.dev/"">7m</a> has excellent customer support, a wide range of games, and convenient payment options, making my gaming experience with 7m smooth and enjoyable always online."
7m,https://medical-terrace.co.jp/header-logo/,https://medical-terrace.co.jp/header-logo/#comment-27703,"I'm a big fan of football, and <a href=""https://7mm.dev/"">7m</a> is my go-to site, they have live scores, and football betting, I can watch games, and play online, the site is user-friendly, and secure, I can play with friends, and family, it's a great way to spend time, and have fun, I love playing at 7m."
7m,https://dnaberita.com/bicara-lingkungan-hidup-amphibi-pemerintah-kota-bekasi-wajib-evaluasi-siapa-saja-yang-bertanggung-jawab-terhadap-pencemaran-kali-asem/?unapproved=1837664&moderation-hash=1af1799edb3c8766f19ea24ceade1073/,https://dnaberita.com/bicara-lingkungan-hidup-amphibi-pemerintah-kota-bekasi-wajib-evaluasi-siapa-saja-yang-bertanggung-jawab-terhadap-pencemaran-kali-asem/?unapproved=1857421&moderation-hash=f2642e099a1cc34763640f2a384e2b7f#comment-1857421,"I recently started playing at <a href=""https://7mm.dev/"">7m</a>, and it's been a great experience, they offer online games, including football betting, and card games, I can watch live scores, and play lottery, the site is fast, and reliable, I can play with friends, and family, it's a great way to spend time, and have fun at 7m."
7m,https://www.centroasturianodemexico.com/frontenis/frontenis-entrega-de-trofeos-a-los-ganadores-de-los-torneos-2018/,https://www.centroasturianodemexico.com/frontenis/frontenis-entrega-de-trofeos-a-los-ganadores-de-los-torneos-2018/#comment-1205950,"At <a href=""https://7mm.dev/"">7m</a>, I can play various online games, including card games, and lottery, they also have sports betting, and online casino, the site is easy to use, and secure, I can access it from anywhere, they have live scores, and updates, it's a great site for entertainment, I enjoy playing at 7m every day."
7m,https://mylifeandkids.com/diy-dollar-store-thanksgiving-turkey-name-cards/?unapproved=3119484&moderation-hash=6ea65f06e5867caa6bd531b7b12add18/,https://mylifeandkids.com/diy-dollar-store-thanksgiving-turkey-name-cards/?unapproved=3242956&moderation-hash=10121cec3cc0075f91d34992293b027d#comment-3242956,"I'm a big fan of football, and <a href=""https://7mm.dev/"">7m</a> is my go-to site, they have live scores, and football betting, I can watch games, and play online, the site is user-friendly, and secure, I can play with friends, and family, it's a great way to spend time, and have fun, I love playing at 7m."
7m,https://www.yiwu2050.com/forex-news/interactive-brokers-registers-10-m-m-increase-in-trades-in-june-2021/,https://www.yiwu2050.com/forex-news/interactive-brokers-registers-10-m-m-increase-in-trades-in-june-2021/#comment-3693122,"I love playing card games at <a href=""https://7mm.dev/"">7m</a>, they have a great selection, including poker, and blackjack, I can play online, and watch live scores, the site is easy to use, and secure, I can play with friends, and family, it's a great way to spend time, and have fun, I enjoy playing at 7m every day."
7m,https://ejornais.com.br/index.php/2024/04/18/setor-de-cadastro-do-iamspe-tera-atendimento-noturno-aos-fins-de-semana-e-feriados/,https://ejornais.com.br/index.php/2024/04/18/setor-de-cadastro-do-iamspe-tera-atendimento-noturno-aos-fins-de-semana-e-feriados/#comment-1079691,"For online entertainment, I always choose <a href=""https://7mm.dev/"">7m</a>, they have a wide range of games, including sports betting, and online casino, I can play card games, and lottery, the site is user-friendly, and secure, I can access it from anywhere, they also have live scores, and updates, it's a great site at 7m."
7m,http://tominosuke.jp/img_1508/,http://tominosuke.jp/img_1508/#comment-2542668,"I'm a big fan of online gaming, and <a href=""https://7mm.dev/"">7m</a> is my favorite site, they offer various games, including football betting, and card games, I can watch live scores, and play lottery, the site is user-friendly, and secure, I can play with friends, and family, it's a great way to spend time at 7m."
7m,http://base-one.co.jp/web-7/,http://base-one.co.jp/web-7/#comment-289197,"At <a href=""https://7mm.dev/"">7m</a>, I can play online games, including sports betting, and lottery, they also have card games, and online casino, the site is fast, and reliable, I can access it from anywhere, they have live scores, and updates, it's a great site for entertainment, I love playing at 7m every day."
7m,https://childrensermons.com/samaritan-espanol/,https://childrensermons.com/samaritan-espanol/#comment-4098260,"At <a href=""https://7mm.dev/"">7m</a>, I can play online games, including sports betting, and lottery, they also have card games, and online casino, the site is fast, and reliable, I can access it from anywhere, they have live scores, and updates, it's a great site for entertainment, I love playing at 7m every day."
7m,https://multistyle.work/portfolio/control-2/,https://multistyle.work/portfolio/control-2/#comment-477258,"I recently discovered <a href=""https://7mm.dev/"">7m</a>, and it's been my go-to site for online casino games, they have a wide range of options, from lottery to card games, and even sports betting, the interface is user-friendly, and the customer support is excellent, I'm really enjoying my time on 7m, highly recommended."
7m,https://floridanoticias.com.uy/william-martinez-se-aleja-oficialmente-del-gremio-de-los-municipales/?unapproved=376934&moderation-hash=ae297077a9c88ed9bcb5634e41d577f3/,https://floridanoticias.com.uy/william-martinez-se-aleja-oficialmente-del-gremio-de-los-municipales/?unapproved=381142&moderation-hash=19aec91e736b2c600ea95ae27e3cee8e#comment-381142,"The online card games on <a href=""https://7mm.dev/"">7m</a> are so much fun, I can play with friends, or join tournaments, the site is secure, and the graphics are impressive, I've been using 7m for a while now, and I'm really satisfied, the customer support is helpful, and the rewards are exciting, great job 7m."
7m,https://www.ub.edu/multilingua/novetats-inici-de-curs-nova-matricula-nous-nivells-i-nou-sorteig/,https://www.ub.edu/multilingua/novetats-inici-de-curs-nova-matricula-nous-nivells-i-nou-sorteig/#comment-394440,"For all my sports betting needs, I rely on <a href=""https://7mm.dev/"">7m</a>, they provide live scores, and updates, making it easy to make informed decisions, the site is well-organized, and the odds are competitive, I've had a great experience with 7m, and I appreciate the variety of games and options available."
7m,https://www.nonchiamatemigroupie.it/2019/10/15/rockin-1000-linate-13-10-2019/,https://www.nonchiamatemigroupie.it/2019/10/15/rockin-1000-linate-13-10-2019/#comment-76525,"I love playing games on <a href=""https://7mm.dev/"">7m</a>, it's an amazing platform for online entertainment, offering various card games and sports betting options, including live scores and more, all in one place, really convenient for users like me, great experience so far with 7m, will definitely continue using it."
7m,https://emediatoday.com/hello-world-2/?unapproved=43390&moderation-hash=2fac3e873aa0403ae57cd17617a5bdc2/,https://emediatoday.com/hello-world-2/?unapproved=45892&moderation-hash=58f758b7027be564ee6c87740e3fb924#comment-45892,"I'm a big fan of football, and <a href=""https://7mm.dev/"">7m</a> is my favorite site for football betting, they offer live scores, and updates, the odds are great, and the site is easy to navigate, I've had a great experience with 7m, and I appreciate the variety of games, and options available, really enjoying it."
7m,https://www.artmaya.cz/art/moderni-obrazy-pro-vase-interiery/?unapproved=231787&moderation-hash=64208eb3b2c6fb3eb39cf5d561fa0af3/,https://www.artmaya.cz/art/moderni-obrazy-pro-vase-interiery/#comment-240775,"For a comprehensive online gaming experience, I choose <a href=""https://7mm.dev/"">7m</a>, they offer a wide range of games, from card games, to sports betting, and online casino, the site is user-friendly, and the graphics are impressive, I've been using 7m for a while now, and I'm really satisfied, great job, keep it up 7m."
7m,https://horecavietnam.vn/san-pham/nuoc-hoa-xit-phong-roto300/,https://horecavietnam.vn/san-pham/nuoc-hoa-xit-phong-roto300/#comment-500669,"I enjoy watching live scores on <a href=""https://7mm.dev/"">7m</a>, it's an amazing platform for sports enthusiasts, they provide updates, and analysis, making it easy to stay informed, the site is well-organized, and the odds are competitive, I've had a great experience with 7m, and I appreciate the variety of games, and options available."
7m,https://education.ssru.ac.th/%e0%b8%82%e0%b8%ad%e0%b9%80%e0%b8%8a%e0%b8%b4%e0%b8%8d%e0%b8%84%e0%b8%93%e0%b8%b2%e0%b8%88%e0%b8%b2%e0%b8%a3%e0%b8%a2%e0%b9%8c-%e0%b8%99%e0%b8%b1%e0%b8%81%e0%b8%a8%e0%b8%b6%e0%b8%81%e0%b8%a9%e0%b8%b2/,https://education.ssru.ac.th/%e0%b8%82%e0%b8%ad%e0%b9%80%e0%b8%8a%e0%b8%b4%e0%b8%8d%e0%b8%84%e0%b8%93%e0%b8%b2%e0%b8%88%e0%b8%b2%e0%b8%a3%e0%b8%a2%e0%b9%8c-%e0%b8%99%e0%b8%b1%e0%b8%81%e0%b8%a8%e0%b8%b6%e0%b8%81%e0%b8%a9%e0%b8%b2/#comment-1933713,"The online casino games on <a href=""https://7mm.dev/"">7m</a> are amazing, I can play from anywhere, at any time, the site is secure, and the prizes are huge, I've been using 7m for a while now, and I'm really happy, the customer support is helpful, and the rewards are exciting, great experience with 7m, definitely recommend."
7m,https://news.mangalayatan.in/2022/03/25/the-student-fought-with-the-british-through-journalism/,https://news.mangalayatan.in/2022/03/25/the-student-fought-with-the-british-through-journalism/#comment-692954,"I recently started playing card games on <a href=""https://7mm.dev/"">7m</a>, and it's been a blast, the site is easy to use, and the tournaments are exciting, I've been using 7m for a while now, and I'm really satisfied, the customer support is helpful, and the rewards are amazing, great job 7m, keep up the good work with 7m."
7m,https://gg-pr.jp/%e3%80%90%e6%84%9b%e7%9f%a5%e7%9c%8c%e3%80%91%e5%8d%8a%e7%94%b0%e5%b8%82%e6%9d%bf%e5%b1%b1%e7%94%ba%ef%bc%91%ef%bc%90%e4%b8%81%e7%9b%ae%e3%81%ae%e3%83%ad%e3%83%bc%e3%82%ab%e3%83%ab%e3%83%9e%e3%83%bc/,https://gg-pr.jp/%e3%80%90%e6%84%9b%e7%9f%a5%e7%9c%8c%e3%80%91%e5%8d%8a%e7%94%b0%e5%b8%82%e6%9d%bf%e5%b1%b1%e7%94%ba%ef%bc%91%ef%bc%90%e4%b8%81%e7%9b%ae%e3%81%ae%e3%83%ad%e3%83%bc%e3%82%ab%e3%83%ab%e3%83%9e%e3%83%bc/#comment-634933,"I enjoy playing card games on <a href=""https://7mm.dev/"">7m</a>, the online gaming site offers various options, including poker and blackjack, with great prizes and easy navigation, making it a great destination for entertainment, I have been using it for months now and it's really fun to play games on 7m."
7m,https://cfah.org/best-cbd-oil-for-migraines/?unapproved=4532038&moderation-hash=0dec6a13a5cdf32700ee72a31d5a9ae5/,https://cfah.org/best-cbd-oil-for-migraines/?unapproved=4572924&moderation-hash=fc8c240b17a310343e01c72dc2f78e03#comment-4572924,"I'm a huge fan of sports betting, and <a href=""https://7mm.dev/"">7m</a> is my go-to site, it offers competitive odds, live scores, and a wide range of sports to bet on, including football and basketball, the site is well-organized, and I can easily track my bets and winnings on 7m."
7m,https://chupin-philippe.com/portfolio_page/super-diet-family-bio/p-familybio-home/?unapproved=451437&moderation-hash=3028e6346bf91d675c1496cf62cea824/,https://chupin-philippe.com/portfolio_page/super-diet-family-bio/p-familybio-home/?unapproved=501321&moderation-hash=c3326640b8a22b10edfdbffb6be7bf1a#comment-501321,"The online casino section on <a href=""https://7mm.dev/"">7m</a> is incredible, with numerous slot machines and live dealer games, it provides an immersive experience, I love the variety of games available, and the website is user-friendly, making it easy to find and play my favorite games on 7m every day."
7m,https://keysaan.com/2024/04/15/customer-satisfaction-award/comment-page-112/,https://keysaan.com/2024/04/15/customer-satisfaction-award/comment-page-374/#comment-1385052,"On <a href=""https://7mm.dev/"">7m</a>, I can play lottery games and win big prizes, the site is secure, and I can trust it with my transactions, the user interface is intuitive, and I can easily purchase tickets and check results on 7m, it's a great way to try my luck."
7m,http://www.clintongaughran.com/wp/archives/275/cruzfeatured?unapproved=972917&moderation-hash=8a1ca925e1607e71588dd7a9dba787df/,http://www.clintongaughran.com/wp/archives/275/cruzfeatured?unapproved=1006853&moderation-hash=40ad73e4a8e756fbb415e6e933631e5b#comment-1006853,"I recently discovered the online gaming site <a href=""https://7mm.dev/"">7m</a>, and it's been a great experience, the site offers a wide range of games, including card games and slot machines, the graphics are impressive, and the site is easy to navigate, I can play games and have fun on 7m."
7m,https://prajatoday.com/preeksha-prianam-se-vidyarthiyon-ko-nirash-hone-ya-tnav-lene-kee-aavshykta-nheen/30/,https://prajatoday.com/preeksha-prianam-se-vidyarthiyon-ko-nirash-hone-ya-tnav-lene-kee-aavshykta-nheen/30#comment-41403,"The lottery games on <a href=""https://7mm.dev/"">7m</a> are exciting, I can play from anywhere, at any time, the site is convenient, and the prizes are huge, I've been using 7m for a while now, and I'm really happy, the customer support is helpful, and the rewards are amazing, great experience with 7m, definitely recommend."
7m,https://www.agusas.jp/%e3%82%a4%e3%83%99%e3%83%b3%e3%83%88%e6%83%85%e5%a0%b1/attachment/%e3%82%b5%e3%83%9c%e3%83%b3%e3%82%b8%e3%82%a7%e3%83%a0%ef%bc%91-1/,https://www.agusas.jp/%e3%82%a4%e3%83%99%e3%83%b3%e3%83%88%e6%83%85%e5%a0%b1/attachment/%e3%82%b5%e3%83%9c%e3%83%b3%e3%82%b8%e3%82%a7%e3%83%a0%ef%bc%91-1/#comment-1428379,"The live scores section on <a href=""https://7mm.dev/"">7m</a> is very helpful, it provides real-time updates on various sports, including football and tennis, I can track my favorite teams and players, and make informed bets, the site is reliable, and I can access it from anywhere on 7m."
7m,https://noto-highschool.com/20190131_155826/,https://noto-highschool.com/20190131_155826/#comment-819451,"On <a href=""https://7mm.dev/"">7m</a>, I can play online card games with other players, it's a great way to socialize and have fun, the site offers various card games, including poker and blackjack, the user interface is intuitive, and I can easily join tables and play games on 7m."
7m,https://horecavietnam.vn/san-pham/hop-dung-giay-ve-sinh-cuon-lon-roto3303/,https://horecavietnam.vn/san-pham/hop-dung-giay-ve-sinh-cuon-lon-roto3303/#comment-500678,"I have been using <a href=""https://7mm.dev/"">7m</a> for months now, and it's been a great experience, the site offers a wide range of online games, including online casino and lottery games, the site is secure, and I can trust it with my transactions, I enjoy playing games and having fun on 7m."
7m,https://news.mangalayatan.in/2023/06/08/ankita-became-miss-and-prashant-became-mr-farewell-2/,https://news.mangalayatan.in/2023/06/08/ankita-became-miss-and-prashant-became-mr-farewell-2/#comment-692964,"For a comprehensive online gaming experience, I recommend <a href=""https://7mm.dev/"">7m</a>, the site offers sports betting, online casino, and lottery games, it's a one-stop destination for all my gaming needs, the site is secure, and I can trust it with my transactions, I enjoy playing games on 7m."
7m,https://education.ssru.ac.th/918kissauto-%e0%b9%80%e0%b8%a7%e0%b9%87%e0%b8%9a%e0%b9%84%e0%b8%8b%e0%b8%95%e0%b9%8c%e0%b9%81%e0%b8%95%e0%b8%81%e0%b8%87%e0%b9%88%e0%b8%b2%e0%b8%a2-%e0%b9%80%e0%b8%a7%e0%b9%87%e0%b8%9a%e0%b8%aa/,https://education.ssru.ac.th/918kissauto-%e0%b9%80%e0%b8%a7%e0%b9%87%e0%b8%9a%e0%b9%84%e0%b8%8b%e0%b8%95%e0%b9%8c%e0%b9%81%e0%b8%95%e0%b8%81%e0%b8%87%e0%b9%88%e0%b8%b2%e0%b8%a2-%e0%b9%80%e0%b8%a7%e0%b9%87%e0%b8%9a%e0%b8%aa/#comment-1933733,"I recently discovered an amazing online gaming site related to <a href=""https://7mm.dev/"">7m</a>, offering various card games and sports betting options, it's a great platform for entertainment. The site is user-friendly and has a wide range of games, I enjoy playing here and recommend it to others for fun."
7m,https://mediamommanila.com/advocacy-program-awareness-on-mental-illness-in-ph/mediamommanila/?unapproved=3342573&moderation-hash=8541babc47d6cbedecf6a4f3dee74eaa/,https://mediamommanila.com/advocacy-program-awareness-on-mental-illness-in-ph/mediamommanila/?unapproved=3406786&moderation-hash=ebf92835664b1a84b18e65a7e3483d87#comment-3406786,"For online casino and lottery games, I always visit the <a href=""https://7mm.dev/"">7m</a> website, it's a one-stop destination for all my gaming needs. The site has a wide variety of games, including slots and poker, and offers great bonuses and promotions, making it a great place to have fun and win prizes occasionally."
7m,https://taperite.com/double-coated-and-two-sided-adhesive-tape/,https://taperite.com/double-coated-and-two-sided-adhesive-tape/#comment-687348,"I'm a big fan of card games and <a href=""https://7mm.dev/"">7m</a> has an amazing collection, including poker and blackjack, the site is easy to navigate and has great graphics. The games are fair and the site is secure, making it a great place to play and socialize with other players who share similar interests."
7m,https://www.avioelectronics-company.com/2017/12/28/attitude-director-indicator-astronautics/,https://www.avioelectronics-company.com/2017/12/28/attitude-director-indicator-astronautics/#comment-914573,"The <a href=""https://7mm.dev/"">7m</a> platform is perfect for football fans, providing live scores and betting opportunities, I use it to follow my favorite teams and place bets. The site is reliable and secure, with great customer support, making it an excellent choice for online gaming and sports enthusiasts always."
7m,http://clairecount.com/wp/2015/06/12/need-to-pick-up-the-pickup/?unapproved=210498&moderation-hash=ff0f15d9d917c575ac3d8d78c90ea9a3/,http://clairecount.com/wp/2015/06/12/need-to-pick-up-the-pickup/?unapproved=217555&moderation-hash=2e3db7217cde75f0368583fd8145b195#comment-217555,"The <a href=""https://7mm.dev/"">7m</a> site is a great platform for sports betting, offering a wide range of sports and betting options, I use it to bet on football and basketball. The site is user-friendly and has great customer support, making it an excellent choice for online gaming and sports enthusiasts who want."
7m,https://blogs.helsinki.fi/mikaliikuttaa/nainen_jooga/,https://blogs.helsinki.fi/mikaliikuttaa/nainen_jooga/#comment-372766,"I love playing online games and <a href=""https://7mm.dev/"">7m</a> is my go-to destination, the site has a wide variety of games, including slots and lottery. The site is secure and reliable, with great customer support, making it a great place to have fun and win prizes, and the bonuses are amazing sometimes."
7m,http://clairecount.com/wp/2015/06/12/need-to-pick-up-the-pickup/?unapproved=210544&moderation-hash=efe0fab47c4e6d9afe907b03461ba59e/,http://clairecount.com/wp/2015/06/12/need-to-pick-up-the-pickup/?unapproved=217558&moderation-hash=3ff95b9f88e0f2d9dd58baaa909cfda3#comment-217558,"The <a href=""https://7mm.dev/"">7m</a> platform is perfect for those who love online gaming and sports, offering a wide range of games and betting options. The site is user-friendly and has great graphics, making it a great place to play and socialize with other players, and the site is secure and reliable always."
7m,https://blogs.marinij.com/northbaywoman/hello-kindness/?unapproved=358745&moderation-hash=a8ab490173c3fe7899becbd2f66828c8/,https://blogs.marinij.com/northbaywoman/hello-kindness/?unapproved=404984&moderation-hash=8c01fa4016688426ca244016dfc52f00#comment-404984,"The sports section on <a href=""https://7mm.dev/"">7m</a> is very comprehensive, it offers live scores, sports betting, and news, I can stay up-to-date with the latest developments, and make informed bets, the site is reliable, and I can access it from anywhere, I love using 7m for sports."
7m,https://raiz-ta.com/4%e6%9c%88%e8%a1%8c%e4%ba%8b%e4%ba%88%e5%ae%9a%e8%a1%a8/,https://raiz-ta.com/4%e6%9c%88%e8%a1%8c%e4%ba%8b%e4%ba%88%e5%ae%9a%e8%a1%a8#comment-890423,"For a comprehensive online gaming experience, I recommend visiting the <a href=""https://7mm.dev/"">7m</a> website, it offers a wide range of games and activities. From sports betting to card games, the site has something for everyone, and the user-friendly interface makes it easy to navigate and find your favorite games quickly always."
7m,https://sabuthomas.com/facilities/single-screw-extruder/,https://sabuthomas.com/facilities/single-screw-extruder/#comment-605065,"For a fun and exciting online gaming experience, I recommend visiting the <a href=""https://7mm.dev/"">7m</a> website, it offers a wide range of games and activities. From card games to sports betting, the site has something for everyone, and the user-friendly interface makes it easy to navigate and find your favorite games quickly always."
7m,https://aergo.ru/today-is-aergos-5th-mainnet-anniversary-tweet-by-designblock/,https://aergo.ru/today-is-aergos-5th-mainnet-anniversary-tweet-by-designblock/#comment-350877,"I recently discovered <a href=""https://7mm.dev/"">7m</a> and it's an amazing platform for online gaming, offering sports betting, card games, and lottery, all in one place, making it easy to access my favorite games and events, with great odds and exciting prizes to win every day, totally convenient."
7m,http://wk2pro.com/wp/?p=265/,http://wk2pro.com/wp/?p=265#comment-182427,"I recently started using the <a href=""https://7mm.dev/"">7m</a> website for online gaming and sports betting, and I'm impressed with the variety of options available. The site is easy to navigate and has great customer support, making it an excellent choice for online gaming and sports enthusiasts who want to have fun."
7m,https://presquile.jp/84/,https://presquile.jp/84/#comment-314144,"For all my gaming needs, <a href=""https://7mm.dev/"">7m</a> is the perfect solution, offering a wide range of options, from sports betting to online casino games, and even lottery, the site is well-organized and easy to navigate, with a great mobile app, allowing me to play on-the-go, and the bonuses are amazing."
7m,https://chupin-philippe.com/portfolio_page/innovation-cacf/p-cacf-innovation-03/?unapproved=431163&moderation-hash=a0ec0be73e50067f4ef2d537843a44eb/,https://chupin-philippe.com/portfolio_page/innovation-cacf/p-cacf-innovation-03/?unapproved=501367&moderation-hash=f1cb66e10917be250d5a9bbce1544771#comment-501367,"The <a href=""https://7mm.dev/"">7m</a> website is my go-to destination for live scores and football betting, providing up-to-date information and real-time updates, allowing me to make informed decisions and placing bets with confidence, the site is user-friendly and secure, giving me peace of mind, and great customer support."
7m,https://eclipseglobalentertainment.com/img_6196-7/,https://eclipseglobalentertainment.com/img_6196-7/#comment-1503974,"I'm a big fan of card games and <a href=""https://7mm.dev/"">7m</a> has an incredible selection, including poker, blackjack, and more, with various tournaments and events, the site offers a great gaming experience, with smooth gameplay and excellent graphics, making it feel like I'm in a real casino, and the prizes are fantastic too."
7m,https://hotel.wy-creations.fr/article-2/,https://hotel.wy-creations.fr/article-2/#comment-131058,"The <a href=""https://7mm.dev/"">7m</a> online casino is fantastic, with a huge variety of games, including slots, roulette, and more, the site is secure and trustworthy, with great customer support, and the payouts are quick, making it a great place to play and win, with exciting promotions and bonuses every day."
7m,https://djmathieug.com/12977002_10153587529505745_1354961987237195954_o_10153587529505745/,https://djmathieug.com/12977002_10153587529505745_1354961987237195954_o_10153587529505745/#comment-771928,"I love watching live sports and <a href=""https://7mm.dev/"">7m</a> provides an excellent platform for streaming and betting, with live scores and updates, the site is fast and reliable, with great commentary and analysis, making the experience even more enjoyable, and the odds are competitive, giving me a chance to win big."
7m,https://hugobikes.com/2024/06/25/talleres-de-motos-en-madrid/,https://hugobikes.com/2024/06/25/talleres-de-motos-en-madrid/#comment-484321,"I've been using <a href=""https://7mm.dev/"">7m</a> for a while now and it's become my favorite online gaming site, offering a wide range of sports betting options, including football, basketball, and more, the site is easy to use and the odds are great, with live scores and updates, making it a great experience."
7m,https://teshiyo.jp/sala/,https://teshiyo.jp/sala/#comment-510989,"The <a href=""https://7mm.dev/"">7m</a> site is perfect for those who love playing card games, with a great selection of poker, blackjack, and more, the site offers a realistic gaming experience, with excellent graphics and sound effects, and the tournaments are exciting, with great prizes to win, and the site is secure and trustworthy."
7m,https://le-media-afrique.com/cote-divoire-ouattara-rencontre-gbagbo-et-bedie-nous-aurons-loccasion-de-nous-revoir-regulierement/,https://le-media-afrique.com/cote-divoire-ouattara-rencontre-gbagbo-et-bedie-nous-aurons-loccasion-de-nous-revoir-regulierement/#comment-1816241,"For online gaming enthusiasts, <a href=""https://7mm.dev/"">7m</a> is a must-visit site, offering a vast array of games and activities, including card games, lottery, and sports betting, the site is well-designed and user-friendly, with great graphics and sound effects, making it a fun and exciting experience, and the community is great."
7m,https://aergo.ru/%d1%81%d0%bd%d0%b8%d0%b6%d0%b5%d0%bd%d0%b8%d0%b5-%d1%86%d0%b5%d0%bd%d1%8b-%d1%82%d0%be%d0%ba%d0%b5%d0%bd%d0%be%d0%b2-aergo-%d0%bf%d1%80%d0%be%d0%b4%d0%be%d0%bb%d0%b6%d0%b0%d0%b5%d1%82%d1%81%d1%8f/,https://aergo.ru/%d1%81%d0%bd%d0%b8%d0%b6%d0%b5%d0%bd%d0%b8%d0%b5-%d1%86%d0%b5%d0%bd%d1%8b-%d1%82%d0%be%d0%ba%d0%b5%d0%bd%d0%be%d0%b2-aergo-%d0%bf%d1%80%d0%be%d0%b4%d0%be%d0%bb%d0%b6%d0%b0%d0%b5%d1%82%d1%81%d1%8f/#comment-350880,"I recently discovered an amazing online gaming site related to <a href=""https://7mm.dev/"">7m</a> where I can play various games and bet on sports, it's so much fun and exciting with great odds and live scores, I highly recommend checking it out for an ultimate gaming experience with 7m."
7m,http://amanogawa-ivf.com/3f_kaunseringu/,http://amanogawa-ivf.com/3f_kaunseringu#comment-237167,"I'm impressed with the <a href=""https://7mm.dev/"">7m</a> site, it's a comprehensive online gaming platform, offering sports betting, online casino games, and lottery, all in one place, the site is easy to navigate and the customer support is great, with great bonuses and promotions, making it a great place to play and win, every day."
7m,http://wk2pro.com/wp/?p=2245/,http://wk2pro.com/wp/?p=2245#comment-182429,"The online gaming site I use for <a href=""https://7mm.dev/"">7m</a> offers a wide range of card games and lottery, it's very easy to navigate and the customer support is fantastic, I've been using it for a while now and I'm really satisfied with the services and features provided by 7m."
7m,https://www.dormirebene.net/significato-posizioni-sonno/posizione-prona/,https://www.dormirebene.net/significato-posizioni-sonno/posizione-prona/#comment-522976,"I'm a big fan of online card games and with <a href=""https://7mm.dev/"">7m</a>, I found the perfect site to play and win, the site has a variety of games to choose from and the prizes are amazing, I've been playing for a while now and I'm really happy with the experience and services of 7m."
7m,https://calpg.cz/rde-emise-vozu-pohanenych-lpg/,https://calpg.cz/rde-emise-vozu-pohanenych-lpg/#comment-394099,"The online gaming site I use for <a href=""https://7mm.dev/"">7m</a> is a one-stop destination for all my gaming needs, from sports betting to online casino, it has everything, the site is secure and the customer support is great, I've been using it for a while now and I'm really satisfied with 7m."
7m,https://events.citizenshipinvestment.org/classic-magazine-thumb-1/,https://events.citizenshipinvestment.org/classic-magazine-thumb-1/#comment-3463875,"For all my football betting needs related to <a href=""https://7mm.dev/"">7m</a>, I go to this one online gaming site, it has everything from live scores to expert tips, the site is user-friendly and the payouts are quick, I've had a great experience so far with 7m and I recommend it."
7m,https://presquile.jp/238_2/,https://presquile.jp/238_2/#comment-314150,"I was looking for a site to play lottery and with <a href=""https://7mm.dev/"">7m</a>, I found the perfect one, it's easy to use and the jackpots are huge, I've been playing for a while now and I'm really happy with the experience and services provided by the site and 7m."
7m,https://clasificados.laraza.com/ads/laborer-and-grinders-foundry/,https://clasificados.laraza.com/ads/laborer-and-grinders-foundry/#comment-46511,"For an ultimate online gaming experience with <a href=""https://7mm.dev/"">7m</a>, I recommend checking out this site, it has a wide range of games and betting options, the site is user-friendly and the payouts are quick, I've had a great experience so far with 7m and I highly recommend it."
7m,https://jepara.kemenag.go.id/informasi-kantor-kemenag-jepara/,https://jepara.kemenag.go.id/informasi-kantor-kemenag-jepara/#comment-261268,"The online gaming site I use for <a href=""https://7mm.dev/"">7m</a> offers a variety of online casino games, it's very easy to navigate and the customer support is fantastic, I've been using it for a while now and I'm really satisfied with the services and features provided by the site and 7m."
7m,https://clasificados.laraza.com/ads/se-busca-mecanico-de-diesel/,https://clasificados.laraza.com/ads/se-busca-mecanico-de-diesel/#comment-46512,"I'm a big fan of sports betting and with <a href=""https://7mm.dev/"">7m</a>, I found the perfect site to bet and win, the site has a wide range of sports to choose from and the odds are great, I've been betting for a while now and I'm really happy with the experience and services of 7m."
7m,https://giorgiosoldi.it/index.php/2018/09/27/klaudia-2/,https://giorgiosoldi.it/index.php/2018/09/27/klaudia-2/#comment-2870,"The online gaming site I use for <a href=""https://7mm.dev/"">7m</a> has a wide range of card games and lottery options, it's a one stop shop for all my gaming needs, I can play and bet from anywhere, the site is mobile friendly and has great customer support, I love the experience and winnings."
7m,https://kenalice.tw/blog/post/43492756/,https://kenalice.tw/blog/post/43492756#comment-66631,"For all my football betting needs, I use an online gaming site related to <a href=""https://7mm.dev/"">7m</a>, it offers great odds and live scores, the site is easy to navigate and has a great user interface, I can bet on various sports and games, it's a great experience, I recommend it to all my friends always."
7m,http://clairecount.com/wp/2015/06/12/need-to-pick-up-the-pickup/?unapproved=210541&moderation-hash=f8f0bc0b78802e73f112cb72ef3584b3/,http://clairecount.com/wp/2015/06/12/need-to-pick-up-the-pickup/?unapproved=217563&moderation-hash=8791e4dbe96fc8206e297f4d7491bc9a#comment-217563,"I recently discovered an online gaming site related to <a href=""https://7mm.dev/"">7m</a> where I can play and bet on various games, it's so much fun and exciting with great odds and live scores, I highly recommend checking it out for an ultimate gaming experience with great prizes and 7m."
7m,https://pietroconti.de/die-faltung/diefaltung_pietroconti_nr7/,https://pietroconti.de/die-faltung/diefaltung_pietroconti_nr7/#comment-296043,"I discovered a great online gaming site related to <a href=""https://7mm.dev/"">7m</a> for sports betting and live scores, offering various games and entertainment options, it's really fun and easy to use, I play games and bet on sports there, highly recommended for all gamers, the site is user friendly and secure always."
7m,http://agora-urba.eu/2016/09/15/restauration-du-parc-marie-jose-beliris/?unapproved=386341&moderation-hash=072dc41a94a4aec7153e7c27e7fa1171/,http://agora-urba.eu/2016/09/15/restauration-du-parc-marie-jose-beliris/?unapproved=394448&moderation-hash=564c92593e5f161a1d64dd8a3614717c#comment-394448,"The online gaming site I use for <a href=""https://7mm.dev/"">7m</a> has a great selection of sports betting options, including football and basketball, it's a great place to bet and win, the site is user friendly and has great odds, I recommend it to all sports fans, it's a great experience, I love playing there always."
7m,https://pplh.ipb.ac.id/2022/10/19/tim-pplh-ipb-buat-video-model-constructed-wetland-untuk-kegiatan-g-20-di-bali/,https://pplh.ipb.ac.id/2022/10/19/tim-pplh-ipb-buat-video-model-constructed-wetland-untuk-kegiatan-g-20-di-bali/#comment-173446,"I love playing card games on an online gaming site related to <a href=""https://7mm.dev/"">7m</a>, it offers a wide range of games and options, the site is easy to use and has great customer support, I can play from anywhere, it's a great experience, I recommend it to all my friends, it's a lot of fun always."
7m,https://dnaberita.com/bicara-lingkungan-hidup-amphibi-pemerintah-kota-bekasi-wajib-evaluasi-siapa-saja-yang-bertanggung-jawab-terhadap-pencemaran-kali-asem/?unapproved=1831340&moderation-hash=596f9cf05f407b3511aa1f691fe525d4/,https://dnaberita.com/bicara-lingkungan-hidup-amphibi-pemerintah-kota-bekasi-wajib-evaluasi-siapa-saja-yang-bertanggung-jawab-terhadap-pencemaran-kali-asem/?unapproved=1857428&moderation-hash=404c61fb5dd88fbd3f73485fcaab9349#comment-1857428,"For all my online gaming needs, I use a site related to <a href=""https://7mm.dev/"">7m</a>, it offers a wide range of games and options, including sports betting and lottery, it's a one stop shop for all my gaming needs, I love the experience and the site is user friendly, I play there every day always."
7m,https://ansorpasuruankab.or.id/ansor-ranting-aluran-banyuputih-lumbang-gelar-rijalul-ansor-di-lereng-gunung-kundi/,https://ansorpasuruankab.or.id/ansor-ranting-aluran-banyuputih-lumbang-gelar-rijalul-ansor-di-lereng-gunung-kundi/#comment-652989,"I recently found an online gaming site related to <a href=""https://7mm.dev/"">7m</a> that offers a wide range of online casino games, it's a great place to play and win, the site is secure and trusted, I love the variety of games and the customer support is excellent, I play there every day, it's my favorite site."
7m,https://bolarolando.com.br/index.php/2024/05/05/veja-os-relacionados-do-vasco-para-o-jogo-contra-o-athletico-pr-payet-segue-fora/,https://bolarolando.com.br/index.php/2024/05/05/veja-os-relacionados-do-vasco-para-o-jogo-contra-o-athletico-pr-payet-segue-fora/#comment-567938,"I recently discovered an online gaming site related to <a href=""https://7mm.dev/"">7m</a> that offers a wide range of online games, including casino and card games, it's a great place to play and win, the site is secure and trusted, I love the variety of games, I play there every day, it's my favorite site always."
7m,https://agora-urba.eu/2016/09/15/restauration-du-parc-marie-jose-beliris/?unapproved=386281&moderation-hash=056a4819fb88f42f433706dcf4142481/,https://agora-urba.eu/2016/09/15/restauration-du-parc-marie-jose-beliris/?unapproved=394449&moderation-hash=be09499ea376226763f63c1ec5db74a5#comment-394449,"I love betting on sports on an online gaming site related to <a href=""https://7mm.dev/"">7m</a>, it offers great odds and live scores, the site is user friendly and has a great user interface, I can bet on various sports and games, it's a great experience, I recommend it to all sports fans, I play there every day always."
7m,http://mptv.malangpost.id/index.php/2021/02/16/year-of-ox-pop-flash-edisi-imlek/?unapproved=2895&moderation-hash=e9f07845be4171983fe23ea757991117/,http://mptv.malangpost.id/index.php/2021/02/16/year-of-ox-pop-flash-edisi-imlek/?unapproved=3773&moderation-hash=fae552fa66b581acdb018147a7c0b72f#comment-3773,"I've had great experiences on this online gaming site, especially with <a href=""https://7mm.dev/"">7m</a>, offering various sports betting options and live scores, it's my go-to platform for football betting and more, with a user-friendly interface and exciting promotions, I always find something new to enjoy, the site is easy to navigate."
7m,https://gynaecologistkolkata.org/doctor-5.html/,https://gynaecologistkolkata.org/doctor-5.html#comment-390155,"The online gaming site I use for <a href=""https://7mm.dev/"">7m</a> has a great selection of lottery options, it's a great place to play and win, the site is easy to use and has great customer support, I can play from anywhere, it's a great experience, I recommend it to all my friends, it's a lot of fun always."
7m,https://expcloud.com/2017/10/26/introducing-exp-enterprise-dashboard-your-control-panel-to-pilot-your-business/?unapproved=7019&moderation-hash=30aa9d25057bf0ed0ce5b3cc4f987985/,https://expcloud.com/2017/10/26/introducing-exp-enterprise-dashboard-your-control-panel-to-pilot-your-business/?unapproved=7979&moderation-hash=2044f7985fb8e6d107aa912affecec6b#comment-7979,"The online gaming site I frequent has an excellent section for <a href=""https://7mm.dev/"">7m</a>, featuring card games and lottery, I can play my favorite games anytime, the site is secure and reliable, with a wide range of options, including online casino and sports betting, it's a one-stop destination for all my gaming needs always."
7m,https://longthinhtech.com.vn/2021/10/29/thang-may-cho-khach-la-gi/?unapproved=51681&moderation-hash=de8597fa4a048ea46b0463eb4113b8b4/,https://longthinhtech.com.vn/2021/10/29/thang-may-cho-khach-la-gi/?unapproved=60186&moderation-hash=760d55dd0394cfc16acb4bcd0f248e07#comment-60186,"I discovered a great online gaming site related to <a href=""https://7mm.dev/"">7m</a> for sports betting and live scores, offering various games and entertainment options, it's really fun and easy to use, I play games and bet on sports there, highly recommended for all gamers, the site is user friendly and secure always."
7m,https://sit-insanmandiri.sch.id/wisuda-dan-haflah-takrim-smait-insan-mandiri-arrahman/,https://sit-insanmandiri.sch.id/wisuda-dan-haflah-takrim-smait-insan-mandiri-arrahman/#comment-381512,"This online gaming site is my favorite destination for <a href=""https://7mm.dev/"">7m</a>, with its wide range of online casino games, I can play anytime, the site is secure and reliable, offering sports betting and live scores, it's a great platform for football fans, I always find something new to enjoy, the site is easy to navigate, very user-friendly."
7m,https://www.humtechke.com/iphone-15-pros-action-button-what-is-it-how-does-it-work/,https://www.humtechke.com/iphone-15-pros-action-button-what-is-it-how-does-it-work/#comment-399330,"For live scores and football betting, I always visit this online gaming site, it has a great <a href=""https://7mm.dev/"">7m</a> section, with up-to-date information and exciting promotions, I can bet on my favorite teams, the site also offers online card games and lottery, making it a comprehensive platform for all my gaming needs, very convenient."
7m,https://seputarbanten.id/benyamin-bersama-masyarakat-ramaikan-car-free-day-bsd/,https://seputarbanten.id/benyamin-bersama-masyarakat-ramaikan-car-free-day-bsd/#comment-251217,"I've been using this online gaming site for <a href=""https://7mm.dev/"">7m</a>, and it's been a great experience, the site offers online card games, lottery, and sports betting, with live scores, it's a one-stop destination for all my gaming needs, the site is secure and reliable, with a user-friendly interface, I always find something new to enjoy, very exciting."
7m,https://metropembaharuancq.com/2021/07/bupati-buka-turnamen-bulutangkis-hut-bima/,https://metropembaharuancq.com/2021/07/bupati-buka-turnamen-bulutangkis-hut-bima/#comment-1604819,"The online gaming site I use has a great <a href=""https://7mm.dev/"">7m</a> section, featuring football betting, live scores, and online casino games, I can play my favorite games anytime, the site is secure and reliable, with a wide range of options, including card games and lottery, it's a comprehensive platform for all my gaming needs, always updated."
7m,https://smkn2kalianda.sch.id/2024/09/peringatan-maulid-nabi-muhammad-saw-di-smk-negeri-2-kalianda-berlangsung-khidmat/,https://smkn2kalianda.sch.id/2024/09/peringatan-maulid-nabi-muhammad-saw-di-smk-negeri-2-kalianda-berlangsung-khidmat/#comment-176043,"For online gaming and <a href=""https://7mm.dev/"">7m</a>, I always visit this site, it offers a wide range of options, including sports betting, live scores, and online casino games, the site is secure and reliable, with a user-friendly interface, I can play my favorite games anytime, the site also features card games and lottery, very convenient always."
7m,https://blog.mumzworld.com/your-ultimate-guide-for-a-360-sanitized-environment/,https://blog.mumzworld.com/your-ultimate-guide-for-a-360-sanitized-environment/#comment-412492,"I've had a great experience with this online gaming site, especially with <a href=""https://7mm.dev/"">7m</a>, offering online casino games, sports betting, and live scores, it's a comprehensive platform for all my gaming needs, the site is secure and reliable, with a wide range of options, including card games and lottery, very exciting always."
7m,http://popkotidien.unblog.fr/2016/10/01/the-dandy-warhols-nouveau-titre/comment-page-30/,http://popkotidien.unblog.fr/2016/10/01/the-dandy-warhols-nouveau-titre/comment-page-31/#comment-302131,"I discovered a fantastic online gaming site related to <a href=""https://7mm.dev/"">7m</a> where I can play various games and bet on sports, it's so much fun and exciting with live scores and updates always available, try it out for an amazing experience with 7m and start winning today instantly online."
7m,https://porncold.com/hot-scene-2022-exclusive-video-watch-online/,https://porncold.com/hot-scene-2022-exclusive-video-watch-online/#comment-1581773,"I love playing card games on this amazing website related to <a href=""https://7mm.dev/"">7m</a>, with numerous options and live dealers, the experience is just like in a real casino, I can also bet on football and other sports with 7m, it's convenient and easy to use, giving me endless entertainment online always."
7m,https://ceveh.com.br/2024/04/agenda-da-prefeita-adriane-lopes-nesta-segunda-feira-22-cgnoticias/?unapproved=1370196&moderation-hash=d9295ed5677e560694e8bbea0e63e7f1/,https://ceveh.com.br/2024/04/agenda-da-prefeita-adriane-lopes-nesta-segunda-feira-22-cgnoticias/?unapproved=1447648&moderation-hash=2288b5628f3ef0c5daacb3cadce0a371#comment-1447648,"For all my sports betting needs, I rely on this incredible online gaming site related to <a href=""https://7mm.dev/"">7m</a>, with live scores, updates, and expert tips, it's the perfect place to win big with 7m, I can also play lottery and other games, making it a one-stop destination for all my gaming needs online."
7m,https://pidg-staging.dusted.digital/news/news-swedish-international-development-cooperation-agency-provides-guarantco-with-a-usd-100-million-20-year-re-guarantee-facility-to-alleviate-poverty-across-africa-and-asia/,https://pidg-staging.dusted.digital/news/news-swedish-international-development-cooperation-agency-provides-guarantco-with-a-usd-100-million-20-year-re-guarantee-facility-to-alleviate-poverty-across-africa-and-asia/#comment-357141,"This online gaming site is great for <a href=""https://7mm.dev/"">7m</a>, with its live scores and football betting options, I can bet on my favorite teams, the site also offers online card games, lottery, and online casino games, making it a one-stop destination for all my gaming needs, the site is secure and reliable, very user-friendly, always updated."
7m,https://xn--80aa0abgic9b.xn--p1ai/beautiful-flying-bikes-with-simple-style-but-look-good/,https://xn--80aa0abgic9b.xn--p1ai/beautiful-flying-bikes-with-simple-style-but-look-good/#comment-517548,"I'm obsessed with this online gaming site related to <a href=""https://7mm.dev/"">7m</a>, where I can play a wide range of games, from card games to lottery, and bet on sports like football, with live updates and scores, it's the perfect place to spend my free time with 7m, and have fun winning big online always."
7m,https://xn--80aa0abgic9b.xn--p1ai/victorias-secret-afterparty-goes-off-with-a-bang/,https://xn--80aa0abgic9b.xn--p1ai/victorias-secret-afterparty-goes-off-with-a-bang/#comment-517549,"For a thrilling online gaming experience, I always choose this site related to <a href=""https://7mm.dev/"">7m</a>, with its vast collection of games, sports betting options, and live casino, I can play and bet anytime, anywhere, with 7m, it's convenient, fun, and rewarding, giving me an amazing experience every time online."
7m,https://www.kiriita.com/blog/2014/11/13/%e7%a5%96%e6%af%8d%e3%81%8c100%e6%ad%b3%e3%81%ab%e3%81%aa%e3%82%8a%e3%81%be%e3%81%97%e3%81%9f%ef%bc%81%e3%80%90%e3%81%8d%e3%82%8a%e3%81%84%e3%81%9f-com%e3%80%91/,https://www.kiriita.com/blog/2014/11/13/%e7%a5%96%e6%af%8d%e3%81%8c100%e6%ad%b3%e3%81%ab%e3%81%aa%e3%82%8a%e3%81%be%e3%81%97%e3%81%9f%ef%bc%81%e3%80%90%e3%81%8d%e3%82%8a%e3%81%84%e3%81%9f-com%e3%80%91/#comment-99296,"This online gaming site related to <a href=""https://7mm.dev/"">7m</a> is my go-to destination for all things football, with live scores, betting options, and expert analysis, I can also play card games and try my luck at the lottery with 7m, it's an amazing platform that offers something for everyone, always available online."
7m,https://xn--80aa0abgic9b.xn--p1ai/every-photographer-needs-to-shoot-this-photo/,https://xn--80aa0abgic9b.xn--p1ai/every-photographer-needs-to-shoot-this-photo/#comment-517550,"I recently discovered this amazing online gaming site related to <a href=""https://7mm.dev/"">7m</a>, where I can play card games, bet on sports, and try my luck at the lottery, with live scores and updates, it's an exhilarating experience with 7m, I can play anytime, anywhere, and have fun winning big online always instantly."
7m,https://revistashape.com.br/2024/04/09/cidade-das-artes-recebe-novo-ponto-de-vacinacao-contra-a-gripe-prefeitura-da-cidade-do-rio-de-janeiro/,https://revistashape.com.br/2024/04/09/cidade-das-artes-recebe-novo-ponto-de-vacinacao-contra-a-gripe-prefeitura-da-cidade-do-rio-de-janeiro/#comment-2333052,"This online gaming site related to <a href=""https://7mm.dev/"">7m</a> is a treasure trove of entertainment, offering a wide range of games, sports betting, and lottery options, I can play and win big with 7m, it's easy to use, and the live updates and scores make it an exciting experience, always available online for me."
7m,https://keysaan.com/2024/04/15/customer-satisfaction-award/comment-page-51/,https://keysaan.com/2024/04/15/customer-satisfaction-award/comment-page-375/#comment-1385085,"This online gaming site related to <a href=""https://7mm.dev/"">7m</a> is my favorite destination for all things online gaming, with its vast collection of games, sports betting options, and live casino, I can play and win big with 7m, it's convenient, fun, and rewarding, giving me an amazing experience every time I play online."
7m,https://www.glatec.bg/portfolio/mcpl-project/,https://www.glatec.bg/portfolio/mcpl-project/#comment-28785,"I'm a big fan of this online gaming site related to <a href=""https://7mm.dev/"">7m</a>, where I can play a wide range of games, from card games to lottery, and bet on sports like football, with live updates and scores, it's the perfect place to spend my free time with 7m, and have fun winning big online always instantly."
7m,https://aergo.ru/aergo-set-to-penetrate-enterprise-blockchain-market-with-its-hybrid-structure-and-evm-integration-medium-article-by-aergo-official/,https://aergo.ru/aergo-set-to-penetrate-enterprise-blockchain-market-with-its-hybrid-structure-and-evm-integration-medium-article-by-aergo-official/#comment-350897,"<a href=""https://7mm.dev/"">7m</a> is my go-to site for football betting, offering great odds and live scores, I can watch and bet on my favorite teams, the site is easy to navigate and has a wide range of sports to choose from, making it a one-stop destination for all my gaming needs, always fun on 7m."
7m,https://education.ssru.ac.th/%e0%b8%9a%e0%b8%b2%e0%b8%84%e0%b8%b2%e0%b8%a3%e0%b9%88%e0%b8%b2-yamatele-tv-31-%e0%b8%aa%e0%b8%b4%e0%b8%87%e0%b8%ab%e0%b8%b2%e0%b8%84%e0%b8%a1-2025-sagame-%e0%b8%9a%e0%b8%b2%e0%b8%84%e0%b8%b2%e0%b8%a3/,https://education.ssru.ac.th/%e0%b8%9a%e0%b8%b2%e0%b8%84%e0%b8%b2%e0%b8%a3%e0%b9%88%e0%b8%b2-yamatele-tv-31-%e0%b8%aa%e0%b8%b4%e0%b8%87%e0%b8%ab%e0%b8%b2%e0%b8%84%e0%b8%a1-2025-sagame-%e0%b8%9a%e0%b8%b2%e0%b8%84%e0%b8%b2%e0%b8%a3/#comment-1933851,"I love playing games on <a href=""https://7mm.dev/"">7m</a>, it's an amazing online platform with various options like sports betting and card games, I can easily access all my favorite games and updates on live scores, really enjoyable and user-friendly experience for all gamers, try it out for fantastic entertainment, always available on 7m."
7m,https://kayali.id/mg-4d-platform-aman-untuk-pecinta-togel-online/?unapproved=3560&moderation-hash=9ce35e9d0ba90c813c0125de91ce676f/,https://kayali.id/mg-4d-platform-aman-untuk-pecinta-togel-online/?unapproved=3754&moderation-hash=21b26cd1838275ed50b1b72de5656baf#comment-3754,"<a href=""https://7mm.dev/"">7m</a> is an excellent platform for online casino games, with many options to choose from, the site is well-designed and easy to use, I can play and win real money, the site is always updated with new games and features, making it a great destination for all my gaming needs, always exciting on 7m."
7m,https://napthungbantai.vn/san-pham/lop-dia-hinh-general-grabber-at3-xuat-xu-nam-phi/,https://napthungbantai.vn/san-pham/lop-dia-hinh-general-grabber-at3-xuat-xu-nam-phi/#comment-781443,"I recently discovered <a href=""https://7mm.dev/"">7m</a>, an awesome online gaming site with a variety of card games and lottery options, the site is secure and reliable, providing a great user experience, I can play and win anytime, the site is always available and accessible, making it perfect for passing time on 7m."
7m,https://smpkartinisatubatam.sch.id/prestasi/maecenas-ultricies-in-erat-ridiculus-erat-gravida-proin/?unapproved=11957&moderation-hash=b2cfb14ae66575d1479be4e22e89554c/,https://smpkartinisatubatam.sch.id/prestasi/maecenas-ultricies-in-erat-ridiculus-erat-gravida-proin/?unapproved=14100&moderation-hash=cd9eadd4686f3985bb435daac8b19fe4#comment-14100,"<a href=""https://7mm.dev/"">7m</a> is a fantastic online gaming site, with a wide range of options like card games and lottery, the site is easy to navigate and has a great user interface, I can play and win anytime, the site is always available and accessible, making it perfect for entertainment on 7m."
7m,http://mptv.malangpost.id/index.php/2021/02/16/year-of-ox-pop-flash-edisi-imlek/?unapproved=2889&moderation-hash=b21c8813c986d218332747d1ba929a03/,http://mptv.malangpost.id/index.php/2021/02/16/year-of-ox-pop-flash-edisi-imlek/?unapproved=3774&moderation-hash=14a15989fdf5bbcdce91d7f4cd35665b#comment-3774,"I'm a big fan of sports betting, and <a href=""https://7mm.dev/"">7m</a> is my favorite site, offering great odds and live updates, I can bet on my favorite teams and players, the site is secure and reliable, providing a great user experience, I can access all my favorite sports on 7m, always a great time."
7m,https://ansorpasuruankab.or.id/peduli-ketenagakerjaan-kader-ansor-pasuruan-jalin-kerjasama-dengan-dinas-tenaga-kerja/,https://ansorpasuruankab.or.id/peduli-ketenagakerjaan-kader-ansor-pasuruan-jalin-kerjasama-dengan-dinas-tenaga-kerja/#comment-653023,"<a href=""https://7mm.dev/"">7m</a> is a great site for online casino games, with many options to choose from, the site is well-designed and easy to use, I can play and win anytime, the site is always available and accessible, making it perfect for passing time and having fun on 7m, always a great experience."
7m,https://koladaisiuniversity.edu.ng/capacity-building-workshop/,https://koladaisiuniversity.edu.ng/capacity-building-workshop/#comment-60248,"I'm a regular user of <a href=""https://7mm.dev/"">7m</a>, and I love the variety of games and sports betting options, the site is easy to navigate and has a great user interface, I can access all my favorite games and updates on live scores, really enjoyable and user-friendly experience for all gamers on 7m, always fun."
7m,https://expcloud.com/2017/10/26/introducing-exp-enterprise-dashboard-your-control-panel-to-pilot-your-business/?unapproved=7012&moderation-hash=132bf885ff2e44ca15bdde45392d0fe7/,https://expcloud.com/2017/10/26/introducing-exp-enterprise-dashboard-your-control-panel-to-pilot-your-business/?unapproved=7981&moderation-hash=570916ca22b646d2b7331e2b6df00d2d#comment-7981,"I enjoy playing card games on <a href=""https://7mm.dev/"">7m</a>, it's a great platform with many options, the site is secure and reliable, providing a great user experience, I can play and win real money, the site is always updated with new games and features, making it a great destination for all my gaming needs on 7m."
7m,https://blog.chrishaughton.com/the-making-of-shh-we-have-a-plan/,https://blog.chrishaughton.com/the-making-of-shh-we-have-a-plan/#comment-49270,"I found an amazing online gaming site related to <a href=""https://7mm.dev/"">7m</a> where I can play various games and bet on sports, it's so much fun and exciting, offering live scores and updates, I highly recommend it to all gamers, the site is user-friendly and secure, try it out now and enjoy."
7m,https://metropembaharuancq.com/2022/04/berbagi-kebahagiaan-bersama-warga-sekitar-villa-tampah-hills-beri-santunan-jelang-idul-fitri/,https://metropembaharuancq.com/2022/04/berbagi-kebahagiaan-bersama-warga-sekitar-villa-tampah-hills-beri-santunan-jelang-idul-fitri/#comment-1604836,"I've been using an online gaming platform related to <a href=""https://7mm.dev/"">7m</a> for a while now, and I must say it's one of the best, with a wide range of card games and lottery options, the site is well-designed and easy to navigate, I love the variety of games and the chance to win big, 7m is awesome."
7m,https://metropembaharuancq.com/2020/12/bupati-bima-himbau-hilangkan-perbedaan-saat-pilkada/,https://metropembaharuancq.com/2020/12/bupati-bima-himbau-hilangkan-perbedaan-saat-pilkada/#comment-1604838,"The online gaming site I use related to <a href=""https://7mm.dev/"">7m</a> is fantastic, it offers a wide range of online casino games and sports betting options, the site is secure and reliable, I can play and bet from the comfort of my own home, the live scores and updates are very helpful, I'm so glad I found 7m."
7m,https://dashesbase.id/demo-slot-olympus-mesin-yang-paling-banyak-memberikan-keberuntungan/?unapproved=3344&moderation-hash=ab31f7634c4bb40c3443faff2c1bac9d/,https://dashesbase.id/demo-slot-olympus-mesin-yang-paling-banyak-memberikan-keberuntungan/?unapproved=3626&moderation-hash=869364944415391b7c1d715eb590ec39#comment-3626,"<a href=""https://7mm.dev/"">7m</a> is an amazing online gaming site, with a wide range of options like sports betting and card games, the site is secure and reliable, providing a great user experience, I can play and win real money, the site is always updated with new games and features, making it a great destination on 7m."
7m,https://napthungbantai.vn/san-pham/bodykit-mugen-honda-city/,https://napthungbantai.vn/san-pham/bodykit-mugen-honda-city/#comment-781453,"I'm a big fan of online gaming and I recently discovered a site related to <a href=""https://7mm.dev/"">7m</a> that offers an amazing gaming experience, with a variety of games and betting options, the site is user-friendly and fun to use, I love the thrill of playing and winning, 7m is an excellent choice for all gamers, try it out."
7m,https://dnaberita.com/kapolres-sergai-sidak-lokasi-pelayanan-publik-polri-berkomitmen-melayani-masyarakat-dengan-baik/?unapproved=1831416&moderation-hash=f22b822813efb73864f91cd21455b490/,https://dnaberita.com/kapolres-sergai-sidak-lokasi-pelayanan-publik-polri-berkomitmen-melayani-masyarakat-dengan-baik/?unapproved=1857436&moderation-hash=55be1ee13a16a8acf0cbf5095764d757#comment-1857436,"For all my online gaming needs related to <a href=""https://7mm.dev/"">7m</a>, I use a fantastic website that offers a wide range of games and betting options, the site is well-designed and easy to use, I can play and bet on my favorite sports and games, the live scores and updates are very helpful, I highly recommend 7m to all."
7m,https://ceveh.com.br/2024/04/agenda-da-prefeita-adriane-lopes-nesta-segunda-feira-22-cgnoticias/?unapproved=1369867&moderation-hash=1269ef9305d9ba36462d8b193776369e/,https://ceveh.com.br/2024/04/agenda-da-prefeita-adriane-lopes-nesta-segunda-feira-22-cgnoticias/?unapproved=1447662&moderation-hash=16c51ab9eeb19e97d5b31f30b2985a0c#comment-1447662,"The online gaming site I use related to <a href=""https://7mm.dev/"">7m</a> is one of the best, it offers a wide range of online casino games and sports betting options, the site is easy to navigate and fun to use, I can play and bet from anywhere, the live scores and updates are very helpful, I'm so glad I found 7m and I recommend it."
7m,https://obsession.id/online-business-berbasis-layanan-digital-prospek-menarik/?unapproved=3691&moderation-hash=d950340de8d48a5fec0688c9fce8680b/,https://obsession.id/online-business-berbasis-layanan-digital-prospek-menarik/?unapproved=4270&moderation-hash=9b32f98ab732dc33228fc8dea33858cc#comment-4270,"I recently discovered an online gaming platform related to <a href=""https://7mm.dev/"">7m</a> that offers an amazing gaming experience, with a variety of games and betting options, the site is user-friendly and secure, I love the thrill of playing and winning, 7m is an excellent choice for all gamers, the site is well-designed and reliable, try it out now."
7m,http://agora-urba.eu/2016/09/15/restauration-du-parc-marie-jose-beliris/?unapproved=386277&moderation-hash=1a2718703ac23937b0b3e1df6df37006/,http://agora-urba.eu/2016/09/15/restauration-du-parc-marie-jose-beliris/?unapproved=394457&moderation-hash=8cd166b798c1114747f09188db835edd#comment-394457,"For an exciting online gaming experience related to <a href=""https://7mm.dev/"">7m</a>, I use a fantastic website that offers a wide range of games and betting options, the site is well-designed and easy to use, I can play and bet on my favorite sports and games, the live scores and updates are very helpful, I highly recommend 7m to all gamers."
7m,https://giorgiosoldi.it/index.php/2018/09/29/burgos-la-cattedrale-ii-parte/,https://giorgiosoldi.it/index.php/2018/09/29/burgos-la-cattedrale-ii-parte/#comment-2871,"I'm so glad I found an online gaming site related to <a href=""https://7mm.dev/"">7m</a> that meets all my needs, it offers a variety of games and betting options, the site is secure and trustworthy, I love the excitement of playing and winning, 7m is an excellent choice for all gamers, the site is user-friendly and fun to use, try it out."
