keyword,url_goc,link_thanh_cong,comment_da_dung
web cá độ bóng đá,https://www.techkul.com/best-website-design-and-development-company-krisu-techkul/web-development-3/,https://www.techkul.com/best-website-design-and-development-company-krisu-techkul/web-development-3/#comment-472596,"Tôi thường truy cập <a href=""https://khoanhkhachong.vn"">web cá độ bóng đá</a> để cập nhật thông tin và tham gia cá cược bóng đá trực tuyến, đây là trang web game giải trí trực tuyến tổng hợp mà tôi yêu thích."
trang cá cược uy tín,https://kunaecuador.org/blog03/,https://kunaecuador.org/blog03/#comment-241740,"Tôi đã tìm thấy <a href=""https://khoanhkhachong.vn"">trang cá cược uy tín</a> để chơi game bài trực tuyến với nhiều trò chơi hấp dẫn và giải thưởng lớn, đảm bảo trải nghiệm giải trí tuyệt vời cho người dùng mọi lúc mọi nơi."
trang cá cược bóng đá,https://arterustica.pl/16-tajemna-schadzka/comment-page-2140/,https://arterustica.pl/16-tajemna-schadzka/comment-page-2503/#comment-443922,"Tôi thường truy cập <a href=""https://khoanhkhachong.vn"">trang cá cược bóng đá</a> để tham gia cá cược và chơi game bài trực tuyến, trải nghiệm rất thú vị và hấp dẫn với nhiều hình thức giải trí số khác nhau luôn sẵn sàng."
cá độ bóng đá online,http://regardcubain.unblog.fr/2016/02/15/radio-canada-a-la-havane/comment-page-132/,http://regardcubain.unblog.fr/2016/02/15/radio-canada-a-la-havane/comment-page-133/#comment-222627,"Tôi vừa khám phá trang web game trực tuyến thú vị, chơi <a href=""https://khoanhkhachong.vn"">cá độ bóng đá online</a> tại đây rất tiện lợi và hấp dẫn, nhiều khuyến mãi hấp dẫn cho thành viên mới."
trang cá cược bóng đá,https://www.yiwu2050.com/forex-news/24-exchange-completes-first-cryptocurrency-ndf-trades/,https://www.yiwu2050.com/forex-news/24-exchange-completes-first-cryptocurrency-ndf-trades/#comment-3600521,"Tôi thường truy cập <a href=""https://khoanhkhachong.vn"">trang cá cược bóng đá</a> để tham gia cá cược và chơi game bài trực tuyến, trải nghiệm rất thú vị và hấp dẫn với nhiều hình thức giải trí số khác nhau luôn sẵn sàng."
web cá độ bóng đá,https://floorball-bonn.de/events/2019/10/19/regionalliga-nrw-herren-2-spieltag/,https://floorball-bonn.de/events/2019/10/19/regionalliga-nrw-herren-2-spieltag/#comment-248393,"Tôi thường truy cập <a href=""https://khoanhkhachong.vn"">web cá độ bóng đá</a> để cập nhật thông tin và tham gia cá cược bóng đá trực tuyến, đây là trang web game giải trí trực tuyến tổng hợp mà tôi yêu thích."
trang cá cược uy tín,https://www.suarahati.org/artikel-suara-hati/foto-foto-momentum-milad-ysh-ke-14-dan-peringatan-isra-miraj-nabi-muhammad-saw/,https://www.suarahati.org/artikel-suara-hati/foto-foto-momentum-milad-ysh-ke-14-dan-peringatan-isra-miraj-nabi-muhammad-saw/#comment-546366,"Tôi đã tìm thấy <a href=""https://khoanhkhachong.vn"">trang cá cược uy tín</a> để chơi game bài trực tuyến với nhiều trò chơi hấp dẫn và giải thưởng lớn, đảm bảo trải nghiệm giải trí tuyệt vời cho người dùng mọi lúc mọi nơi."
trang cá độ bóng đá,https://gg-pr.jp/%e3%80%90%e6%84%9b%e7%9f%a5%e7%9c%8c%e3%80%91%e6%98%a5%e6%97%a5%e4%ba%95%e5%b8%82%e4%b8%8a%e6%9d%a1%e7%94%ba%ef%bc%97%e4%b8%81%e7%9b%ae%e3%81%ae%e3%83%ad%e3%83%bc%e3%82%ab%e3%83%ab%e3%83%9e%e3%83%bc/,https://gg-pr.jp/%e3%80%90%e6%84%9b%e7%9f%a5%e7%9c%8c%e3%80%91%e6%98%a5%e6%97%a5%e4%ba%95%e5%b8%82%e4%b8%8a%e6%9d%a1%e7%94%ba%ef%bc%97%e4%b8%81%e7%9b%ae%e3%81%ae%e3%83%ad%e3%83%bc%e3%82%ab%e3%83%ab%e3%83%9e%e3%83%bc/#comment-578054,"Tôi thường chơi game trực tuyến tại <a href=""https://khoanhkhachong.vn"">trang cá độ bóng đá</a> vì nơi đây có nhiều trò chơi hấp dẫn và thú vị như cá cược thể thao, game bài, xổ số, casino online, đáp ứng nhu cầu giải trí trực tuyến của tôi mọi lúc mọi nơi luôn."
web cá độ bóng đá,https://www.centroasturianodemexico.com/uncategorized/comunicado-oficial-covid-19/,https://www.centroasturianodemexico.com/uncategorized/comunicado-oficial-covid-19/#comment-1091875,"Tôi đã tìm thấy một trang web tuyệt vời về <a href=""https://khoanhkhachong.vn"">web cá độ bóng đá</a>, nơi tôi có thể chơi game bài trực tuyến, tham gia xổ số và cá cược thể thao một cách an toàn và thú vị."
trang cá độ bóng đá uy tín,https://www.gaituzsport.eus/nosotros/captura-de-pantalla-2021-01-11-a-las-17-33-21/,https://www.gaituzsport.eus/nosotros/captura-de-pantalla-2021-01-11-a-las-17-33-21/#comment-461352,"Tôi đã tìm thấy <a href=""https://khoanhkhachong.vn"">trang cá độ bóng đá uy tín</a> để đặt cược và chơi game trực tuyến, trải nghiệm tuyệt vời với nhiều hình thức giải trí số khác nhau trên cùng một nền tảng."
web cá cược bóng đá,https://blickpunkt-kommunikation.ch/home/fahrplan-fuer-mitarbeitergewinnung/blickpunkt-komm-social-grafiken-bild/,https://blickpunkt-kommunikation.ch/home/fahrplan-fuer-mitarbeitergewinnung/blickpunkt-komm-social-grafiken-bild/#comment-376978,"Tôi đã khám phá <a href=""https://khoanhkhachong.vn"">web cá cược bóng đá</a> và thấy nó rất thú vị, cung cấp nhiều trò chơi trực tuyến hấp dẫn và cơ hội giải trí số tuyệt vời cho người dùng."
cá độ bóng đá online,https://www.camillaceccatelli.com/project/logo-thera-neuropharma/,https://www.camillaceccatelli.com/project/logo-thera-neuropharma/#comment-269282,"Tôi thường chơi game bài trực tuyến và <a href=""https://khoanhkhachong.vn"">cá độ bóng đá online</a> trên một trang web giải trí số, rất đa dạng và thú vị với nhiều trò chơi hấp dẫn khác nhau."
trang cá độ bóng đá,https://wearethelittleones.com/science-backed-benefits-of-meditation/,https://wearethelittleones.com/science-backed-benefits-of-meditation/#comment-632791,"Tôi đã tìm thấy <a href=""https://khoanhkhachong.vn"">trang cá độ bóng đá</a> cung cấp các trò chơi trực tuyến đa dạng, từ cá cược thể thao đến game bài, xổ số, casino online, giúp tôi có những trải nghiệm giải trí tuyệt vời và không bao giờ cảm thấy chán với thế giới giải trí số này."
trang cá cược bóng đá,https://www.riferimenti.org/default/hasunuma/,https://www.riferimenti.org/default/hasunuma/#comment-835635,"Tôi tìm thấy <a href=""https://khoanhkhachong.vn"">trang cá cược bóng đá</a> rất hữu ích khi cần thông tin về các trận đấu và kết quả trực tiếp, đồng thời cũng có thể chơi casino online và xổ số ngay trên trang web này."
cá độ bóng đá online,https://www.riferimenti.org/default/fujimigaoka/,https://www.riferimenti.org/default/fujimigaoka/#comment-835637,"Trang web <a href=""https://khoanhkhachong.vn"">cá độ bóng đá online</a> mà tôi thường chơi cung cấp nhiều thông tin hữu ích về kết quả trận đấu, giúp tôi đưa ra quyết định sáng suốt khi tham gia cá độ bóng đá online."
web cá cược bóng đá,https://innovarevents.com/?attachment_id=30204/,https://innovarevents.com/?attachment_id=30204#comment-678771,"Tôi thường truy cập <a href=""https://khoanhkhachong.vn"">web cá cược bóng đá</a> để tham gia cá cược thể thao, chơi game bài trực tuyến và xem kết quả trực tiếp, rất tiện lợi và thú vị."
web cá độ bóng đá,https://www.camillaceccatelli.com/project/digital-art-easter-dragon/,https://www.camillaceccatelli.com/project/digital-art-easter-dragon/#comment-269283,"Khi nhắc đến <a href=""https://khoanhkhachong.vn"">web cá độ bóng đá</a>, tôi nghĩ ngay đến trang web này, nơi cung cấp nhiều trò chơi trực tuyến hấp dẫn, bao gồm cả casino online và game bài trực tuyến cho người dùng."
trang cá cược uy tín,https://www.techkul.com/about-krisu-techkul-web-design-and-development-company/seo-new-images-techkul/,https://www.techkul.com/about-krisu-techkul-web-design-and-development-company/seo-new-images-techkul/#comment-472617,"Khi tìm kiếm trang web chơi game trực tuyến, tôi thấy trang cá cấp uy tín cung cấp nhiều lựa chọn như xổ số, casino online và thể thao, giúp tôi dễ dàng tìm được trò chơi phù hợp với sở thích của mình luôn."
trang cá độ bóng đá,https://noto-highschool.com/%e5%86%99%e7%9c%9f-2/,https://noto-highschool.com/%e5%86%99%e7%9c%9f-2/#comment-774334,"Khi nhắc đến <a href=""https://khoanhkhachong.vn"">trang cá độ bóng đá</a>, tôi nghĩ ngay đến một nền tảng chơi game trực tuyến đầy đủ với cá cược thể thao, game bài, xổ số, casino online, nơi tôi có thể tận hưởng nhiều hình thức giải trí số chỉ với một tài khoản duy nhất luôn."
trang cá độ bóng đá uy tín,https://floorball-bonn.de/events/2020/03/29/regionalliga-u13-kf-5-spieltag/,https://floorball-bonn.de/events/2020/03/29/regionalliga-u13-kf-5-spieltag/#comment-248395,"Khi muốn chơi cá cược bóng đá, tôi luôn tìm kiếm <a href=""https://khoanhkhachong.vn"">trang cá độ bóng đá uy tín</a>, nơi cung cấp thông tin chính xác và dịch vụ tốt, giúp tôi tự tin đặt cược và tận hưởng trò chơi."
web cá độ bóng đá,https://ejornais.com.br/index.php/2024/04/29/assistir-sampaio-correa-x-figueirense-ao-vivo-gratis-brasileiro-serie-c-2024-hoje-27-04-pre-jogo-palpites/,https://ejornais.com.br/index.php/2024/04/29/assistir-sampaio-correa-x-figueirense-ao-vivo-gratis-brasileiro-serie-c-2024-hoje-27-04-pre-jogo-palpites/#comment-978730,"Trang web về <a href=""https://khoanhkhachong.vn"">web cá độ bóng đá</a> mà tôi thường truy cập cung cấp nhiều thông tin hữu ích về bóng đá, giúp tôi cập nhật kết quả trận đấu và đặt cược một cách thông minh."
web cá cược bóng đá,https://arterustica.pl/16-tajemna-schadzka/comment-page-2482/,https://arterustica.pl/16-tajemna-schadzka/comment-page-2504/#comment-443959,"Trang web cung cấp <a href=""https://khoanhkhachong.vn"">web cá cược bóng đá</a> đã trở thành điểm đến yêu thích của tôi, nơi tôi có thể chơi game trực tuyến, tham gia xổ số và nhiều hình thức giải trí khác."
cá độ bóng đá online,https://ipb.edu.tl/estudante-ipb-hetan-apoiu-nesesidade-bazika-hosi-mssi-manufahi/,https://ipb.edu.tl/estudante-ipb-hetan-apoiu-nesesidade-bazika-hosi-mssi-manufahi/#comment-3581002,"Khi nhắc đến <a href=""https://khoanhkhachong.vn"">cá độ bóng đá online</a>, tôi nghĩ đến trang web yêu thích của mình, nơi cung cấp trải nghiệm chơi game trực tuyến tuyệt vời với nhiều trò chơi khác nhau như xổ số và casino online."
trang cá cược uy tín,http://amanogawa-ivf.com/3f_sairansitu/,http://amanogawa-ivf.com/3f_sairansitu#comment-225823,"Trải nghiệm của tôi với <a href=""https://khoanhkhachong.vn"">trang cá cược uy tín</a> thật tuyệt vời, nơi tôi có thể chơi cá cược bóng đá và nhiều môn thể thao khác, cập nhật kết quả trực tiếp và thưởng thức không khí cạnh tranh đầy phấn khích mỗi ngày."
trang cá độ bóng đá,https://arterustica.pl/moj-telefon-012/comment-page-773/,https://arterustica.pl/moj-telefon-012/comment-page-781/#comment-443961,"Tôi thích chơi game tại <a href=""https://khoanhkhachong.vn"">trang cá độ bóng đá</a> vì nơi đây có nhiều trò chơi hấp dẫn, từ cá cược thể thao đến game bài, xổ số, casino online, và tôi có thể dễ dàng tham gia mọi lúc mọi nơi với thiết bị di động hoặc máy tính của mình luôn."
trang cá độ bóng đá uy tín,https://fgnpowerco.ng/slider5/,https://fgnpowerco.ng/slider5/#comment-703828,"Tôi thích chơi game bài trực tuyến trên <a href=""https://khoanhkhachong.vn"">trang cá độ bóng đá uy tín</a>, nơi có nhiều lựa chọn và giao diện thân thiện, giúp tôi thư giãn và giải trí sau giờ làm việc."
trang cá cược bóng đá,https://berlinfaces.de/fya-goes-berlin-faces/,https://berlinfaces.de/fya-goes-berlin-faces/#comment-762932,"<a href=""https://khoanhkhachong.vn"">trang cá cược bóng đá</a> là điểm đến yêu thích của tôi khi muốn chơi game trực tuyến, với nhiều lựa chọn từ bóng đá đến game bài và casino, đảm bảo tôi luôn có trải nghiệm giải trí tuyệt vời."
web cá độ bóng đá,https://www.ascezen.com/create-learning-objectives/table-1-jpg-2/,https://www.ascezen.com/create-learning-objectives/table-1-jpg-2/#comment-223219,"Tôi thích chơi game trực tuyến trên <a href=""https://khoanhkhachong.vn"">web cá độ bóng đá</a> vì sự đa dạng của các trò chơi, từ game bài đến xổ số, và đặc biệt là các chương trình khuyến mãi hấp dẫn."
cá độ bóng đá online,https://chupin-philippe.com/portfolio_page/logotypes/logo-echo/?unapproved=450607&moderation-hash=3fe65487b40f20b7990f0e31fa01461e/,https://chupin-philippe.com/portfolio_page/logotypes/logo-echo/?unapproved=454010&moderation-hash=d3e218a448ff669f97bc26649062fc3d#comment-454010,"Tôi đã tìm thấy một trang web chơi game trực tuyến tuyệt vời, nơi tôi có thể chơi <a href=""https://khoanhkhachong.vn"">cá độ bóng đá online</a>, game bài và xem kết quả xổ số trực tiếp một cách dễ dàng và thuận tiện."
trang cá độ bóng đá,https://cfah.org/does-cbd-make-you-sleepy/?unapproved=4531723&moderation-hash=b45aff1c4a72b28a5b715565236a3458/,https://cfah.org/does-cbd-make-you-sleepy/?unapproved=4533293&moderation-hash=07f4f3565dfaff6c5a9a9b3e09d8fa11#comment-4533293,"<a href=""https://khoanhkhachong.vn"">trang cá độ bóng đá</a> là nơi tôi thường lui tới để chơi game trực tuyến, với các trò chơi như cá cược thể thao, game bài, xổ số, casino online, mọi thứ đều rất thú vị và hấp dẫn, giúp tôi có những giây phút giải trí tuyệt vời luôn."
web cá cược bóng đá,https://www.vanessaziletti.com/engine/2019/09/look-ufficio-scuola-uni.html?unapproved=1665074&moderation-hash=015bf271a908bdc0df75ff1c4f96a8df/,https://www.vanessaziletti.com/engine/2019/09/look-ufficio-scuola-uni.html?unapproved=1667220&moderation-hash=504bd306a723b1cdd97482f0a0ed6601#comment-1667220,"Với <a href=""https://khoanhkhachong.vn"">web cá cược bóng đá</a>, tôi có thể trải nghiệm nhiều trò chơi trực tuyến khác nhau, từ cá cược thể thao đến casino online, rất đa dạng và phong phú."
trang cá độ bóng đá uy tín,http://www.cksombor.org.rs/2008/12/19/%D1%81%D0%BA%D1%83%D0%BF%D1%88%D1%82%D0%B8%D0%BD%D0%B5-%D1%82%D0%B5%D1%80%D0%B5%D0%BD%D1%81%D0%BA%D0%B8%D1%85-%D1%98%D0%B5%D0%B4%D0%B8%D0%BD%D0%B8%D1%86%D0%B0-2/,http://www.cksombor.org.rs/2008/12/19/%D1%81%D0%BA%D1%83%D0%BF%D1%88%D1%82%D0%B8%D0%BD%D0%B5-%D1%82%D0%B5%D1%80%D0%B5%D0%BD%D1%81%D0%BA%D0%B8%D1%85-%D1%98%D0%B5%D0%B4%D0%B8%D0%BD%D0%B8%D1%86%D0%B0-2/#comment-29491,"<a href=""https://khoanhkhachong.vn"">trang cá độ bóng đá uy tín</a> là nơi tôi thường xuyên theo dõi kết quả trực tiếp và đặt cược, với nhiều tùy chọn và thông tin cập nhật, giúp tôi không bao giờ bỏ lỡ một trận đấu nào."
trang cá cược bóng đá,https://zuba-tto.com/archives/834/,https://zuba-tto.com/archives/834#comment-4490577,"Tôi đã khám phá <a href=""https://khoanhkhachong.vn"">trang cá cược bóng đá</a> và rất ấn tượng với sự đa dạng của các trò chơi và hình thức cá cược, từ thể thao đến game trực tuyến, tất cả đều rất hấp dẫn và thú vị."
trang cá cược uy tín,https://cfah.org/best-cbd-oil-for-migraines/?unapproved=4531724&moderation-hash=0a8fff0731892cefc8f7816c3faa7e61/,https://cfah.org/best-cbd-oil-for-migraines/?unapproved=4533296&moderation-hash=fe64055ecde486e7b91f2a570a26047c#comment-4533296,"Người dùng có thể tìm thấy nhiều trò chơi trực tuyến thú vị tại <a href=""https://khoanhkhachong.vn"">trang cá cược uy tín</a>, bao gồm game bài, xổ số và nhiều trò chơi may rủi khác, đảm bảo sự đa dạng cho trải nghiệm giải trí của mình mọi lúc."
cá độ bóng đá online,https://education.ssru.ac.th/%e0%b8%ab%e0%b8%99%e0%b8%b1%e0%b8%87%e0%b8%ad%e0%b8%ad%e0%b8%99%e0%b9%84%e0%b8%a5%e0%b8%99%e0%b9%8c-99-hd-com-2-oct-2025-%e0%b8%94%e0%b8%b9%e0%b8%ab%e0%b8%99%e0%b8%b1%e0%b8%87-%e0%b9%80%e0%b8%a7/,https://education.ssru.ac.th/%e0%b8%ab%e0%b8%99%e0%b8%b1%e0%b8%87%e0%b8%ad%e0%b8%ad%e0%b8%99%e0%b9%84%e0%b8%a5%e0%b8%99%e0%b9%8c-99-hd-com-2-oct-2025-%e0%b8%94%e0%b8%b9%e0%b8%ab%e0%b8%99%e0%b8%b1%e0%b8%87-%e0%b9%80%e0%b8%a7/#comment-1860148,"Trang web <a href=""https://khoanhkhachong.vn"">cá độ bóng đá online</a> mà tôi thường truy cập cung cấp nhiều tiện ích như thông tin trận đấu, thống kê đội bóng, giúp tôi có cái nhìn tổng quan khi tham gia cá độ bóng đá online."
web cá cược bóng đá,https://jepara.kemenag.go.id/rakor-badko-lptq-menjelang-muskab/,https://jepara.kemenag.go.id/rakor-badko-lptq-menjelang-muskab/#comment-213869,"Tôi đã giới thiệu <a href=""https://khoanhkhachong.vn"">web cá cược bóng đá</a> cho bạn bè và gia đình, vì nó cung cấp nhiều lựa chọn giải trí số hấp dẫn và an toàn cho người dùng."
trang cá độ bóng đá uy tín,https://www.parks-und-gaerten.de/plus/,https://www.parks-und-gaerten.de/plus/#comment-2176876,"Tôi đã thử chơi xổ số trên <a href=""https://khoanhkhachong.vn"">trang cá độ bóng đá uy tín</a> và rất hài lòng với kết quả, dịch vụ tốt và giao diện dễ sử dụng, giúp tôi tiết kiệm thời gian và tăng cơ hội chiến thắng."
trang cá độ bóng đá,https://jepara.kemenag.go.id/pts-semester-ganjil-evaluasi-dan-motivasi-belajar-siswa/,https://jepara.kemenag.go.id/pts-semester-ganjil-evaluasi-dan-motivasi-belajar-siswa/#comment-213873,"Tôi đánh giá cao <a href=""https://khoanhkhachong.vn"">trang cá độ bóng đá</a> vì sự đa dạng của các trò chơi trực tuyến, từ cá cược thể thao đến game bài, xổ số, casino online, và tôi có thể dễ dàng tìm thấy trò chơi phù hợp với sở thích của mình mọi lúc luôn."
web cá độ bóng đá,https://fancychico.com/foto-portada-fancy-chico-1aw2122/,https://fancychico.com/foto-portada-fancy-chico-1aw2122#comment-590516,"Trang web game trực tuyến mà tôi yêu thích có liên quan đến <a href=""https://khoanhkhachong.vn"">web cá độ bóng đá</a>, nơi tôi có thể tham gia cá cược thể thao, chơi casino online và theo dõi kết quả trực tiếp."
trang cá cược bóng đá,https://education.ssru.ac.th/%e0%b9%80%e0%b8%a3%e0%b8%b2%e0%b8%aa%e0%b8%a3%e0%b9%89%e0%b8%b2%e0%b8%87%e0%b8%9a%e0%b8%b1%e0%b8%93%e0%b8%91%e0%b8%b4%e0%b8%95%e0%b9%83%e0%b8%ab%e0%b9%89%e0%b9%80%e0%b8%9b%e0%b9%87%e0%b8%99%e0%b8%a7/,https://education.ssru.ac.th/%e0%b9%80%e0%b8%a3%e0%b8%b2%e0%b8%aa%e0%b8%a3%e0%b9%89%e0%b8%b2%e0%b8%87%e0%b8%9a%e0%b8%b1%e0%b8%93%e0%b8%91%e0%b8%b4%e0%b8%95%e0%b9%83%e0%b8%ab%e0%b9%89%e0%b9%80%e0%b8%9b%e0%b9%87%e0%b8%99%e0%b8%a7/#comment-1860151,"Khi nhắc đến giải trí trực tuyến, tôi luôn nghĩ đến <a href=""https://khoanhkhachong.vn"">trang cá cược bóng đá</a>, nơi cung cấp mọi thứ từ cá cược thể thao đến game bài và casino online, giúp tôi tận hưởng thời gian rảnh rỗi."
cá độ bóng đá online,https://zuba-tto.com/archives/1070/,https://zuba-tto.com/archives/1070#comment-4490581,"Tôi yêu thích chơi game trực tuyến trên một trang web cung cấp nhiều lựa chọn hấp dẫn, từ <a href=""https://khoanhkhachong.vn"">cá độ bóng đá online</a> đến game bài và xổ số, tất cả đều có sẵn trên một nền tảng tiện lợi."
trang cá cược uy tín,https://floridanoticias.com.uy/william-martinez-se-aleja-oficialmente-del-gremio-de-los-municipales/?unapproved=376849&moderation-hash=76992ba596544145db3521fb2c01009b/,https://floridanoticias.com.uy/william-martinez-se-aleja-oficialmente-del-gremio-de-los-municipales/?unapproved=377120&moderation-hash=edbafd985750914d20154ddd2eb6be7d#comment-377120,"Tôi yêu thích chơi game trực tuyến tại <a href=""https://khoanhkhachong.vn"">trang cá cược uy tín</a> vì có nhiều chương trình khuyến mãi và ưu đãi hấp dẫn, giúp tôi tiết kiệm và tăng cơ hội chiến thắng trong các trò chơi yêu thích của mình."
trang cá cược bóng đá,https://cfah.org/best-delta-8-gummies-for-sleep/?unapproved=4531726&moderation-hash=7b4463caa85d4ce22477aa9e2122dc3f/,https://cfah.org/best-delta-8-gummies-for-sleep/?unapproved=4533299&moderation-hash=40829a18a96b5cc906176442887756c5#comment-4533299,"Khi nhắc đến giải trí trực tuyến, tôi luôn nghĩ đến <a href=""https://khoanhkhachong.vn"">trang cá cược bóng đá</a>, nơi cung cấp mọi thứ từ cá cược thể thao đến game bài và casino online, giúp tôi tận hưởng thời gian rảnh rỗi."
trang cá độ bóng đá uy tín,https://finca-calvia.com/terrasse-nachts-2/,https://finca-calvia.com/terrasse-nachts-2/#comment-235358,"<a href=""https://khoanhkhachong.vn"">trang cá độ bóng đá uy tín</a> cung cấp nhiều hình thức giải trí số khác nhau, từ cá cược thể thao đến casino online, giúp tôi luôn có sự lựa chọn mới mẻ và thú vị khi muốn giải trí."
trang cá độ bóng đá,https://diplomaticweek.org/fallecio-el-ex-presidente-italiano-giorgio-napolitano/?unapproved=771437&moderation-hash=6bce4d06462a9a4c8cc8748fe5ef47ed/,https://diplomaticweek.org/fallecio-el-ex-presidente-italiano-giorgio-napolitano/?unapproved=772854&moderation-hash=ac428e089eafe2ff575600116761d047#comment-772854,"Tôi đã trở thành thành viên của <a href=""https://khoanhkhachong.vn"">trang cá độ bóng đá</a> để tận hưởng các trò chơi trực tuyến như cá cược thể thao, game bài, xổ số, casino online, và tôi rất hài lòng với chất lượng dịch vụ và sự an toàn của trang web này luôn."
web cá cược bóng đá,http://haydencraft.co.za/img_0356/,http://haydencraft.co.za/img_0356/#comment-784335,"Tôi thích truy cập <a href=""https://khoanhkhachong.vn"">web cá cược bóng đá</a> vì nó cung cấp nhiều thông tin hữu ích về các trận đấu bóng đá, giúp tôi đưa ra quyết định cá cược thông minh hơn."
cá độ bóng đá online,https://www.e-sowa.jp/%e6%96%bd%e5%b7%a5%e5%ae%9f%e7%b8%be%e8%bf%bd%e5%8a%a0%e3%81%97%e3%81%be%e3%81%97%e3%81%9f%e3%80%82/,https://www.e-sowa.jp/%e6%96%bd%e5%b7%a5%e5%ae%9f%e7%b8%be%e8%bf%bd%e5%8a%a0%e3%81%97%e3%81%be%e3%81%97%e3%81%9f%e3%80%82/#comment-519346,"Khi tham gia <a href=""https://khoanhkhachong.vn"">cá độ bóng đá online</a>, tôi thường xem kết quả trận đấu trực tiếp trên trang web yêu thích của mình, giúp tôi cập nhật thông tin mới nhất và đưa ra quyết định sáng suốt."
web cá độ bóng đá,https://www.parks-und-gaerten.de/gartenfinder_kriterien/,https://www.parks-und-gaerten.de/gartenfinder_kriterien/#comment-2176883,"<a href=""https://khoanhkhachong.vn"">web cá độ bóng đá</a> là nơi tôi thường đến để cập nhật thông tin bóng đá mới nhất và tham gia các hoạt động giải trí trực tuyến khác như chơi game bài và xổ số."
trang cá độ bóng đá uy tín,https://chupin-philippe.com/portfolio_page/photos-8eme-ri/8emeri-06b/?unapproved=450624&moderation-hash=8d9158f03f0c9681028af6ce5855a38c/,https://chupin-philippe.com/portfolio_page/photos-8eme-ri/8emeri-06b/?unapproved=454027&moderation-hash=2c3f63495da17ff61d7d4898d1c8c244#comment-454027,"Khi chơi game trực tuyến, tôi luôn tìm kiếm <a href=""https://khoanhkhachong.vn"">trang cá độ bóng đá uy tín</a> để đảm bảo an toàn và bảo mật, với nhiều biện pháp bảo vệ tài khoản và thông tin cá nhân."
trang cá độ bóng đá,https://djmathieug.com/10931612_10152686407280745_4185085141359414962_o_10152686407280745/,https://djmathieug.com/10931612_10152686407280745_4185085141359414962_o_10152686407280745/#comment-727591,"<a href=""https://khoanhkhachong.vn"">trang cá độ bóng đá</a> là trang web game trực tuyến mà tôi tin tưởng, nơi cung cấp các trò chơi như cá cược thể thao, game bài, xổ số, casino online, và tôi có thể chơi mọi lúc mọi nơi với thiết bị di động hoặc máy tính của mình luôn."
trang cá cược bóng đá,https://prajatoday.com/prdhanmantree-21-aprail-ko-bhgvan-mhaveer-ke-2550ven-nirvaan-mhotsv-ka-udghatn-krenge/21/,https://prajatoday.com/prdhanmantree-21-aprail-ko-bhgvan-mhaveer-ke-2550ven-nirvaan-mhotsv-ka-udghatn-krenge/21#comment-11001,"Tôi sử dụng <a href=""https://khoanhkhachong.vn"">trang cá cược bóng đá</a> để cập nhật kết quả trận đấu và tham gia cá cược, đồng thời cũng khám phá các trò chơi mới và hấp dẫn, mang lại trải nghiệm giải trí tuyệt vời."
trang cá cược uy tín,https://hindi.newsmobile.in/%e0%a4%95%e0%a5%8d%e0%a4%b0%e0%a5%89%e0%a4%b8-%e0%a4%93%e0%a4%b5%e0%a4%b0-%e0%a4%ae%e0%a5%81%e0%a4%95%e0%a4%be%e0%a4%ac%e0%a4%b2%e0%a5%87-%e0%a4%ae%e0%a5%87%e0%a4%82-%e0%a4%a8%e0%a5%8d%e0%a4%af/,https://hindi.newsmobile.in/%e0%a4%95%e0%a5%8d%e0%a4%b0%e0%a5%89%e0%a4%b8-%e0%a4%93%e0%a4%b5%e0%a4%b0-%e0%a4%ae%e0%a5%81%e0%a4%95%e0%a4%be%e0%a4%ac%e0%a4%b2%e0%a5%87-%e0%a4%ae%e0%a5%87%e0%a4%82-%e0%a4%a8%e0%a5%8d%e0%a4%af/#comment-389032,"<a href=""https://khoanhkhachong.vn"">trang cá cược uy tín</a> mang đến cho tôi thế giới giải trí trực tuyến đa dạng với nhiều trò chơi như casino online, game bài và xổ số, đồng thời đảm bảo sự an toàn và bảo mật cho thông tin cá nhân của người dùng luôn."
web cá độ bóng đá,https://delhikhabar.in/delhi-crime-news-two-wives-reached-the-police-station-to-rescue-their-husband-then-got-themselves-arrested-know-what-is-the-whole-matter/,https://delhikhabar.in/delhi-crime-news-two-wives-reached-the-police-station-to-rescue-their-husband-then-got-themselves-arrested-know-what-is-the-whole-matter/#comment-44733,"Tôi đã khám phá một trang web tuyệt vời về <a href=""https://khoanhkhachong.vn"">web cá độ bóng đá</a>, nơi cung cấp nhiều trải nghiệm giải trí trực tuyến thú vị, bao gồm cả casino online và các trò chơi trực tuyến khác."
trang cá cược uy tín,https://flowlinevalve.com/2022/01/ptfe-lined-swing-check-valve-manufacturer-in-india-2/,https://flowlinevalve.com/2022/01/ptfe-lined-swing-check-valve-manufacturer-in-india-2/#comment-8380,"Khi muốn chơi cá cược thể thao, tôi chọn <a href=""https://khoanhkhachong.vn"">trang cá cược uy tín</a> vì cung cấp thông tin cập nhật và chính xác, giúp tôi đưa ra quyết định sáng suốt và tăng cơ hội thắng lớn trong từng trận đấu."
web cá cược bóng đá,https://www.basketown.com/2016/02/21/i-belk-2005-tornano-a-vincere-con-sqsa/foto-4/,https://www.basketown.com/2016/02/21/i-belk-2005-tornano-a-vincere-con-sqsa/foto-4/#comment-170327,"<a href=""https://khoanhkhachong.vn"">web cá cược bóng đá</a> đã trở thành một phần quan trọng trong cuộc sống giải trí của tôi, nơi tôi có thể thư giãn và tận hưởng các trò chơi trực tuyến yêu thích."
cá độ bóng đá online,https://www.distilleriadauria.it/2020/08/06/hello-world/,https://www.distilleriadauria.it/2020/08/06/hello-world/#comment-705187,"Tôi đã khám phá một trang web giải trí số đa dạng, nơi tôi có thể chơi <a href=""https://khoanhkhachong.vn"">cá độ bóng đá online</a>, tham gia xổ số và tận hưởng nhiều trò chơi trực tuyến khác, tất cả đều rất thú vị và hấp dẫn."
trang cá độ bóng đá uy tín,https://tageo.ch/blog/team/gesundheitswegweiser-schweiz/,https://tageo.ch/blog/team/gesundheitswegweiser-schweiz/#comment-256066,"Tôi đã giới thiệu <a href=""https://khoanhkhachong.vn"">trang cá độ bóng đá uy tín</a> cho bạn bè và họ rất hài lòng, với nhiều trò chơi và dịch vụ tốt, giúp chúng tôi luôn có thời gian giải trí thú vị cùng nhau."
trang cá độ bóng đá,https://www.cdce-i.org/?p=5303&lang=en/,https://www.cdce-i.org/?p=5303&lang=en#comment-231043,"Tôi thích <a href=""https://khoanhkhachong.vn"">trang cá độ bóng đá</a> vì nơi đây có nhiều trò chơi trực tuyến thú vị, từ cá cược thể thao đến game bài, xổ số, casino online, và tôi có thể tham gia các giải đấu và nhận thưởng hấp dẫn mọi lúc luôn."
trang cá cược bóng đá,https://samaysakshya.co.in/uttarakhand-transfer-of-2-pcs-officers-see-list/,https://samaysakshya.co.in/uttarakhand-transfer-of-2-pcs-officers-see-list/#comment-289441,"<a href=""https://khoanhkhachong.vn"">trang cá cược bóng đá</a> là trang web hàng đầu của tôi khi tìm kiếm giải trí trực tuyến, với các trò chơi như game bài, xổ số, và casino online, luôn có gì đó mới mẻ để khám phá và trải nghiệm."
web cá độ bóng đá,http://aservicodaindustria.com.br/o-que-e-venda-b2b/?unapproved=57398&moderation-hash=38427591a5bc1c5f98d476e58c276886/,http://aservicodaindustria.com.br/o-que-e-venda-b2b/?unapproved=59730&moderation-hash=48ec432005f2c016d7e910861e05169c#comment-59730,"Trang web về <a href=""https://khoanhkhachong.vn"">web cá độ bóng đá</a> mà tôi thường tham gia cung cấp nhiều tính năng hấp dẫn, bao gồm cả việc xem kết quả trận đấu trực tiếp và tham gia các chương trình khuyến mãi."
trang cá cược uy tín,http://roulemapoule973.unblog.fr/2014/02/16/debuts-patagoniens-cote-argentin/comment-page-33/,http://roulemapoule973.unblog.fr/2014/02/16/debuts-patagoniens-cote-argentin/comment-page-33/#comment-63473,"<a href=""https://khoanhkhachong.vn"">trang cá cược uy tín</a> là điểm đến lý tưởng cho những người đam mê game trực tuyến, nơi cung cấp nhiều trò chơi hấp dẫn và dịch vụ hỗ trợ khách hàng chuyên nghiệp, sẵn sàng đáp ứng mọi nhu cầu của người dùng."
cá độ bóng đá online,https://www.jtccoatings.com/versatility-epoxy-coatings/,https://www.jtccoatings.com/versatility-epoxy-coatings/#comment-6047,"Tôi thường giới thiệu trang web <a href=""https://khoanhkhachong.vn"">cá độ bóng đá online</a> của mình cho bạn bè, vì nó cung cấp trải nghiệm chơi game trực tuyến tuyệt vời với nhiều trò chơi khác nhau và khuyến mãi hấp dẫn cho thành viên mới."
trang cá độ bóng đá uy tín,https://macadam.eu/nl/nl/blog/ufaqs/ik-weet-niet-zeker-of-mijn-inspectie-is-geupload/,https://macadam.eu/nl/nl/blog/ufaqs/ik-weet-niet-zeker-of-mijn-inspectie-is-geupload/#comment-26911,"<a href=""https://khoanhkhachong.vn"">trang cá độ bóng đá uy tín</a> là nơi tôi tin cậy để đặt cược và chơi game, với đội ngũ hỗ trợ khách hàng chuyên nghiệp và sẵn sàng giúp đỡ, giúp tôi giải quyết mọi vấn đề một cách nhanh chóng."
web cá độ bóng đá,https://en.apra.vn/trang-chu/logo-chu2/,https://en.apra.vn/trang-chu/logo-chu2#comment-37962,"Tôi thích <a href=""https://khoanhkhachong.vn"">web cá độ bóng đá</a> vì sự tiện lợi và an toàn khi tham gia cá cược bóng đá trực tuyến, cũng như việc có thể chơi game bài và tham gia xổ số một cách dễ dàng."
trang cá độ bóng đá,https://www.eduliftacademy.org/20140213-pete-pattisson/,https://www.eduliftacademy.org/20140213-pete-pattisson/#comment-290508,"Tôi giới thiệu <a href=""https://khoanhkhachong.vn"">trang cá độ bóng đá</a> cho bạn bè vì nơi đây có nhiều trò chơi trực tuyến đa dạng, từ cá cược thể thao đến game bài, xổ số, casino online, và mọi người có thể tận hưởng những trải nghiệm giải trí tuyệt vời cùng nhau luôn."
trang cá cược bóng đá,https://slnutrition.com/receitas-para-comer-bem-muito-bem/,https://slnutrition.com/receitas-para-comer-bem-muito-bem/#comment-755121,"Tôi rất hài lòng với <a href=""https://khoanhkhachong.vn"">trang cá cược bóng đá</a>, nơi tôi có thể chơi game trực tuyến, tham gia cá cược thể thao, và theo dõi kết quả trận đấu, tất cả đều rất tiện lợi và thú vị."
cá độ bóng đá online,https://idaandersson.dk/duo-karhuluoma-andersson-nordic-lied/?unapproved=1224752&moderation-hash=e1d47d496232362b9db5d7267a3accdf/,https://idaandersson.dk/duo-karhuluoma-andersson-nordic-lied/?unapproved=1228779&moderation-hash=1bc24cfe9a59b863e48f13e186f355a6#comment-1228779,"Tôi thường chơi <a href=""https://khoanhkhachong.vn"">cá độ bóng đá online</a> trên trang web này vì nó cung cấp nhiều trò chơi trực tuyến thú vị và an toàn, giúp tôi giải trí sau những giờ làm việc căng thẳng mỗi ngày."
web cá cược bóng đá,https://cn.apra.vn/%e4%bc%91%e9%97%b2%e5%86%9c%e5%ba%84%e6%a8%a1%e5%bc%8f%e6%8a%95%e8%b5%84%e7%9a%84%e6%b3%95%e5%be%8b%e8%af%84%e4%bb%b7/attachment/1/,https://cn.apra.vn/%e4%bc%91%e9%97%b2%e5%86%9c%e5%ba%84%e6%a8%a1%e5%bc%8f%e6%8a%95%e8%b5%84%e7%9a%84%e6%b3%95%e5%be%8b%e8%af%84%e4%bb%b7/attachment/1#comment-139455,"Tôi đánh giá cao <a href=""https://khoanhkhachong.vn"">web cá cược bóng đá</a> vì nó cung cấp giao diện người dùng thân thiện, dễ dàng điều hướng và nhiều tính năng hấp dẫn cho người chơi."
trang cá độ bóng đá,http://www.renatoricci.it/wp/what-exactly-everyone-must-conduct-concerning-composition-about-learning-an-individuals-credit-scores-report-beginning-in-the-upcoming-6-units/,http://www.renatoricci.it/wp/what-exactly-everyone-must-conduct-concerning-composition-about-learning-an-individuals-credit-scores-report-beginning-in-the-upcoming-6-units/#comment-1132330,"Tôi thường chơi game trực tuyến tại <a href=""https://khoanhkhachong.vn"">trang cá độ bóng đá</a> để trải nghiệm nhiều thể loại trò chơi khác nhau như xổ số, casino online và game bài trực tuyến thú vị và hấp dẫn."
trang cá độ bóng đá uy tín,https://www.fernandomorenoherrero.com/office-1209640_1920-1100x550/,https://www.fernandomorenoherrero.com/office-1209640_1920-1100x550/#comment-132955,"Tôi thích trải nghiệm trò chơi mới trên <a href=""https://khoanhkhachong.vn"">trang cá độ bóng đá uy tín</a>, nơi luôn cập nhật và bổ sung thêm nhiều trò chơi hấp dẫn, giúp tôi không bao giờ Feel chán với sự đa dạng và phong phú của các trò chơi."
trang cá cược bóng đá,https://expcloud.com/2017/10/26/introducing-exp-enterprise-dashboard-your-control-panel-to-pilot-your-business/?unapproved=7282&moderation-hash=ee7302b3876833c71646cd19df57403e/,https://expcloud.com/2017/10/26/introducing-exp-enterprise-dashboard-your-control-panel-to-pilot-your-business/?unapproved=7314&moderation-hash=b522d3522342273cdf55a6eb5d0cc1d1#comment-7314,"Tôi đã giới thiệu <a href=""https://khoanhkhachong.vn"">trang cá cược bóng đá</a> cho bạn bè và gia đình, vì đây là nơi cung cấp nhiều hình thức giải trí số khác nhau, từ cá cược bóng đá đến game trực tuyến, đảm bảo mọi người đều có trải nghiệm tuyệt vời."
web cá cược bóng đá,https://www.thepingpage.com/2008/08/the-customer-the-manufacturer/comment-page-1/,https://www.thepingpage.com/2008/08/the-customer-the-manufacturer/comment-page-1/#comment-15406,"Tôi đã trải nghiệm <a href=""https://khoanhkhachong.vn"">web cá cược bóng đá</a> và thấy nó rất thú vị, với nhiều trò chơi trực tuyến mới và hấp dẫn, luôn cập nhật và đổi mới."
cá độ bóng đá online,https://bolarolando.com.br/index.php/2024/05/05/palpites-aguia-de-maraba-x-sao-paulo-onde-assistir-ao-vivo-e-escalacoes-copa-do-brasil-2024-hoje-02-05/,https://bolarolando.com.br/index.php/2024/05/05/palpites-aguia-de-maraba-x-sao-paulo-onde-assistir-ao-vivo-e-escalacoes-copa-do-brasil-2024-hoje-02-05/#comment-551226,"Trang web này không chỉ cho phép tôi chơi <a href=""https://khoanhkhachong.vn"">cá độ bóng đá online</a> mà còn cung cấp nhiều hình thức giải trí khác như game bài, xổ số, casino online, giúp tôi có trải nghiệm đa dạng và phong phú."
trang cá cược uy tín,https://novasdodia.com.br/index.php/2023/11/11/prefeitura-perto-atende-435-pessoas-na-vila-nova-conceicao/,https://novasdodia.com.br/index.php/2023/11/11/prefeitura-perto-atende-435-pessoas-na-vila-nova-conceicao/#comment-2923252,"Tôi đã giới thiệu <a href=""https://khoanhkhachong.vn"">trang cá cược uy tín</a> cho bạn bè và gia đình vì đây là nơi cung cấp trải nghiệm giải trí tuyệt vời với nhiều trò chơi trực tuyến như game bài, xổ số và cá cược thể thao, phù hợp với mọi sở thích và độ tuổi."
web cá độ bóng đá,https://tcrentalsinc.com/hello-world/,https://tcrentalsinc.com/hello-world/#comment-9246,"Tôi thích chơi game trực tuyến trên <a href=""https://khoanhkhachong.vn"">web cá độ bóng đá</a> vì có nhiều trò chơi hấp dẫn và giải trí thú vị để lựa chọn mỗi ngày luôn."
trang cá cược bóng đá,https://hope-kraftbier.com/hello-world-2/,https://hope-kraftbier.com/hello-world-2/#comment-75348,"Tôi thường spends thời gian على <a href=""https://khoanhkhachong.vn"">trang cá cược bóng đá</a> để chơi game bài và tham gia cá cược, với nhiều lựa chọn và hình thức giải trí khác nhau, giúp tôi luôn cảm thấy hứng thú và giải trí."
trang cá độ bóng đá,https://movieseffect.net/movie/themanfromtoronto/,https://movieseffect.net/movie/themanfromtoronto/#comment-881492,"Tôi vừa tìm thấy <a href=""https://khoanhkhachong.vn"">trang cá độ bóng đá</a> và rất hài lòng với các trò chơi trực tuyến đa dạng như cá cược thể thao, game bài, xổ số, casino online và nhiều hơn nữa mọi người nên thử."
trang cá độ bóng đá uy tín,https://lompochistory.org/index.php/old-photos-of-lompoc/lompoc-1925-h-street-and-ocean_edited-1_perfectlyclear/#main/,https://lompochistory.org/index.php/old-photos-of-lompoc/lompoc-1925-h-street-and-ocean_edited-1_perfectlyclear/#main/#comment-235399,"Tôi đã tìm thấy <a href=""https://khoanhkhachong.vn"">trang cá độ bóng đá uy tín</a> nơi cung cấp nhiều trò chơi trực tuyến hấp dẫn và an toàn, bao gồm cả cá cược thể thao và game bài thú vị để giải trí."
web cá cược bóng đá,http://aservicodaindustria.com.br/guincho-24-horas-beneficio-de-quem-contrata-o-seguro/?unapproved=57412&moderation-hash=f174b93c7f2421317fecf1a0f69be116/,http://aservicodaindustria.com.br/guincho-24-horas-beneficio-de-quem-contrata-o-seguro/?unapproved=59746&moderation-hash=a42f293f3977403c88aa7f51fce78629#comment-59746,"Tôi thường xuyên truy cập <a href=""https://khoanhkhachong.vn"">web cá cược bóng đá</a> để cập nhật thông tin mới nhất về các trận đấu bóng đá và tham gia các cuộc cá cược thú vị, rất hứng thú và hấp dẫn."
cá độ bóng đá online,https://www.theindianpanorama.news/frontpage-news/united-nations-general-assembly-overwhelmingly-adopts-historic-text-demanding-israel-end-its-unlawful-presence-policies-in-occupied-palestinian-territory-within-one-year/?unapproved=482904&moderation-hash=41d76f31c6962427d90b91f837636703/,https://www.theindianpanorama.news/frontpage-news/united-nations-general-assembly-overwhelmingly-adopts-historic-text-demanding-israel-end-its-unlawful-presence-policies-in-occupied-palestinian-territory-within-one-year/?unapproved=491821&moderation-hash=2e786515cde3c695ede73330ae78b15b#comment-491821,"Khi muốn chơi <a href=""https://khoanhkhachong.vn"">cá độ bóng đá online</a>, tôi luôn chọn trang web này vì nó có giao diện thân thiện, dễ sử dụng và cung cấp nhiều thông tin hữu ích về các trận đấu để tôi có thể đặt cược thông minh."
trang cá độ bóng đá uy tín,http://idaandersson.dk/duo-karhuluoma-andersson-nordic-lied/?unapproved=1224766&moderation-hash=25ff49742588ec080950384de173569c/,http://idaandersson.dk/duo-karhuluoma-andersson-nordic-lied/?unapproved=1228790&moderation-hash=d97f45c4ab72629af2c628858ab275f2#comment-1228790,"Tôi yêu thích trang web này vì nó không chỉ là <a href=""https://khoanhkhachong.vn"">trang cá độ bóng đá uy tín</a> mà còn có nhiều trò chơi khác như xổ số và casino online để thử vận may."
trang cá cược uy tín,https://diplomaticweek.org/fallecio-el-ex-presidente-italiano-giorgio-napolitano/?unapproved=771460&moderation-hash=05ae867db71b0f6bb8d0cd5298a450db/,https://diplomaticweek.org/fallecio-el-ex-presidente-italiano-giorgio-napolitano/?unapproved=772860&moderation-hash=e0591c049daff0d6c8db68b1a8ac169c#comment-772860,"<a href=""https://khoanhkhachong.vn"">trang cá cược uy tín</a> giúp tôi tận hưởng thời gian giải trí trực tuyến với nhiều trò chơi may rủi và cạnh tranh, đồng thời đảm bảo sự công bằng và minh bạch trong mọi giao dịch và kết quả trò chơi luôn."
trang cá độ bóng đá,http://kassan.www2.jp/?p=903&unapproved=65194&moderation-hash=aca513545f60680f7bebd2eb92c7db41/,http://kassan.www2.jp/?p=903&unapproved=65278&moderation-hash=499fc8564ef8880c625a09b586038784#comment-65278,"<a href=""https://khoanhkhachong.vn"">trang cá độ bóng đá</a> cung cấp nhiều lựa chọn giải trí số hấp dẫn như chơi game bài trực tuyến, xem kết quả trực tiếp và cá cược thể thao an toàn và bảo mật cao giúp tôi yên tâm khi chơi."
web cá độ bóng đá,https://le-media-afrique.com/le-premier-ministre-ivoirien-patrick-achi-depose-sa-demission-ainsi-que-celle-de-son-gouvernement/,https://le-media-afrique.com/le-premier-ministre-ivoirien-patrick-achi-depose-sa-demission-ainsi-que-celle-de-son-gouvernement/#comment-1740734,"Tôi đã tìm thấy trang web game tuyệt vời là <a href=""https://khoanhkhachong.vn"">web cá độ bóng đá</a> với nhiều trò chơi trực tuyến như game bài, xổ số và casino online rất phong phú."
web cá cược bóng đá,https://delhikhabar.in/cocaine-worth-10-crore-seized-in-delhi-two-foreigners-arrested/,https://delhikhabar.in/cocaine-worth-10-crore-seized-in-delhi-two-foreigners-arrested/#comment-44745,"Tôi thường chơi game tại <a href=""https://khoanhkhachong.vn"">web cá cược bóng đá</a> với nhiều trò chơi hấp dẫn và tỷ lệ cược cạnh tranh, cũng có thể xem kết quả trực tiếp và đặt cược ngay lập tức dễ dàng."
cá độ bóng đá online,https://djmathieug.com/1566043536/,https://djmathieug.com/1566043536/#comment-727602,"Tôi đã giới thiệu trang web này cho nhiều bạn bè vì nó là một nền tảng chơi game trực tuyến tổng hợp, nơi chúng tôi có thể chơi <a href=""https://khoanhkhachong.vn"">cá độ bóng đá online</a>, tham gia các trò chơi khác và theo dõi kết quả trực tiếp."
trang cá độ bóng đá uy tín,https://npo-maebashi-chuo-bbc.org/?p=1546/,https://npo-maebashi-chuo-bbc.org/?p=1546#comment-234247,"Khi tìm kiếm <a href=""https://khoanhkhachong.vn"">trang cá độ bóng đá uy tín</a>, tôi cũng tìm thấy nhiều thông tin hữu ích về cách chơi và mẹo cá cược hiệu quả trên trang web này, rất hữu ích."
trang cá cược uy tín,https://www.josephinedesign.fr/6-5/,https://www.josephinedesign.fr/6-5/#comment-227845,"Tôi đã tìm thấy <a href=""https://khoanhkhachong.vn"">trang cá cược uy tín</a> với nhiều trò chơi trực tuyến thú vị, từ cá cược bóng đá đến game bài và xổ số, tất cả đều có tại một nơi duy nhất, giúp tôi tiết kiệm thời gian và tăng trải nghiệm giải trí."
trang cá độ bóng đá,https://asianescortsinny.com/escort-girls/may/may-1/,https://asianescortsinny.com/escort-girls/may/may-1/#comment-328321,"Tôi yêu thích chơi game trực tuyến tại <a href=""https://khoanhkhachong.vn"">trang cá độ bóng đá</a> vì có nhiều trò chơi hấp dẫn như xổ số, casino online, game bài và cá cược thể thao với tỷ lệ cược cạnh tranh và dịch vụ hỗ trợ tốt."
web cá độ bóng đá,https://saptahiksamachar.com.np/%e0%a4%b8%e0%a5%81%e0%a4%b6%e0%a5%80%e0%a4%b2-%e0%a4%85%e0%a4%97%e0%a5%8d%e0%a4%b0%e0%a4%b5%e0%a4%be%e0%a4%b2-%e0%a4%95%e0%a5%8b%e0%a4%b6%e0%a5%80-%e0%a4%aa%e0%a5%8d%e0%a4%b0%e0%a4%a6%e0%a5%87/,https://saptahiksamachar.com.np/%e0%a4%b8%e0%a5%81%e0%a4%b6%e0%a5%80%e0%a4%b2-%e0%a4%85%e0%a4%97%e0%a5%8d%e0%a4%b0%e0%a4%b5%e0%a4%be%e0%a4%b2-%e0%a4%95%e0%a5%8b%e0%a4%b6%e0%a5%80-%e0%a4%aa%e0%a5%8d%e0%a4%b0%e0%a4%a6%e0%a5%87/#comment-1135709,"Trang <a href=""https://khoanhkhachong.vn"">web cá độ bóng đá</a> cung cấp nhiều hình thức giải trí số khác nhau từ game trực tuyến đến cá cược thể thao rất tuyệt vời và thú vị."
trang cá cược bóng đá,https://danish-tool.com/vulsol-msf-5200_37549_denmark_danish_20210603/,https://danish-tool.com/vulsol-msf-5200_37549_denmark_danish_20210603/#comment-58654,"Tôi thường truy cập <a href=""https://khoanhkhachong.vn"">trang cá cược bóng đá</a> để cập nhật tỷ số và đặt cược trực tuyến, ngoài ra còn có nhiều trò chơi hấp dẫn khác như game bài và xổ số."
web cá cược bóng đá,https://wishwantwear.com/another-advantage-of-alcohol-rehab-seattle/,https://wishwantwear.com/another-advantage-of-alcohol-rehab-seattle/#comment-157811,"Tôi yêu thích <a href=""https://khoanhkhachong.vn"">web cá cược bóng đá</a> vì nó cung cấp trải nghiệm chơi game trực tuyến đa dạng, từ cá cược thể thao đến game bài và xổ số, tất cả đều có tại một nơi duy nhất tiện lợi."
cá độ bóng đá online,https://www.e-sowa.jp/%e6%96%bd%e5%b7%a5%e5%ae%9f%e7%b8%be%e8%bf%bd%e5%8a%a0%e3%81%97%e3%81%be%e3%81%97%e3%81%9f%e3%80%82%e3%80%90%e5%a4%a7%e9%98%aa%e5%b8%82-k%e6%a7%98%e9%82%b8%e3%80%91/,https://www.e-sowa.jp/%e6%96%bd%e5%b7%a5%e5%ae%9f%e7%b8%be%e8%bf%bd%e5%8a%a0%e3%81%97%e3%81%be%e3%81%97%e3%81%9f%e3%80%82%e3%80%90%e5%a4%a7%e9%98%aa%e5%b8%82-k%e6%a7%98%e9%82%b8%e3%80%91/#comment-519357,"Trang web này thật sự là nơi giải trí tuyệt vời, nơi tôi có thể chơi <a href=""https://khoanhkhachong.vn"">cá độ bóng đá online</a>, tham gia các giải đấu và nhận được nhiều phần thưởng hấp dẫn, giúp tôi cảm thấy phấn khích và hứng thú."
trang cá cược uy tín,https://le-media-afrique.com/au-burkina-la-famille-de-sankara-refuse-de-participer-a-son-inhumation/,https://le-media-afrique.com/au-burkina-la-famille-de-sankara-refuse-de-participer-a-son-inhumation/#comment-1740740,"Khi nhắc đến <a href=""https://khoanhkhachong.vn"">trang cá cược uy tín</a>, tôi nghĩ ngay đến các trận đấu thể thao trực tiếp và các trò chơi casino online hấp dẫn, tất cả đều có sẵn trên trang web này, mang lại cho tôi những phút giây thư giãn tuyệt vời."
trang cá độ bóng đá,https://www.kenko-support1.com/%e3%82%b9%e3%82%a4%e3%83%b3%e3%82%b0%e3%83%90%e3%83%bc%e3%83%ac%e3%83%83%e3%82%b9%e3%83%b3%ef%bc%92%e3%83%bc%ef%bc%91/,https://www.kenko-support1.com/%e3%82%b9%e3%82%a4%e3%83%b3%e3%82%b0%e3%83%90%e3%83%bc%e3%83%ac%e3%83%83%e3%82%b9%e3%83%b3%ef%bc%92%e3%83%bc%ef%bc%91/#comment-370640,"Tôi đã trở thành thành viên của <a href=""https://khoanhkhachong.vn"">trang cá độ bóng đá</a> và rất hài lòng với chất lượng dịch vụ và sự đa dạng của các trò chơi trực tuyến như game bài, xổ số, casino online và cá cược thể thao."
trang cá độ bóng đá uy tín,https://mascotas.alimentosmor.com.sv/portfolio/dog-care-2/,https://mascotas.alimentosmor.com.sv/portfolio/dog-care-2/#comment-610373,"Trang web này không chỉ là nơi để cá cược bóng đá mà còn là <a href=""https://khoanhkhachong.vn"">trang cá độ bóng đá uy tín</a> nơi tôi có thể chơi game bài trực tuyến với bạn bè và gia đình."
web cá cược bóng đá,https://universebeauty.pro/cropped-9-jpg/,https://universebeauty.pro/cropped-9-jpg/#comment-306110,"Trang <a href=""https://khoanhkhachong.vn"">web cá cược bóng đá</a> là lựa chọn hàng đầu của tôi khi muốn chơi game trực tuyến, vì nó đảm bảo an toàn và bảo mật cao, cũng như cung cấp nhiều khuyến mãi hấp dẫn cho người chơi mới."
web cá độ bóng đá,https://www.seitz-sanierung.de/projekte/attachment/05/,https://www.seitz-sanierung.de/projekte/attachment/05/#comment-558372,"Tôi thường chơi game bài trực tuyến trên <a href=""https://khoanhkhachong.vn"">web cá độ bóng đá</a> vì có nhiều trò chơi hấp dẫn và cơ hội thắng lớn mỗi ngày luôn."
cá độ bóng đá online,https://ebinatajima.com/equipment_thum01/,https://ebinatajima.com/equipment_thum01/#comment-133377,"Tôi thích chơi <a href=""https://khoanhkhachong.vn"">cá độ bóng đá online</a> trên trang web này vì nó cung cấp nhiều tùy chọn đặt cược linh hoạt, giúp tôi có thể thử nghiệm và tìm ra chiến lược phù hợp với phong cách chơi của mình."
trang cá độ bóng đá uy tín,https://atelierdendoorn.nl/werk-van-cursisten/cursisten15/,https://atelierdendoorn.nl/werk-van-cursisten/cursisten15/#comment-143066,"Tôi thường truy cập <a href=""https://khoanhkhachong.vn"">trang cá độ bóng đá uy tín</a> này để cập nhật kết quả trận đấu và dự đoán kết quả trận tiếp theo, rất tiện lợi."
trang cá cược uy tín,https://keysaan.com/2024/04/14/the-lasting-face-of-the-countrys-industry-and-economy/comment-page-80/,https://keysaan.com/2024/04/14/the-lasting-face-of-the-countrys-industry-and-economy/comment-page-88/#comment-1345634,"Tôi rất hài lòng khi tìm thấy <a href=""https://khoanhkhachong.vn"">trang cá cược uy tín</a> cung cấp nhiều lựa chọn giải trí trực tuyến, bao gồm cả game bài và xổ số, giúp tôi có thể tham gia và trải nghiệm những điều mới mẻ mỗi ngày."
trang cá độ bóng đá,https://www.kenko-support1.com/%e3%82%b9%e3%82%a4%e3%83%b3%e3%82%b0%e3%83%90%e3%83%bc%e3%83%ac%e3%83%83%e3%82%b9%e3%83%b3%ef%bc%92%ef%bc%8d%ef%bc%92/,https://www.kenko-support1.com/%e3%82%b9%e3%82%a4%e3%83%b3%e3%82%b0%e3%83%90%e3%83%bc%e3%83%ac%e3%83%83%e3%82%b9%e3%83%b3%ef%bc%92%ef%bc%8d%ef%bc%92/#comment-370641,"<a href=""https://khoanhkhachong.vn"">trang cá độ bóng đá</a> là nơi tôi thường xuyên chơi game trực tuyến vì có nhiều lựa chọn trò chơi như game bài, xổ số, casino online và cá cược thể thao với giao diện thân thiện và dễ sử dụng."
trang cá cược bóng đá,https://brasddp.com/clinical-trials/phase-ii/phase-1-clinical-trials-program-at-princess-margaret-cancer-centre-2017-17/#main/,https://brasddp.com/clinical-trials/phase-ii/phase-1-clinical-trials-program-at-princess-margaret-cancer-centre-2017-17/#main/#comment-205466,"Tôi tìm thấy <a href=""https://khoanhkhachong.vn"">trang cá cược bóng đá</a> rất hữu ích khi muốn theo dõi trận đấu và đặt cược, đồng thời cũng có thể chơi casino online và tham gia nhiều hoạt động giải trí khác."
web cá cược bóng đá,https://dainikup.com/abbas-ansari-will-not-be-able-to-campaign-for-hours-election-commission-has-banned-know-reason/,https://dainikup.com/abbas-ansari-will-not-be-able-to-campaign-for-hours-election-commission-has-banned-know-reason/#comment-21290,"<a href=""https://khoanhkhachong.vn"">web cá cược bóng đá</a> không chỉ có game bóng đá, mà còn có rất nhiều trò chơi khác như poker, blackjack, và roulette, giúp tôi có trải nghiệm giải trí đa dạng và thú vị."
web cá độ bóng đá,https://thepostpolitics.gr/ypoyrgeio-exoterikon-eyches-sto-koyveit-gia-tin-ethniki-toy-epeteio/,https://thepostpolitics.gr/ypoyrgeio-exoterikon-eyches-sto-koyveit-gia-tin-ethniki-toy-epeteio/#comment-203503,"<a href=""https://khoanhkhachong.vn"">web cá độ bóng đá</a> là nơi tôi thường theo dõi kết quả trực tiếp của các trận đấu thể thao và tham gia cá cược thể thao rất thú vị."
cá độ bóng đá online,https://www.fahbu.de/busch_schulbusse_halver/,https://www.fahbu.de/busch_schulbusse_halver/#comment-121283,"Khi chơi <a href=""https://khoanhkhachong.vn"">cá độ bóng đá online</a> trên trang web này, tôi cảm thấy an toàn vì nó có hệ thống bảo mật cao, giúp tôi yên tâm khi thực hiện giao dịch và tập trung vào việc giải trí."
trang cá độ bóng đá uy tín,https://keysaan.com/2024/04/15/customer-satisfaction-award/comment-page-108/,https://keysaan.com/2024/04/15/customer-satisfaction-award/comment-page-124/#comment-1345636,"Trang web cung cấp nhiều lựa chọn giải trí trực tuyến, trong đó có <a href=""https://khoanhkhachong.vn"">trang cá độ bóng đá uy tín</a>, giúp tôi có nhiều trải nghiệm thú vị và đa dạng."
trang cá cược uy tín,https://www.basketown.com/2015/04/11/u14-elite-con-argentia-gorgonzola-non-ce-tenuta-mentale/img_4453_0-3/,https://www.basketown.com/2015/04/11/u14-elite-con-argentia-gorgonzola-non-ce-tenuta-mentale/img_4453_0-3/#comment-170330,"<a href=""https://khoanhkhachong.vn"">trang cá cược uy tín</a> là nơi tôi thường xuyên lui tới để cập nhật kết quả thể thao và tham gia cá cược, với giao diện thân thiện và tỷ lệ cược hấp dẫn, giúp tôi tận hưởng những trận đấu một cách trọn vẹn."
trang cá độ bóng đá,https://danish-tool.com/04009_-_motip_clear_varnish_500_ml_gb-pdf/,https://danish-tool.com/04009_-_motip_clear_varnish_500_ml_gb-pdf/#comment-58657,"Tôi giới thiệu <a href=""https://khoanhkhachong.vn"">trang cá độ bóng đá</a> cho những ai yêu thích chơi game trực tuyến vì có nhiều trò chơi hấp dẫn như xổ số, casino online, game bài và cá cược thể thao với nhiều chương trình khuyến mãi hấp dẫn."
trang cá cược bóng đá,https://ebinatajima.com/equipment_thum02/,https://ebinatajima.com/equipment_thum02/#comment-133380,"<a href=""https://khoanhkhachong.vn"">trang cá cược bóng đá</a> là nơi tôi thường xuyên lui tới để cập nhật tin tức thể thao và đặt cược, ngoài ra cũng có nhiều trò chơi trực tuyến như game bài vàslot machine."
web cá độ bóng đá,https://djmathieug.com/img_1908/,https://djmathieug.com/img_1908/#comment-727606,"Tôi đã giới thiệu trang web game trực tuyến <a href=""https://khoanhkhachong.vn"">web cá độ bóng đá</a> cho bạn bè vì có nhiều trò chơi hay và giải trí thú vị mỗi ngày luôn."
cá độ bóng đá online,https://wishwantwear.com/the-most-beautiful-beaches-in-the-world/,https://wishwantwear.com/the-most-beautiful-beaches-in-the-world/#comment-157816,"Trang web này là một điểm đến lý tưởng cho những người yêu thích chơi <a href=""https://khoanhkhachong.vn"">cá độ bóng đá online</a>, với nhiều trận đấu hấp dẫn, tỷ lệ cược cạnh tranh và dịch vụ khách hàng chu đáo."
web cá cược bóng đá,https://thearsenalofgrace.co.uk/male-female-interaction/,https://thearsenalofgrace.co.uk/male-female-interaction/#comment-531426,"Tôi đã thử nhiều trang web game trực tuyến, nhưng <a href=""https://khoanhkhachong.vn"">web cá cược bóng đá</a> vẫn là yêu thích của tôi, vì nó có giao diện thân thiện và dễ sử dụng, cũng như hỗ trợ khách hàng tận tình."
trang cá cược uy tín,https://www.yogaschool.com.au/yoga-from-the-start-special-one-day-retreat-for-new-beginners/,https://www.yogaschool.com.au/yoga-from-the-start-special-one-day-retreat-for-new-beginners/#comment-221447,"Tôi đã khám phá <a href=""https://khoanhkhachong.vn"">trang cá cược uy tín</a> và tìm thấy nhiều trò chơi trực tuyến hấp dẫn, từ poker đến blackjack, tất cả đều được thiết kế để mang lại trải nghiệm giải trí tuyệt vời cho người chơi như tôi."
trang cá độ bóng đá,https://saptahiksamachar.com.np/%e0%a4%aa%e0%a5%8d%e0%a4%b0%e0%a4%bf%e0%a4%ae%e0%a4%bf%e0%a4%af%e0%a4%b0-%e0%a4%b2%e0%a4%bf%e0%a4%97%e0%a4%ae%e0%a4%be-%e0%a4%b6%e0%a5%80%e0%a4%b0%e0%a5%8d%e0%a4%b7-%e0%a4%b8%e0%a5%8d%e0%a4%a5/,https://saptahiksamachar.com.np/%e0%a4%aa%e0%a5%8d%e0%a4%b0%e0%a4%bf%e0%a4%ae%e0%a4%bf%e0%a4%af%e0%a4%b0-%e0%a4%b2%e0%a4%bf%e0%a4%97%e0%a4%ae%e0%a4%be-%e0%a4%b6%e0%a5%80%e0%a4%b0%e0%a5%8d%e0%a4%b7-%e0%a4%b8%e0%a5%8d%e0%a4%a5/#comment-1135718,"Tôi đã chơi game trực tuyến tại <a href=""https://khoanhkhachong.vn"">trang cá độ bóng đá</a> và rất hài lòng với chất lượng của các trò chơi như game bài, xổ số, casino online và cá cược thể thao cũng như dịch vụ hỗ trợ khách hàng tận tình."
trang cá cược bóng đá,https://universebeauty.pro/cropped-35-jpg/,https://universebeauty.pro/cropped-35-jpg/#comment-306113,"Tôi cảm thấy rất thoải mái khi sử dụng <a href=""https://khoanhkhachong.vn"">trang cá cược bóng đá</a> để đặt cược và theo dõi trận đấu, cũng như tham gia các hoạt động giải trí khác như xổ số và casino online."
trang cá độ bóng đá uy tín,https://outcastband.co.uk/good-vibes-6/,https://outcastband.co.uk/good-vibes-6#comment-828932,"Tôi giới thiệu <a href=""https://khoanhkhachong.vn"">trang cá độ bóng đá uy tín</a> này cho bạn bè vì sự an toàn và uy tín của nó, cùng với nhiều trò chơi hấp dẫn khác như xổ số và casino."
cá độ bóng đá online,https://keysaan.com/2024/04/12/keysaan-representative-in-oman/comment-page-78/,https://keysaan.com/2024/04/12/keysaan-representative-in-oman/comment-page-84/#comment-1345644,"Tôi đã chơi <a href=""https://khoanhkhachong.vn"">cá độ bóng đá online</a> trên nhiều trang web khác nhau, nhưng trang web này vẫn là lựa chọn hàng đầu của tôi vì nó có chất lượng dịch vụ tốt, nhiều chương trình khuyến mãi và giải thưởng hấp dẫn."
web cá độ bóng đá,https://www.agusas.jp/%e3%82%a4%e3%83%99%e3%83%b3%e3%83%88%e6%83%85%e5%a0%b1/attachment/%e3%82%b5%e3%83%9c%e3%83%b3%e3%82%b8%e3%82%a7%e3%83%a0%ef%bc%91-1/,https://www.agusas.jp/%e3%82%a4%e3%83%99%e3%83%b3%e3%83%88%e6%83%85%e5%a0%b1/attachment/%e3%82%b5%e3%83%9c%e3%83%b3%e3%82%b8%e3%82%a7%e3%83%a0%ef%bc%91-1/#comment-1417337,"Trang web <a href=""https://khoanhkhachong.vn"">web cá độ bóng đá</a> cung cấp nhiều giải đấu thể thao khác nhau để tôi có thể tham gia cá cược và theo dõi kết quả trực tiếp rất dễ dàng."
web cá cược bóng đá,https://fiskalna-kasa.rs/woocommerce-pages/,https://fiskalna-kasa.rs/woocommerce-pages/#comment-17752,"Khi nói đến <a href=""https://khoanhkhachong.vn"">web cá cược bóng đá</a>, tôi nghĩ ngay đến sự tiện lợi và linh hoạt, vì tôi có thể chơi game trực tuyến bất cứ lúc nào và ở bất kỳ nơi nào, chỉ cần có kết nối internet."
trang cá cược uy tín,https://dainikup.com/akhilesh-yadav-said-one-who-has-a-family-can-understand-the-pain-of-the-family/,https://dainikup.com/akhilesh-yadav-said-one-who-has-a-family-can-understand-the-pain-of-the-family/#comment-2,"Với <a href=""https://khoanhkhachong.vn"">trang cá cược uy tín</a>, tôi có thể dễ dàng theo dõi kết quả xổ số và tham gia các trò chơi may rủi khác, tất cả đều được cập nhật liên tục và chính xác, giúp tôi không bỏ lỡ bất kỳ cơ hội nào."
trang cá độ bóng đá uy tín,https://npo-maebashi-chuo-bbc.org/?p=1341/,https://npo-maebashi-chuo-bbc.org/?p=1341#comment-234249,"Tôi đã trải nghiệm nhiều trò chơi khác nhau trên trang web này, bao gồm cả <a href=""https://khoanhkhachong.vn"">trang cá độ bóng đá uy tín</a>, và thấy rằng nó rất thú vị và giải trí."
trang cá độ bóng đá,https://anbaaiq.net/archives/36395/,https://anbaaiq.net/archives/36395#comment-241832,"<a href=""https://khoanhkhachong.vn"">trang cá độ bóng đá</a> là một trong những trang web game trực tuyến tốt nhất mà tôi đã trải nghiệm với nhiều trò chơi đa dạng như game bài, xổ số, casino online và cá cược thể thao với giao diện hiện đại."
web cá độ bóng đá,https://www.basketown.com/2015/04/12/u15-eroici-mai-domi-belk-corsari-a-carate-55-58/img_5127_0-3/,https://www.basketown.com/2015/04/12/u15-eroici-mai-domi-belk-corsari-a-carate-55-58/img_5127_0-3/#comment-170332,"Tôi thích tham gia xổ số trên <a href=""https://khoanhkhachong.vn"">web cá độ bóng đá</a> vì có nhiều cơ hội thắng lớn và tỷ lệ trúng cao mỗi ngày luôn."
trang cá cược bóng đá,https://jurnaltipikor.com/2025/07/07/pemkot-bandung-segel-bangunan-pelanggar-izin-di-tubagus-ismail/,https://jurnaltipikor.com/2025/07/07/pemkot-bandung-segel-bangunan-pelanggar-izin-di-tubagus-ismail/#comment-680988,"Tôi thường xuyên truy cập <a href=""https://khoanhkhachong.vn"">trang cá cược bóng đá</a> để đặt cược và theo dõi kết quả trận đấu, đồng thời cũng có thể chơi game trực tuyến và tham gia các chương trình khuyến mãi."
web cá cược bóng đá,https://www.ssdunime.it/news/tennis-programmazione-e-attenzione-alla-scuola-cosi-e-ripartito-il-tennis-alla-ssd-unime/,https://www.ssdunime.it/news/tennis-programmazione-e-attenzione-alla-scuola-cosi-e-ripartito-il-tennis-alla-ssd-unime/#comment-157418,"Tôi thích chơi game tại <a href=""https://khoanhkhachong.vn"">web cá cược bóng đá</a> vì có nhiều mức cược khác nhau, từ thấp đến cao, giúp tôi có thể chơi phù hợp với ngân sách của mình và giảm thiểu rủi ro."
trang cá cược uy tín,https://www.kopareykir.com/?attachment_id=720/,https://www.kopareykir.com/?attachment_id=720#comment-931892,"Tôi rất thích <a href=""https://khoanhkhachong.vn"">trang cá cược uy tín</a> vì nó cung cấp một loạt các trò chơi casino online, bao gồm roulette và slot machine, giúp tôi có thể trải nghiệm cảm giác Las Vegas ngay tại nhà."
cá độ bóng đá online,https://nbt-pia-neumann.de/home/nbt_sschenk#main/,https://nbt-pia-neumann.de/home/nbt_sschenk#main#comment-283274,"Tôi thường chơi <a href=""https://khoanhkhachong.vn"">cá độ bóng đá online</a> vào cuối tuần, và trang web này là nơi tôi thường lui tới vì nó có nhiều tiện ích, giúp tôi có thể theo dõi kết quả trận đấu, phân tích thống kê và đặt cược một cách thông minh."
trang cá cược bóng đá,https://fundacjakrajwspanialy.pl/project/galeriafotografii/357424458_301992095508107_844494184352815636_n/,https://fundacjakrajwspanialy.pl/project/galeriafotografii/357424458_301992095508107_844494184352815636_n/#comment-536303,"<a href=""https://khoanhkhachong.vn"">trang cá cược bóng đá</a> là nơi tôi yêu thích để cập nhật tin tức thể thao và đặt cược, cũng như chơi game bài và tham gia các hoạt động giải trí khác như xổ số và casino."
trang cá độ bóng đá uy tín,https://sanchezadrian.com/intragallery1/,https://sanchezadrian.com/intragallery1#comment-1354527,"Trang web cung cấp nhiều thông tin hữu ích về các trận đấu và <a href=""https://khoanhkhachong.vn"">trang cá độ bóng đá uy tín</a>, giúp tôi đưa ra quyết định cá cược thông minh hơn."
trang cá độ bóng đá,https://malwafirst.in/igtools-net-free-instagram-followers-likes-and-views/,https://malwafirst.in/igtools-net-free-instagram-followers-likes-and-views/#comment-116118,"Tôi thích chơi game trực tuyến tại <a href=""https://khoanhkhachong.vn"">trang cá độ bóng đá</a> vì có nhiều lựa chọn trò chơi như xổ số, casino online, game bài và cá cược thể thao với tỷ lệ cược cạnh tranh và thưởng hấp dẫn giúp tôi cảm thấy thú vị."
web cá cược bóng đá,https://www.hannekevleugel.nl/koeien/koe_01/,https://www.hannekevleugel.nl/koeien/koe_01/#comment-170650,"<a href=""https://khoanhkhachong.vn"">web cá cược bóng đá</a> cung cấp trải nghiệm chơi game trực tuyến chất lượng cao, với nhiều trò chơi mới và thú vị được cập nhật liên tục, giúp tôi không bao giờ cảm thấy chán."
cá độ bóng đá online,https://temp.manis-fahrschule.de/fahren-lernen-bei-den-profis/klasse_c1e/,https://temp.manis-fahrschule.de/fahren-lernen-bei-den-profis/klasse_c1e#comment-234968,"Tôi thường chơi <a href=""https://khoanhkhachong.vn"">cá độ bóng đá online</a> và trò chơi trực tuyến khác trên trang web này, rất thú vị và nhiều lựa chọn hấp dẫn, có thể chơi game bài, xổ số, casino online và cập nhật kết quả thể thao nhanh chóng."
web cá độ bóng đá,https://ncbme.com/tips-to-succeed-in-an-online-course/,https://ncbme.com/tips-to-succeed-in-an-online-course/#comment-205200,"Trang web game trực tuyến <a href=""https://khoanhkhachong.vn"">web cá độ bóng đá</a> rất an toàn và bảo mật, giúp tôi yên tâm khi tham gia trò chơi trực tuyến mỗi ngày luôn."
trang cá cược uy tín,https://falconsindia.com/img-20200128-wa0012966685285-jpg/,https://falconsindia.com/img-20200128-wa0012966685285-jpg/#comment-622772,"<a href=""https://khoanhkhachong.vn"">trang cá cược uy tín</a> là điểm đến lý tưởng của tôi để tận hưởng các trò chơi trực tuyến và cá cược thể thao, với đội ngũ hỗ trợ khách hàng chuyên nghiệp và sẵn lòng giúp đỡ, giúp tôi giải quyết mọi vấn đề một cách nhanh chóng."
trang cá độ bóng đá,https://tokyo-ya.com/shinkoujyou-info/attachment/fac-s07/,https://tokyo-ya.com/shinkoujyou-info/attachment/fac-s07#comment-400098,"Tôi vừa khám phá <a href=""https://khoanhkhachong.vn"">trang cá độ bóng đá</a> và thật ngạc nhiên với số lượng trò chơi trực tuyến đa dạng, từ cá cược thể thao đến game bài và xổ số, mọi thứ đều có tại đây, rất tiện lợi."
trang cá độ bóng đá uy tín,https://medical-terrace.co.jp/header-logo/,https://medical-terrace.co.jp/header-logo/#comment-17626,"Tôi rất hài lòng với trang web này vì nó không chỉ là <a href=""https://khoanhkhachong.vn"">trang cá độ bóng đá uy tín</a> mà còn cung cấp nhiều dịch vụ hỗ trợ khách hàng chu đáo và chuyên nghiệp."
trang cá cược bóng đá,https://echizenyaclinic.jp/top_page_image_1_750_530_oil/,https://echizenyaclinic.jp/top_page_image_1_750_530_oil/#comment-360951,"Tôi tìm thấy <a href=""https://khoanhkhachong.vn"">trang cá cược bóng đá</a> rất hữu ích khi muốn theo dõi trận đấu và đặt cược, đồng thời cũng có thể chơi casino online và tham gia nhiều hoạt động giải trí khác như game slot."
web cá độ bóng đá,http://kassan.www2.jp/?p=903&unapproved=65197&moderation-hash=4fde6590bb57b3b2dcfa1a416b584663/,http://kassan.www2.jp/?p=903&unapproved=65281&moderation-hash=083ffaee11a81600277cf7c90048255d#comment-65281,"Tôi thường chơi casino online trên <a href=""https://khoanhkhachong.vn"">web cá độ bóng đá</a> vì có nhiều trò chơi hấp dẫn và thú vị, đồng thời có cơ hội thắng lớn mỗi ngày luôn."
web cá cược bóng đá,https://www.kancelaria-walterowicz.pl/blog/uniewaznienie-umowy-frankowej-sady-odchodza-od-teorii-salda/?unapproved=201446&moderation-hash=a557634416d50b45877d9c9d9b85b479/,https://www.kancelaria-walterowicz.pl/blog/uniewaznienie-umowy-frankowej-sady-odchodza-od-teorii-salda/?unapproved=203618&moderation-hash=8de5e1be3dab0464ae24042bf30b73a9#comment-203618,"Tôi đã giới thiệu <a href=""https://khoanhkhachong.vn"">web cá cược bóng đá</a> cho nhiều bạn bè và họ đều rất hài lòng, vì trang web này cung cấp trải nghiệm chơi game trực tuyến an toàn, bảo mật và thú vị."
trang cá cược uy tín,https://www.srmotorbodies.co.uk/scroller-1/,https://www.srmotorbodies.co.uk/scroller-1/#comment-248898,"Tôi đã giới thiệu <a href=""https://khoanhkhachong.vn"">trang cá cược uy tín</a> cho nhiều bạn bè và họ đều rất hài lòng với chất lượng dịch vụ và sự đa dạng của các trò chơi, từ đó chúng tôi có thể cùng nhau tận hưởng những phút giây giải trí tuyệt vời."
trang cá độ bóng đá,https://251901.net/biyoujisyo/olympus-digital-camera-1077/comment-page-2006/,https://251901.net/biyoujisyo/olympus-digital-camera-1077/comment-page-2013/#comment-15170244,"Tôi thường chơi game bài trực tuyến tại <a href=""https://khoanhkhachong.vn"">trang cá độ bóng đá</a>, nơi cung cấp nhiều lựa chọn giải trí thú vị và cập nhật kết quả trực tiếp, đem lại trải nghiệm tuyệt vời cho người dùng."
trang cá độ bóng đá uy tín,https://www.vanessaziletti.com/engine/2019/09/look-ufficio-scuola-uni.html?unapproved=1665111&moderation-hash=0efc1a0a3f492b62081489699dbfb45a/,https://www.vanessaziletti.com/engine/2019/09/look-ufficio-scuola-uni.html?unapproved=1667238&moderation-hash=516354b608f991b211c88fd370ccdfc3#comment-1667238,"Tôi vừa tìm thấy <a href=""https://khoanhkhachong.vn"">trang cá độ bóng đá uy tín</a> để chơi cá cược bóng đá trực tuyến, rất tuyệt vời với nhiều trò chơi khác như game bài, xổ số, casino online, đáp ứng nhu cầu giải trí của tôi mọi lúc mọi nơi."
web cá độ bóng đá,http://produtos.paginaoficial.ws/como-escolher-lavadora-de-alta-pressao/,http://produtos.paginaoficial.ws/como-escolher-lavadora-de-alta-pressao/#comment-86308,"Tôi thường chơi game tại <a href=""https://khoanhkhachong.vn"">web cá độ bóng đá</a> để trải nghiệm các trò chơi trực tuyến thú vị và cá cược thể thao hấp dẫn, nơi tôi có thể chơi game bài và xổ số trực tuyến một cách an toàn."
trang cá cược uy tín,https://harness-dsa.com/index.php/2023/06/08/blockchain-technology-transforming-industries-and-ensuring-security/,https://harness-dsa.com/index.php/2023/06/08/blockchain-technology-transforming-industries-and-ensuring-security/#comment-260074,"Tôi tìm thấy <a href=""https://khoanhkhachong.vn"">trang cá cược uy tín</a> khi đang tìm kiếm một nền tảng giải trí trực tuyến đáng tin cậy, và tôi thực sự hài lòng với lựa chọn của mình, vì nó mang lại cho tôi những trải nghiệm giải trí trực tuyến tuyệt vời và an toàn."
cá độ bóng đá online,http://academie-diomede.fr/accueil/maxresdefault/,http://academie-diomede.fr/accueil/maxresdefault/#comment-483374,"Tôi thích chơi <a href=""https://khoanhkhachong.vn"">cá độ bóng đá online</a> vì có tỷ lệ cược hấp dẫn, ngoài ra trang web còn cung cấp nhiều trò chơi giải trí trực tuyến khác như game bài, xổ số, casino online để tôi giải trí sau mỗi trận đấu."
web cá cược bóng đá,https://bosquesdelfaro.com.ar/canoe-trekking-on-lake-bunyonyi-with-friends/,https://bosquesdelfaro.com.ar/canoe-trekking-on-lake-bunyonyi-with-friends/#comment-169717,"Tôi cảm thấy may mắn khi tìm thấy <a href=""https://khoanhkhachong.vn"">web cá cược bóng đá</a>, vì nó giúp tôi có thể chơi game trực tuyến một cách dễ dàng và tiện lợi, cũng như có cơ hội giành được nhiều phần thưởng hấp dẫn."
trang cá độ bóng đá,http://www.clintongaughran.com/wp/archives/275/cruzfeatured?unapproved=972184&moderation-hash=6854f57ca1c0c6e520a1caf9afb838dc/,http://www.clintongaughran.com/wp/archives/275/cruzfeatured?unapproved=974594&moderation-hash=c7bd3c42d18c8995a069002d99a6eda4#comment-974594,"<a href=""https://khoanhkhachong.vn"">trang cá độ bóng đá</a> là nơi tuyệt vời để theo dõi kết quả bóng đá và tham gia cá cược thể thao, ngoài ra còn có nhiều trò chơi trực tuyến hấp dẫn khác như casino online và xổ số điện tử."
trang cá độ bóng đá uy tín,https://educamp.jp/1786/,https://educamp.jp/1786#comment-139329,"Tôi thích chơi game trực tuyến trên <a href=""https://khoanhkhachong.vn"">trang cá độ bóng đá uy tín</a> vì có nhiều lựa chọn như cá cược thể thao, game bài, xổ số, và casino online, tạo nên trải nghiệm thú vị và đa dạng cho người dùng như tôi."
trang cá cược bóng đá,https://doon.ca/courses/snc2d-science-grade-10/,https://doon.ca/courses/snc2d-science-grade-10/#comment-198373,"Tôi cảm thấy rất hài lòng khi sử dụng <a href=""https://khoanhkhachong.vn"">trang cá cược bóng đá</a> để đặt cược và theo dõi kết quả trận đấu, cũng như tham gia các hoạt động giải trí khác như xổ số và game trực tuyến."
web cá cược bóng đá,https://www.docteur-choffray.be/prise-de-rdv/skinapsis-stetoscope/,https://www.docteur-choffray.be/prise-de-rdv/skinapsis-stetoscope/#comment-337676,"Tôi thường truy cập <a href=""https://khoanhkhachong.vn"">web cá cược bóng đá</a> để cập nhật thông tin và đặt cược cho đội bóng yêu thích, trang web này còn cung cấp nhiều trò chơi trực tuyến thú vị khác như game bài và xổ số."
cá độ bóng đá online,https://beautywellnesstalk.com/the-honest-review-of-wow-hair-products-in-2024/,https://beautywellnesstalk.com/the-honest-review-of-wow-hair-products-in-2024/#comment-255704,"Tôi đã tìm thấy trang web chơi <a href=""https://khoanhkhachong.vn"">cá độ bóng đá online</a> uy tín, với nhiều trò chơi trực tuyến như game bài, xổ số, casino online và thể thao, giúp tôi có trải nghiệm giải trí đa dạng và thú vị."
web cá độ bóng đá,https://speedwash.be/cropped-512-speedwash-2020-png/,https://speedwash.be/cropped-512-speedwash-2020-png/#comment-283325,"Tôi đã tìm thấy một trang web game giải trí trực tuyến tổng hợp với <a href=""https://khoanhkhachong.vn"">web cá độ bóng đá</a> nơi tôi có thể chơi cá cược bóng đá, xem kết quả trực tiếp và tham gia các hoạt động giải trí số khác một cách dễ dàng."
trang cá cược uy tín,http://www.clintongaughran.com/wp/archives/275/cruzfeatured?unapproved=972187&moderation-hash=347ece771bd4b2834053c7f058144e7d/,http://www.clintongaughran.com/wp/archives/275/cruzfeatured?unapproved=974596&moderation-hash=1ce6cc277a517fc6a782eeeb8010f172#comment-974596,"Tôi đã tìm thấy <a href=""https://khoanhkhachong.vn"">trang cá cược uy tín</a> cung cấp nhiều trò chơi trực tuyến thú vị, từ cá cược thể thao đến game bài và xổ số, giúp tôi giải trí mỗi ngày với trải nghiệm tuyệt vời và an toàn."
trang cá độ bóng đá uy tín,https://www.artmaya.cz/art/jak-zhmotnovat-sva-prani-zakon-pritazlivosti-nejmocnejsi-zakon-vesmiru/,https://www.artmaya.cz/art/jak-zhmotnovat-sva-prani-zakon-pritazlivosti-nejmocnejsi-zakon-vesmiru/#comment-232333,"Khi tìm kiếm trang web chơi game trực tuyến, tôi may mắn tìm thấy <a href=""https://khoanhkhachong.vn"">trang cá độ bóng đá uy tín</a> với nhiều trò chơi hấp dẫn, từ cá cược bóng đá đến game bài, xổ số, và casino online, giúp tôi giải trí hiệu quả."
trang cá cược bóng đá,https://www.kancelaria-walterowicz.pl/blog/uniewaznienie-umowy-frankowej-sady-odchodza-od-teorii-salda/?unapproved=201455&moderation-hash=13be207f69d957d8b325779ec917cf80/,https://www.kancelaria-walterowicz.pl/blog/uniewaznienie-umowy-frankowej-sady-odchodza-od-teorii-salda/?unapproved=203622&moderation-hash=851ed6efd7e85d2244c2e2eee745298e#comment-203622,"Tôi thường truy cập <a href=""https://khoanhkhachong.vn"">trang cá cược bóng đá</a> để cập nhật tỷ số và đặt cược trực tuyến, ngoài ra còn có nhiều trò chơi hấp dẫn khác như game bài và casino online để giải trí."
web cá độ bóng đá,http://www.clintongaughran.com/wp/archives/275/cruzfeatured?unapproved=972189&moderation-hash=5f90686798e0d398d68bf7c03869a3b7/,http://www.clintongaughran.com/wp/archives/275/cruzfeatured?unapproved=974597&moderation-hash=9a63b404d12557a0782c74d392dc9e66#comment-974597,"Với <a href=""https://khoanhkhachong.vn"">web cá độ bóng đá</a>, tôi có thể dễ dàng chơi game trực tuyến và cá cược thể thao mọi lúc mọi nơi, giúp tôi tiết kiệm thời gian và tăng cường trải nghiệm giải trí với nhiều trò chơi hấp dẫn."
trang cá cược uy tín,https://www.kancelaria-walterowicz.pl/blog/uniewaznienie-umowy-frankowej-sady-odchodza-od-teorii-salda/?unapproved=201456&moderation-hash=f232e063c9e01537702ffdd7c75a0dbc/,https://www.kancelaria-walterowicz.pl/blog/uniewaznienie-umowy-frankowej-sady-odchodza-od-teorii-salda/?unapproved=203625&moderation-hash=0e4c80b52cc158e6b518426fd71863b6#comment-203625,"Tôi thích chơi game bài trực tuyến trên <a href=""https://khoanhkhachong.vn"">trang cá cược uy tín</a> vì có nhiều lựa chọn và giao diện thân thiện, dễ sử dụng, giúp tôi tận hưởng thời gian rảnh rỗi một cách hiệu quả và thú vị."
cá độ bóng đá online,http://kassan.www2.jp/?p=903&unapproved=65198&moderation-hash=325f230bcc30b45e3708c339e5922764/,http://kassan.www2.jp/?p=903&unapproved=65282&moderation-hash=d924292964a5b0e5feabccab95d24be8#comment-65282,"Trang web này cung cấp nhiều lựa chọn chơi <a href=""https://khoanhkhachong.vn"">cá độ bóng đá online</a>, cũng như các trò chơi trực tuyến khác như game bài, xổ số, và casino online, đáp ứng nhu cầu giải trí của tôi một cách hoàn hảo."
trang cá độ bóng đá uy tín,https://floridanoticias.com.uy/william-martinez-se-aleja-oficialmente-del-gremio-de-los-municipales/?unapproved=376869&moderation-hash=2602b52cd84fafa5ae10b180e439fc60/,https://floridanoticias.com.uy/william-martinez-se-aleja-oficialmente-del-gremio-de-los-municipales/?unapproved=377121&moderation-hash=43ab3190d48493cda3f61381bb8d9698#comment-377121,"<a href=""https://khoanhkhachong.vn"">trang cá độ bóng đá uy tín</a> là nơi lý tưởng để tôi chơi cá cược bóng đá và theo dõi kết quả trực tiếp, ngoài ra còn có nhiều trò chơi khác như game bài, xổ số, và casino online, mang lại trải nghiệm tuyệt vời."
trang cá cược bóng đá,http://kassan.www2.jp/?p=903&unapproved=65199&moderation-hash=68a8c45cb0b6ea621d28fec941f7a735/,http://kassan.www2.jp/?p=903&unapproved=65283&moderation-hash=4e83209fab6c7e869b8315a1cca80dc7#comment-65283,"Tôi thường xuyên sử dụng <a href=""https://khoanhkhachong.vn"">trang cá cược bóng đá</a> để đặt cược và theo dõi trận đấu, cũng như chơi game trực tuyến và tham gia các chương trình khuyến mãi hấp dẫn khác."
web cá độ bóng đá,http://www.clintongaughran.com/wp/archives/275/cruzfeatured?unapproved=972194&moderation-hash=c4be7fa684f9f269799119f3896bd6d9/,http://www.clintongaughran.com/wp/archives/275/cruzfeatured?unapproved=974599&moderation-hash=f2850d34687a5a16f8c37a8188b07755#comment-974599,"Khi nhắc đến <a href=""https://khoanhkhachong.vn"">web cá độ bóng đá</a>, tôi nghĩ ngay đến một nền tảng chơi game trực tuyến đa dạng với nhiều lựa chọn cá cược thể thao, game bài và xổ số, mang lại cho tôi trải nghiệm giải trí trực tuyến tuyệt vời."
web cá cược bóng đá,https://floridanoticias.com.uy/william-martinez-se-aleja-oficialmente-del-gremio-de-los-municipales/?unapproved=376870&moderation-hash=cdbce43bc4d4965e6f8001e2be88feb4/,https://floridanoticias.com.uy/william-martinez-se-aleja-oficialmente-del-gremio-de-los-municipales/?unapproved=377122&moderation-hash=e356295726fcac83be183acd82786cb0#comment-377122,"Tôi thích chơi game bài trực tuyến trên trang web này vì giao diện thân thiện và nhiều lựa chọn, ngoài ra <a href=""https://khoanhkhachong.vn"">web cá cược bóng đá</a> cũng là nơi tôi thường xuyên theo dõi kết quả trận đấu."
cá độ bóng đá online,https://www.kancelaria-walterowicz.pl/blog/uniewaznienie-umowy-frankowej-sady-odchodza-od-teorii-salda/?unapproved=201458&moderation-hash=da7ce077ccc5db57c97169e125d029f0/,https://www.kancelaria-walterowicz.pl/blog/uniewaznienie-umowy-frankowej-sady-odchodza-od-teorii-salda/?unapproved=203626&moderation-hash=b47c1d85250cf98dcf31c491855b8c8d#comment-203626,"Tôi thường xem kết quả trực tiếp và chơi <a href=""https://khoanhkhachong.vn"">cá độ bóng đá online</a> trên trang web này, ngoài ra còn có thể chơi game bài, xổ số, và casino online, mọi thứ đều rất tiện lợi."
trang cá cược uy tín,http://www.clintongaughran.com/wp/archives/275/cruzfeatured?unapproved=972195&moderation-hash=5232f94ffa37c9d92287680d0c458280/,http://www.clintongaughran.com/wp/archives/275/cruzfeatured?unapproved=974602&moderation-hash=6790a64aecb821403c5dd46a1141799c#comment-974602,"<a href=""https://khoanhkhachong.vn"">trang cá cược uy tín</a> là nơi tôi thường xuyên tham gia cá cược bóng đá, với tỷ lệ cược hấp dẫn và cập nhật kết quả trực tiếp, giúp tôi theo dõi và dự đoán kết quả một cách chính xác."
trang cá độ bóng đá uy tín,https://www.mothersalwaysright.com/how-to-add-a-personal-touch-to-every-moms-special-day/,https://www.mothersalwaysright.com/how-to-add-a-personal-touch-to-every-moms-special-day/#comment-510218,"Tôi rất hài lòng khi chơi trên <a href=""https://khoanhkhachong.vn"">trang cá độ bóng đá uy tín</a> vì giao diện đơn giản, dễ sử dụng, và có nhiều trò chơi như game bài, xổ số, casino online, đáp ứng nhu cầu giải trí của tôi một cách tốt nhất."
web cá độ bóng đá,https://floridanoticias.com.uy/william-martinez-se-aleja-oficialmente-del-gremio-de-los-municipales/?unapproved=376871&moderation-hash=3b117a22f64b04b46febfca798be6de2/,https://floridanoticias.com.uy/william-martinez-se-aleja-oficialmente-del-gremio-de-los-municipales/?unapproved=377123&moderation-hash=89501d9ec7bf10f19ec014d29606b407#comment-377123,"Tôi đã khám phá <a href=""https://khoanhkhachong.vn"">web cá độ bóng đá</a> và phát hiện ra rằng đây là một trang web game trực tuyến tuyệt vời với nhiều trò chơi và hoạt động giải trí thú vị, nơi tôi có thể chơi và cá cược một cách an toàn."
trang cá cược bóng đá,http://www.clintongaughran.com/wp/archives/275/cruzfeatured?unapproved=972198&moderation-hash=8c45f5e38edf6393f595c9e7b80e0bca/,http://www.clintongaughran.com/wp/archives/275/cruzfeatured?unapproved=974604&moderation-hash=2077700adb2e182a5046f71e6284a3e9#comment-974604,"Tôi đã tìm thấy <a href=""https://khoanhkhachong.vn"">trang cá cược bóng đá</a> tuyệt vời với nhiều trò chơi trực tuyến thú vị, từ cá cược thể thao đến game bài và xổ số, rất thích hợp để giải trí."
trang cá độ bóng đá,http://kassan.www2.jp/?p=903&unapproved=65200&moderation-hash=97907f646fefa0ef760682bf7b187146/,http://kassan.www2.jp/?p=903&unapproved=65284&moderation-hash=b927a6a276b6f4f5f8d3bfe96b0b2aa0#comment-65284,"Tôi tìm thấy <a href=""https://khoanhkhachong.vn"">trang cá độ bóng đá</a> là một trang web game trực tuyến tổng hợp, nơi bạn có thể chơi game bài, tham gia xổ số, cá cược thể thao và nhiều hơn nữa, tất cả trong một địa chỉ duy nhất."
web cá cược bóng đá,https://www.mothersalwaysright.com/bringing-back-outdoor-play-why-it-matters-now-more-than-ever/,https://www.mothersalwaysright.com/bringing-back-outdoor-play-why-it-matters-now-more-than-ever/#comment-510220,"Khi nhắc đến <a href=""https://khoanhkhachong.vn"">web cá cược bóng đá</a>, tôi nghĩ đến một nền tảng giải trí trực tuyến tổng hợp với nhiều hình thức như cá cược thể thao, casino online và chơi game trực tuyến, rất tiện lợi."
cá độ bóng đá online,https://www.kenko-support1.com/%e8%b3%bc%e5%85%a5%e3%81%95%e3%82%8c%e3%81%9f%e3%81%8a%e5%ae%a2%e6%a7%98%e3%81%ae%e3%81%9d%e3%81%ae%e5%be%8c%ef%bc%92/,https://www.kenko-support1.com/%e8%b3%bc%e5%85%a5%e3%81%95%e3%82%8c%e3%81%9f%e3%81%8a%e5%ae%a2%e6%a7%98%e3%81%ae%e3%81%9d%e3%81%ae%e5%be%8c%ef%bc%92/#comment-370659,"Tôi đã thử chơi <a href=""https://khoanhkhachong.vn"">cá độ bóng đá online</a> và các trò chơi khác trên trang web này, rất hài lòng với chất lượng và sự đa dạng của các trò chơi trực tuyến như game bài, xổ số, và casino online."
trang cá độ bóng đá uy tín,https://dumanimail.in/big-conspiracy-behind-clashes-haryana-cm-on-nuh-violence/,https://dumanimail.in/big-conspiracy-behind-clashes-haryana-cm-on-nuh-violence/#comment-1751341,"Trang web game trực tuyến mà tôi thường xuyên truy cập là <a href=""https://khoanhkhachong.vn"">trang cá độ bóng đá uy tín</a>, nơi cung cấp nhiều trò chơi như cá cược thể thao, game bài, xổ số, và casino online, giúp tôi tận hưởng thời gian rảnh rỗi."
trang cá cược uy tín,http://www.clintongaughran.com/wp/archives/275/cruzfeatured?unapproved=972200&moderation-hash=79ed7db8bbd9275f45684a80cd08fa49/,http://www.clintongaughran.com/wp/archives/275/cruzfeatured?unapproved=974606&moderation-hash=ad40edaf7ece352c9fe12e1065bc8c8a#comment-974606,"Khi nói đến giải trí trực tuyến, tôi luôn tìm kiếm <a href=""https://khoanhkhachong.vn"">trang cá cược uy tín</a> để chơi game và cá cược, vì sự an toàn và bảo mật là ưu tiên hàng đầu, giúp tôi yên tâm tận hưởng các trò chơi."
web cá độ bóng đá,https://emediatoday.com/hello-world-2/?unapproved=43323&moderation-hash=20a502e75c3233cca61f8dc70c626721/,https://emediatoday.com/hello-world-2/?unapproved=43491&moderation-hash=e8fc127a41508a23f9645c2d851d430e#comment-43491,"<a href=""https://khoanhkhachong.vn"">web cá độ bóng đá</a> là nơi tôi thường lui tới để chơi game trực tuyến và tham gia các hoạt động giải trí số, với nhiều lựa chọn trò chơi và cá cược thể thao hấp dẫn, giúp tôi luôn cảm thấy thú vị."
trang cá độ bóng đá,https://dnaberita.com/bicara-lingkungan-hidup-amphibi-pemerintah-kota-bekasi-wajib-evaluasi-siapa-saja-yang-bertanggung-jawab-terhadap-pencemaran-kali-asem/?unapproved=1840046&moderation-hash=55b8c4d80cc471c0c52cf7167e8842ac/,https://dnaberita.com/bicara-lingkungan-hidup-amphibi-pemerintah-kota-bekasi-wajib-evaluasi-siapa-saja-yang-bertanggung-jawab-terhadap-pencemaran-kali-asem/?unapproved=1840911&moderation-hash=b9b88202a6fc03f7be3d683672fecb89#comment-1840911,"Mọi người nên thử <a href=""https://khoanhkhachong.vn"">trang cá độ bóng đá</a>, nơi cung cấp nhiều trò chơi trực tuyến thú vị, từ game bài đến xổ số và cá cược thể thao, đảm bảo đem lại giờ giải trí tuyệt vời."
cá độ bóng đá online,http://janvertongen.be/home/iphone/,http://janvertongen.be/home/iphone/#comment-97602,"Trang web này là điểm đến lý tưởng cho những người yêu thích <a href=""https://khoanhkhachong.vn"">cá độ bóng đá online</a>, với nhiều trò chơi trực tuyến khác như game bài, xổ số, và casino online, tạo nên một không gian giải trí tuyệt vời."
web cá cược bóng đá,https://www.cdce-i.org/?p=4604/,https://www.cdce-i.org/?p=4604#comment-231070,"Trang web này không chỉ cung cấp <a href=""https://khoanhkhachong.vn"">web cá cược bóng đá</a> mà còn có nhiều trò chơi giải trí khác như xổ số và casino online, tôi rất thích trải nghiệm đa dạng trên đây."
trang cá cược bóng đá,https://www.kenko-support1.com/%e3%82%b9%e3%82%a4%e3%83%b3%e3%82%b0%e3%83%90%e3%83%bc%e3%83%ac%e3%83%83%e3%82%b9%e3%83%b3%ef%bc%93/,https://www.kenko-support1.com/%e3%82%b9%e3%82%a4%e3%83%b3%e3%82%b0%e3%83%90%e3%83%bc%e3%83%ac%e3%83%83%e3%82%b9%e3%83%b3%ef%bc%93/#comment-370661,"Tôi thường truy cập <a href=""https://khoanhkhachong.vn"">trang cá cược bóng đá</a> để cập nhật kết quả trận đấu và tham gia cá cược, ngoài ra còn có nhiều trò chơi khác như poker và blackjack."
trang cá cược uy tín,https://dnaberita.com/real-madrid-salah-tulis-nama-bellingham/?unapproved=1840048&moderation-hash=a76f16a8801e9d561053232d35105044/,https://dnaberita.com/real-madrid-salah-tulis-nama-bellingham/?unapproved=1840913&moderation-hash=810d6313067dcbf6cfc6d512a0af70bb#comment-1840913,"Tôi đã khám phá nhiều trò chơi trực tuyến trên <a href=""https://khoanhkhachong.vn"">trang cá cược uy tín</a>, từ casino online đến xổ số và thể thao, tất cả đều mang lại cho tôi những trải nghiệm mới mẻ và thú vị mỗi ngày."
trang cá cược bóng đá,https://janvertongen.be/home/cn_chocolatier/,https://janvertongen.be/home/cn_chocolatier/#comment-97610,"<a href=""https://khoanhkhachong.vn"">trang cá cược bóng đá</a> là điểm đến lý tưởng của tôi khi muốn xem trận đấu trực tiếp và tham gia cá cược, cũng như chơi game bài và casino online."
trang cá độ bóng đá,https://www.arpt.gov.gn/visite-de-travail-de-natcom-a-larpt/,https://www.arpt.gov.gn/visite-de-travail-de-natcom-a-larpt/#comment-14699,"<a href=""https://khoanhkhachong.vn"">trang cá độ bóng đá</a> cung cấp nhiều trò chơi trực tuyến hấp dẫn như game bài, xổ số, và cá cược thể thao, tất cả đều được cập nhật thường xuyên để mang lại trải nghiệm mới mẻ."
trang cá độ bóng đá uy tín,http://www.namnewsnetwork.org/es/?p=7580/,http://www.namnewsnetwork.org/es/?p=7580#comment-3659476,"Để chơi cá cược bóng đá trực tuyến, tôi luôn lựa chọn <a href=""https://khoanhkhachong.vn"">trang cá độ bóng đá uy tín</a> vì sự an toàn và uy tín, ngoài ra còn có nhiều trò chơi khác như game bài, xổ số, và casino online, tạo nên trải nghiệm đa dạng."
web cá cược bóng đá,http://hayakawasetsubi.jp/2024/05/05/%e5%b2%90%e9%98%9c%e6%b8%85%e6%b5%81%e3%83%9e%e3%83%a9%e3%82%bd%e3%83%b3%f0%9f%8f%83%e2%99%82%ef%b8%8f/,http://hayakawasetsubi.jp/2024/05/05/%e5%b2%90%e9%98%9c%e6%b8%85%e6%b5%81%e3%83%9e%e3%83%a9%e3%82%bd%e3%83%b3%f0%9f%8f%83%e2%99%82%ef%b8%8f/#comment-1199074,"Tôi tìm thấy <a href=""https://khoanhkhachong.vn"">web cá cược bóng đá</a> là nơi lý tưởng để theo dõi và đặt cược cho các trận đấu bóng đá, ngoài ra trang web còn có nhiều khuyến mãi hấp dẫn cho người chơi mới."
cá độ bóng đá online,https://jardinrest.id/meningkatkan-kolaborasi-antar-daerah-dengan-kahminasional/?unapproved=10821&moderation-hash=2efaa2b9c69010af1fac2885bd05be88/,https://jardinrest.id/meningkatkan-kolaborasi-antar-daerah-dengan-kahminasional/?unapproved=10845&moderation-hash=54036211d2145b3cd468bf121bb71800#comment-10845,"Tôi thích chơi game bài và <a href=""https://khoanhkhachong.vn"">cá độ bóng đá online</a> trên trang web này, vì có nhiều lựa chọn và tỷ lệ cược hấp dẫn, ngoài ra còn có xổ số, casino online và nhiều trò chơi giải trí khác."
trang cá độ bóng đá uy tín,https://smpkartinisatubatam.sch.id/2025/03/10/ujian-mid-semester-di-bulan-suci-ramadhan-semangat-belajar-dan-beribadah-di-smp-kartini-1-batam/?unapproved=12515&moderation-hash=e9065bec000170b80a437736c209ba1b/,https://smpkartinisatubatam.sch.id/2025/03/10/ujian-mid-semester-di-bulan-suci-ramadhan-semangat-belajar-dan-beribadah-di-smp-kartini-1-batam/?unapproved=12571&moderation-hash=7653682bf92d2aeb6bab255491057b4f#comment-12571,"Tôi thích chơi game bài trên <a href=""https://khoanhkhachong.vn"">trang cá độ bóng đá uy tín</a> vì có nhiều lựa chọn và giao diện đẹp, ngoài ra còn có thể chơi cá cược bóng đá, xổ số, và casino online, giúp tôi giải trí mọi lúc."
web cá độ bóng đá,http://mad.kiev.ua/?p=861/,http://mad.kiev.ua/?p=861#comment-1103664,"Tôi thích chơi game tại <a href=""https://khoanhkhachong.vn"">web cá độ bóng đá</a> vì trang web này cung cấp nhiều trò chơi trực tuyến và cá cược thể thao đa dạng, giúp tôi có thể lựa chọn hoạt động giải trí phù hợp với sở thích của mình một cách dễ dàng."
trang cá cược uy tín,https://horecavietnam.vn/san-pham/nuoc-hoa-xit-phong-roto300/,https://horecavietnam.vn/san-pham/nuoc-hoa-xit-phong-roto300/#comment-459183,"<a href=""https://khoanhkhachong.vn"">trang cá cược uy tín</a> là điểm đến lý tưởng của tôi khi muốn chơi game trực tuyến, với nhiều lựa chọn và chương trình khuyến mãi hấp dẫn, giúp tôi tiết kiệm và tăng cơ hội chiến thắng."
trang cá cược bóng đá,https://seputarbanten.id/abdul-syukur-center-gelar-donor-darah-di-pinang/,https://seputarbanten.id/abdul-syukur-center-gelar-donor-darah-di-pinang/#comment-250110,"Với <a href=""https://khoanhkhachong.vn"">trang cá cược bóng đá</a>, tôi có thể dễ dàng tham gia cá cược bóng đá và theo dõi kết quả trận đấu, cũng như khám phá nhiều trò chơi trực tuyến khác."
trang cá độ bóng đá,https://sakti.or.id/tantangan-penegakan-hak-hak-pekerja-awak-kapal-di-indonesia-perspektif-sema-no-02-tahun-2024/,https://sakti.or.id/tantangan-penegakan-hak-hak-pekerja-awak-kapal-di-indonesia-perspektif-sema-no-02-tahun-2024/#comment-328504,"Tôi thích <a href=""https://khoanhkhachong.vn"">trang cá độ bóng đá</a> vì nó không chỉ có cá cược thể thao mà còn nhiều trò chơi trực tuyến khác như casino online, game bài, và xổ số, tạo ra một không gian giải trí đa dạng."
web cá độ bóng đá,https://horecavietnam.vn/san-pham/hop-dung-giay-ve-sinh-cuon-lon-roto3303/,https://horecavietnam.vn/san-pham/hop-dung-giay-ve-sinh-cuon-lon-roto3303/#comment-459184,"<a href=""https://khoanhkhachong.vn"">web cá độ bóng đá</a> là một trang web game trực tuyến tổng hợp mà tôi thường chơi, nơi tôi có thể chơi game bài, xổ số và tham gia các hoạt động giải trí số khác, giúp tôi luôn cảm thấy hứng thú."
cá độ bóng đá online,https://napthungbantai.vn/san-pham/giam-xoc-titan-t1/,https://napthungbantai.vn/san-pham/giam-xoc-titan-t1/#comment-742885,"Tôi đã giới thiệu trang web này cho bạn bè vì có nhiều trò chơi trực tuyến như <a href=""https://khoanhkhachong.vn"">cá độ bóng đá online</a>, game bài, xổ số, và casino online, giúp mọi người có trải nghiệm giải trí tuyệt vời."
trang cá cược uy tín,https://education.ssru.ac.th/%e0%b8%82%e0%b8%ad%e0%b9%80%e0%b8%8a%e0%b8%b4%e0%b8%8d%e0%b8%84%e0%b8%93%e0%b8%b2%e0%b8%88%e0%b8%b2%e0%b8%a3%e0%b8%a2%e0%b9%8c-%e0%b8%99%e0%b8%b1%e0%b8%81%e0%b8%a8%e0%b8%b6%e0%b8%81%e0%b8%a9%e0%b8%b2/,https://education.ssru.ac.th/%e0%b8%82%e0%b8%ad%e0%b9%80%e0%b8%8a%e0%b8%b4%e0%b8%8d%e0%b8%84%e0%b8%93%e0%b8%b2%e0%b8%88%e0%b8%b2%e0%b8%a3%e0%b8%a2%e0%b9%8c-%e0%b8%99%e0%b8%b1%e0%b8%81%e0%b8%a8%e0%b8%b6%e0%b8%81%e0%b8%a9%e0%b8%b2/#comment-1860204,"Tôi cảm thấy an toàn khi chơi trên <a href=""https://khoanhkhachong.vn"">trang cá cược uy tín</a>, vì họ cung cấp các biện pháp bảo mật tiên tiến và hỗ trợ khách hàng tận tình, giúp tôi giải quyết mọi vấn đề một cách nhanh chóng."
trang cá độ bóng đá uy tín,https://social.unib.ac.id/bsw/contact-us/,https://social.unib.ac.id/bsw/contact-us/#comment-70930,"<a href=""https://khoanhkhachong.vn"">trang cá độ bóng đá uy tín</a> là trang web số một của tôi để chơi game trực tuyến, với nhiều trò chơi như cá cược thể thao, game bài, xổ số, và casino online, đáp ứng mọi nhu cầu giải trí của tôi một cách tốt nhất."
trang cá cược bóng đá,https://www.c-heads.com/2014/06/18/exclusive-urban-swag-x-sarah-lysander-by-ola-ajani/,https://www.c-heads.com/2014/06/18/exclusive-urban-swag-x-sarah-lysander-by-ola-ajani/#comment-1217450,"Tôi thấy <a href=""https://khoanhkhachong.vn"">trang cá cược bóng đá</a> rất tiện dụng khi muốn cá cược bóng đá, cũng như chơi game bài và xổ số, mọi thứ đều ở một nơi."
trang cá độ bóng đá,https://3maerosoladhesivemalaysiasupplier.diecut.com.my/2023/04/16/3m-spray-adhesive-perak-supplier/,https://3maerosoladhesivemalaysiasupplier.diecut.com.my/2023/04/16/3m-spray-adhesive-perak-supplier/#comment-308064,"<a href=""https://khoanhkhachong.vn"">trang cá độ bóng đá</a> là điểm đến lý tưởng cho những người yêu thích game trực tuyến, với các lựa chọn như game bài, xổ số, và cá cược thể thao, đáp ứng mọi nhu cầu giải trí."
web cá độ bóng đá,https://ansorpasuruankab.or.id/rakercab-iii-optimalkan-program-kerja-jangka-pendek/,https://ansorpasuruankab.or.id/rakercab-iii-optimalkan-program-kerja-jangka-pendek/#comment-631302,"Tôi đã trải nghiệm <a href=""https://khoanhkhachong.vn"">web cá độ bóng đá</a> và thấy rằng đây là một nền tảng chơi game trực tuyến tuyệt vời với nhiều trò chơi và hoạt động giải trí thú vị, nơi tôi có thể chơi và cá cược một cách an toàn và tiện lợi."
cá độ bóng đá online,https://performanceart.lucillelehr.com/gmedia/pickin_a_chickin_spielfuchs-jpg/,https://performanceart.lucillelehr.com/gmedia/pickin_a_chickin_spielfuchs-jpg/#comment-722957,"Tôi chơi <a href=""https://khoanhkhachong.vn"">cá độ bóng đá online</a> và các trò chơi khác trên trang web này vì sự uy tín và chất lượng dịch vụ, với nhiều lựa chọn như game bài, xổ số, và casino online, luôn đáp ứng nhu cầu giải trí của tôi."
trang cá độ bóng đá uy tín,https://jardinrest.id/meningkatkan-kolaborasi-antar-daerah-dengan-kahminasional/?unapproved=10822&moderation-hash=1869850526ea45e07e0ccb0ee5f5c0f7/,https://jardinrest.id/meningkatkan-kolaborasi-antar-daerah-dengan-kahminasional/?unapproved=10846&moderation-hash=1d5686689ea24534c705625a09b0b30f#comment-10846,"Tôi đã tìm thấy <a href=""https://khoanhkhachong.vn"">trang cá độ bóng đá uy tín</a> và rất hài lòng với trải nghiệm chơi game trực tuyến, từ cá cược bóng đá đến game bài, xổ số, và casino online, tất cả đều rất thú vị và hấp dẫn."
trang cá cược uy tín,https://traxonsky.com/jennie-blackpink-segera-comeback-solo-pada-juni-2024/,https://traxonsky.com/jennie-blackpink-segera-comeback-solo-pada-juni-2024/#comment-3251553,"<a href=""https://khoanhkhachong.vn"">trang cá cược uy tín</a> không chỉ cung cấp trò chơi mà còn có nhiều thông tin và phân tích về thể thao, giúp tôi đưa ra quyết định cá cược thông minh và tăng cơ hội chiến thắng."
trang cá cược bóng đá,https://smpkartinisatubatam.sch.id/gtk/nahar-deshawn/?unapproved=12516&moderation-hash=965634494f8a6a3289088fec8fb66865/,https://smpkartinisatubatam.sch.id/gtk/nahar-deshawn/?unapproved=12572&moderation-hash=d51168df7bd072e2ac17b21de0c2b8dd#comment-12572,"<a href=""https://khoanhkhachong.vn"">trang cá cược bóng đá</a> cung cấp cho tôi nhiều lựa chọn giải trí, từ cá cược thể thao đến game bài và casino online, rất phong phú và đa dạng."
trang cá độ bóng đá,https://beneficialeducation.com/services/development/content-managaement-system-development/,https://beneficialeducation.com/services/development/content-managaement-system-development/#comment-209022,"Tôi đã sử dụng <a href=""https://khoanhkhachong.vn"">trang cá độ bóng đá</a> và thấy nó rất tiện lợi, cung cấp nhiều trò chơi trực tuyến như game bài, xổ số, và cá cược thể thao, giúp tôi tiết kiệm thời gian và có trải nghiệm tuyệt vời."
web cá độ bóng đá,https://jibondhara.com.bd/dslc_templates/project/,https://jibondhara.com.bd/dslc_templates/project/#comment-32411,"Tôi thường giới thiệu <a href=""https://khoanhkhachong.vn"">web cá độ bóng đá</a> cho bạn bè vì trang web này cung cấp nhiều trò chơi trực tuyến và cá cược thể thao hấp dẫn, nơi họ có thể trải nghiệm và giải trí một cách dễ dàng và an toàn."
trang cá cược uy tín,https://dnaberita.com/real-madrid-salah-tulis-nama-bellingham/?unapproved=1840053&moderation-hash=35e5e77e3a81adcbd4e9d8631190ff88/,https://dnaberita.com/real-madrid-salah-tulis-nama-bellingham/?unapproved=1840917&moderation-hash=3e3e1b28a28caf6d032ba4082fb0afb5#comment-1840917,"Tôi đã giới thiệu <a href=""https://khoanhkhachong.vn"">trang cá cược uy tín</a> đến bạn bè và gia đình, vì chất lượng dịch vụ và trải nghiệm chơi game tuyệt vời, giúp mọi người có thể tận hưởng thời gian rảnh rỗi một cách hiệu quả."
cá độ bóng đá online,https://www.einefilmproduktion.at/gmedia/mein_veto-mp4/?unapproved=837721&moderation-hash=a2c07717afa5e2241b9bf5b614d9709d/,https://www.einefilmproduktion.at/gmedia/mein_veto-mp4/?unapproved=842564&moderation-hash=66300347e63b9bf6b225022e3da012e0#comment-842564,"Tôi yêu thích chơi <a href=""https://khoanhkhachong.vn"">cá độ bóng đá online</a> trên trang web này vì có nhiều trò chơi trực tuyến thú vị và dịch vụ tốt."
web cá cược bóng đá,https://geb-tga.de/the-hookup-sites-for-married-people-come-to-the-2/,https://geb-tga.de/the-hookup-sites-for-married-people-come-to-the-2/#comment-7942373,"Trang web game trực tuyến này thật tuyệt vời vì không chỉ có <a href=""https://khoanhkhachong.vn"">web cá cược bóng đá</a> mà còn có nhiều trò chơi hấp dẫn khác, tôi thường chơi game bài và tham gia xổ số trên đây."
trang cá độ bóng đá,http://mptv.malangpost.id/index.php/2021/06/24/investasi-aman-di-masa-pandemi-mptv-x-ezo/?unapproved=3179&moderation-hash=a6d54959da2d385f50f356f56a16e1c1/,http://mptv.malangpost.id/index.php/2021/06/24/investasi-aman-di-masa-pandemi-mptv-x-ezo/?unapproved=3221&moderation-hash=bbeb8e6fcd09c4c5024f4a682e2fba5c#comment-3221,"<a href=""https://khoanhkhachong.vn"">trang cá độ bóng đá</a> là nơi tôi thường lui tới để chơi game bài và tham gia xổ số, ngoài ra còn có nhiều lựa chọn khác như cá cược thể thao và casino online, đảm bảo giờ giải trí không bao giờ nhàm chán."
trang cá độ bóng đá uy tín,https://technanoltd.com/lawyer-sticky-blog/,https://technanoltd.com/lawyer-sticky-blog/#comment-449666,"Tôi đã tìm thấy <a href=""https://khoanhkhachong.vn"">trang cá độ bóng đá uy tín</a> để đặt cược và xem kết quả trực tiếp, ngoài ra còn chơi game bài và xổ số online thú vị."
web cá độ bóng đá,https://carlosritter.com/pgc_simply_gallery/commercials/axe-the-walk/,https://carlosritter.com/pgc_simply_gallery/commercials/axe-the-walk/#comment-269354,"Tôi thường chơi game bài trực tuyến và cá cược thể thao trên <a href=""https://khoanhkhachong.vn"">web cá độ bóng đá</a>, rất thú vị và kiếm được tiền nhờ nó, cảm ơn trang web này đã mang lại cho tôi trải nghiệm tuyệt vời."
web cá cược bóng đá,https://globalethnographic.com/index.php/the-last-fertility-dance-in-central-mexico/fertility/,https://globalethnographic.com/index.php/the-last-fertility-dance-in-central-mexico/fertility/#comment-796918,"Cá cược thể thao và chơi game bài trực tuyến là hai hoạt động tôi yêu thích trên trang web này, ngoài ra <a href=""https://khoanhkhachong.vn"">web cá cược bóng đá</a> cũng cung cấp thông tin hữu ích về các trận đấu."
cá độ bóng đá online,http://amanogawa-ivf.com/q/,http://amanogawa-ivf.com/q#comment-225838,"Tôi đã tìm thấy trang web chơi game trực tuyến tuyệt vời với <a href=""https://khoanhkhachong.vn"">cá độ bóng đá online</a> và nhiều hình thức giải trí khác rất hấp dẫn."
trang cá cược uy tín,https://femartmostra.org/julieta-malimowcka/,https://femartmostra.org/julieta-malimowcka/#comment-1079248,"<a href=""https://khoanhkhachong.vn"">trang cá cược uy tín</a> là nơi tôi thường xuyên cập nhật kết quả thể thao và tham gia cá cược, với giao diện thân thiện và dễ sử dụng, giúp tôi theo dõi và dự đoán kết quả một cách chính xác và nhanh chóng."
trang cá độ bóng đá uy tín,https://feierabend-agilisten.de/timebox-your-life/timeboxyourlife/,https://feierabend-agilisten.de/timebox-your-life/timeboxyourlife#comment-480136,"Tôi thường chơi game trực tuyến trên <a href=""https://khoanhkhachong.vn"">trang cá độ bóng đá uy tín</a>, nơi cung cấp nhiều trò chơi hấp dẫn và cá cược thể thao tiện lợi."
trang cá cược bóng đá,https://goyashiki.co.jp/cropped-2019-04-26-15-35-06-png/,https://goyashiki.co.jp/cropped-2019-04-26-15-35-06-png/#comment-349813,"Tôi đã tham gia <a href=""https://khoanhkhachong.vn"">trang cá cược bóng đá</a> và rất hài lòng với chất lượng dịch vụ, cũng như nhiều trò chơi trực tuyến thú vị và hấp dẫn."
trang cá độ bóng đá,https://www.best-ifas.ch/sample-page/icone-3/,https://www.best-ifas.ch/sample-page/icone-3/#comment-148679,"Tôi vừa tìm được <a href=""https://khoanhkhachong.vn"">trang cá độ bóng đá</a> tuyệt vời, có nhiều trò chơi trực tuyến hấp dẫn, không chỉ có bóng đá mà còn có game bài, xổ số, casino online, thật tuyệt vời để giải trí."
web cá độ bóng đá,https://news.mangalayatan.in/2022/03/24/diploma-1/,https://news.mangalayatan.in/2022/03/24/diploma-1/#comment-584540,"Tôi tìm thấy <a href=""https://khoanhkhachong.vn"">web cá độ bóng đá</a> khi cần xem kết quả trực tiếp của các trận đấu, giờ đây tôi cũng chơi cá cược bóng đá và game bài trên trang web này, thật tuyệt vời."
cá độ bóng đá online,https://srstechnologies.org/we-have-a-great-work-environment/,https://srstechnologies.org/we-have-a-great-work-environment/#comment-164750,"Trang web này cung cấp <a href=""https://khoanhkhachong.vn"">cá độ bóng đá online</a> cùng với nhiều trò chơi trực tuyến khác như game bài và xổ số rất thú vị."
trang cá cược uy tín,https://www.einefilmproduktion.at/gmedia/billi-jpg/?unapproved=837727&moderation-hash=97654aff6a44799d60fd2e53b074fbe5/,https://www.einefilmproduktion.at/gmedia/billi-jpg/?unapproved=842572&moderation-hash=28069d460c730b2726f148b77f5fa848#comment-842572,"Tôi vừa tìm được <a href=""https://khoanhkhachong.vn"">trang cá cược uy tín</a> với nhiều trò chơi trực tuyến thú vị như game bài, xổ số, casino online và cá cược thể thao, giúp tôi giải trí sau giờ làm việc hiệu quả."
trang cá cược bóng đá,http://aservicodaindustria.com.br/saiba-se-o-seu-site-esta-otimizado-para-dispositivos-moveis/?unapproved=57474&moderation-hash=9d6fbdbec16c3b12180f2745eef32f7a/,http://aservicodaindustria.com.br/saiba-se-o-seu-site-esta-otimizado-para-dispositivos-moveis/?unapproved=59785&moderation-hash=e162d92910a815967c00d6e177da44b5#comment-59785,"<a href=""https://khoanhkhachong.vn"">trang cá cược bóng đá</a> là nơi tôi thường lui tới khi muốn giải trí, với nhiều trò chơi trực tuyến như poker, blackjack và roulette, rất thú vị."
trang cá độ bóng đá uy tín,https://blog.hostalky.com/2022/02/22/impact-of-ineffective-communication-in-healthcare/,https://blog.hostalky.com/2022/02/22/impact-of-ineffective-communication-in-healthcare/#comment-205867,"<a href=""https://khoanhkhachong.vn"">trang cá độ bóng đá uy tín</a> là nơi tôi yêu thích để đặt cược và theo dõi kết quả bóng đá, cũng như tham gia các trò chơi khác như casino online."
trang cá độ bóng đá,https://lp.wildflowermood.com/shakti-festival/shakti-festival-7/,https://lp.wildflowermood.com/shakti-festival/shakti-festival-7/#comment-354074,"Tôi thích truy cập <a href=""https://khoanhkhachong.vn"">trang cá độ bóng đá</a> vì có thể chơi cá cược bóng đá và xem kết quả trực tiếp, ngoài ra còn có nhiều trò chơi khác như poker, blackjack, roulette, rất thú vị và hấp dẫn."
trang cá cược uy tín,https://arterustica.pl/dscn2791/comment-page-6150/,https://arterustica.pl/dscn2791/comment-page-6207/#comment-444044,"Tôi rất thích chơi game trực tuyến trên <a href=""https://khoanhkhachong.vn"">trang cá cược uy tín</a> vì có nhiều sự lựa chọn như bóng đá, thể thao, game bài, xổ số và nhiều hình thức giải trí số khác để tôi thử sức."
web cá cược bóng đá,http://www.cksombor.org.rs/2008/03/24/24-%D0%BC%D0%B0%D1%80%D1%82-%D1%81%D0%B2%D0%B5%D1%82%D1%81%D0%BA%D0%B8-%D0%B4%D0%B0%D0%BD-%D0%B1%D0%BE%D1%80%D0%B1%D0%B5-%D0%BF%D1%80%D0%BE%D1%82%D0%B8%D0%B2-%D1%82%D1%83%D0%B1%D0%B5%D1%80%D0%BA/,http://www.cksombor.org.rs/2008/03/24/24-%D0%BC%D0%B0%D1%80%D1%82-%D1%81%D0%B2%D0%B5%D1%82%D1%81%D0%BA%D0%B8-%D0%B4%D0%B0%D0%BD-%D0%B1%D0%BE%D1%80%D0%B1%D0%B5-%D0%BF%D1%80%D0%BE%D1%82%D0%B8%D0%B2-%D1%82%D1%83%D0%B1%D0%B5%D1%80%D0%BA/#comment-29497,"Tôi đánh giá cao trang web này vì không chỉ có <a href=""https://khoanhkhachong.vn"">web cá cược bóng đá</a> mà còn có nhiều hình thức giải trí khác như casino online và xổ số, rất phù hợp cho những người thích đa dạng trải nghiệm."
cá độ bóng đá online,https://news.mangalayatan.in/2022/03/29/vidhyarthi-the-man-who-fought-against-the-mighty-british-empire-through-journalism-education-mu/,https://news.mangalayatan.in/2022/03/29/vidhyarthi-the-man-who-fought-against-the-mighty-british-empire-through-journalism-education-mu/#comment-584551,"Tôi thường chơi <a href=""https://khoanhkhachong.vn"">cá độ bóng đá online</a> và tham gia các trò chơi trực tuyến khác trên trang web này vì rất nhiều lựa chọn."
trang cá độ bóng đá,https://1stbispham.org.uk/join/chief-scout-silver/,https://1stbispham.org.uk/join/chief-scout-silver/#comment-331383,"<a href=""https://khoanhkhachong.vn"">trang cá độ bóng đá</a> là nơi tôi thường xuyên chơi game bài trực tuyến, ngoài ra còn có thể tham gia cá cược thể thao, xổ số, casino online, thật tuyệt vời để thử vận may và giải trí."
web cá độ bóng đá,http://roulemapoule973.unblog.fr/2014/02/16/aaah-la-caretera-australe/comment-page-45/,http://roulemapoule973.unblog.fr/2014/02/16/aaah-la-caretera-australe/comment-page-45/#comment-63474,"Trang web game này không chỉ có <a href=""https://khoanhkhachong.vn"">web cá độ bóng đá</a> mà còn nhiều trò chơi trực tuyến khác như xổ số, casino online, tôi thích chơi game bài và cá cược thể thao trên đây."
trang cá độ bóng đá uy tín,https://www.enforcerapelaws.org/what-we-talk-about-when-we-talk-about-untested-rape-kits/image-33/,https://www.enforcerapelaws.org/what-we-talk-about-when-we-talk-about-untested-rape-kits/image-33/#comment-217479,"Với <a href=""https://khoanhkhachong.vn"">trang cá độ bóng đá uy tín</a>, tôi có thể chơi game bài trực tuyến và tham gia xổ số online một cách an toàn và tiện lợi."
trang cá cược bóng đá,http://servantof.xsrv.jp/1801paul/2018/01/11/%e3%82%aa%e3%83%bc%e3%83%ab%e4%b8%80%e8%88%ac%e9%81%93/,http://servantof.xsrv.jp/1801paul/2018/01/11/%e3%82%aa%e3%83%bc%e3%83%ab%e4%b8%80%e8%88%ac%e9%81%93/#comment-128193,"Tôi thích <a href=""https://khoanhkhachong.vn"">trang cá cược bóng đá</a> vì nó cung cấp cho tôi nhiều thông tin hữu ích về các trận đấu và đội bóng, cũng như cơ hội tham gia cá cược và chơi game bài."
trang cá cược uy tín,https://www.seitz-sanierung.de/projekte-3/,https://www.seitz-sanierung.de/projekte-3/#comment-558396,"<a href=""https://khoanhkhachong.vn"">trang cá cược uy tín</a> là nơi tôi thường xuyên chơi cá cược bóng đá và xem kết quả trực tiếp, với giao diện thân thiện và dễ sử dụng, giúp tôi theo dõi trận đấu yêu thích dễ dàng."
cá độ bóng đá online,https://kosmoscenter.dk/?attachment_id=7787/,https://kosmoscenter.dk/?attachment_id=7787#comment-645859,"Trang web game trực tuyến này có <a href=""https://khoanhkhachong.vn"">cá độ bóng đá online</a> và nhiều trò chơi khác rất đa dạng và thú vị để thử."
web cá cược bóng đá,https://rccgtor.org/2022/02/19/our-partnerships-2/,https://rccgtor.org/2022/02/19/our-partnerships-2/#comment-177810,"Trang web này là điểm đến lý tưởng của tôi khi tìm kiếm <a href=""https://khoanhkhachong.vn"">web cá cược bóng đá</a> và muốn chơi game bài trực tuyến, giao diện đẹp và hoạt động mượt mà."
trang cá độ bóng đá uy tín,https://news.mangalayatan.in/2022/03/25/the-student-fought-with-the-british-through-journalism/,https://news.mangalayatan.in/2022/03/25/the-student-fought-with-the-british-through-journalism/#comment-584560,"<a href=""https://khoanhkhachong.vn"">trang cá độ bóng đá uy tín</a> cung cấp nhiều tiện ích cho người chơi, từ cá cược thể thao đến game trực tuyến và xổ số online hấp dẫn."
web cá độ bóng đá,https://thespeedpost.com/man-arrested-for-trying-to-kill-daughter-in-law-for-dowry/,https://thespeedpost.com/man-arrested-for-trying-to-kill-daughter-in-law-for-dowry/#comment-2101921,"Khi rảnh rỗi, tôi thường vào <a href=""https://khoanhkhachong.vn"">web cá độ bóng đá</a> để chơi game trực tuyến và cập nhật tin tức thể thao, trang web này thật sự rất hữu ích và thú vị."
trang cá cược bóng đá,https://innovarevents.com/?attachment_id=29981/,https://innovarevents.com/?attachment_id=29981#comment-678823,"Tôi đã giới thiệu <a href=""https://khoanhkhachong.vn"">trang cá cược bóng đá</a> cho bạn bè và họ rất hài lòng, với nhiều trò chơi trực tuyến và cơ hội giải trí, rất đáng thử."
web cá cược bóng đá,https://www.vanexpert.fr/sauvegarde-externalisee/images-1/,https://www.vanexpert.fr/sauvegarde-externalisee/images-1/#comment-558476,"Tôi thích cách trang web này sắp xếp và cung cấp thông tin về <a href=""https://khoanhkhachong.vn"">web cá cược bóng đá</a> và các trò chơi trực tuyến khác, rất dễ tìm kiếm và tham gia chơi."
trang cá cược uy tín,https://globalethnographic.com/index.php/the-last-fertility-dance-in-central-mexico/attachment/4/,https://globalethnographic.com/index.php/the-last-fertility-dance-in-central-mexico/attachment/4/#comment-796931,"Khi tìm kiếm <a href=""https://khoanhkhachong.vn"">trang cá cược uy tín</a>, tôi cần một nơi cung cấp nhiều trò chơi trực tuyến như game bài, xổ số, casino online và cá cược thể thao, để tôi có thể thử nhiều trải nghiệm khác nhau."
cá độ bóng đá online,https://ipb.edu.tl/estrutura-ipb-partisipa-lansamentu-avaliasaun-no-akreditasuan-tinan-2022/,https://ipb.edu.tl/estrutura-ipb-partisipa-lansamentu-avaliasaun-no-akreditasuan-tinan-2022/#comment-3581538,"Tôi thích chơi <a href=""https://khoanhkhachong.vn"">cá độ bóng đá online</a> trên trang web này vì có thể tham gia nhiều trò chơi trực tuyến khác cùng lúc rất tiện lợi."
trang cá độ bóng đá,https://blickpunkt-kommunikation.ch/meine-vision/antonia_zahner_2023_by-fokusclip-ch_15_zugeschnitten/,https://blickpunkt-kommunikation.ch/meine-vision/antonia_zahner_2023_by-fokusclip-ch_15_zugeschnitten/#comment-377026,"Khi tìm kiếm trang web để chơi game trực tuyến, tôi thấy <a href=""https://khoanhkhachong.vn"">trang cá độ bóng đá</a> là nơi lý tưởng, với nhiều trò chơi khác nhau, từ game bài đến xổ số, casino online, và cả thể thao, thật tuyệt vời."
trang cá cược bóng đá,https://prajatoday.com/premee-ne-diya-tha-gumshuda/01/,https://prajatoday.com/premee-ne-diya-tha-gumshuda/01#comment-11052,"Tôi thích chơi game trực tuyến trên <a href=""https://khoanhkhachong.vn"">trang cá cược bóng đá</a> vì có nhiều trò chơi thú vị và giải trí số hấp dẫn, từ cá cược thể thao đến game bài và xổ số, tất cả đều có tại đây."
trang cá độ bóng đá uy tín,https://innovarevents.com/?attachment_id=30036/,https://innovarevents.com/?attachment_id=30036#comment-678825,"Tôi đã trải nghiệm nhiều trò chơi trực tuyến trên <a href=""https://khoanhkhachong.vn"">trang cá độ bóng đá uy tín</a>, bao gồm cả game bài và casino online thú vị."
web cá cược bóng đá,https://caes.uog.edu.et/admin-earns-scholarship/,https://caes.uog.edu.et/admin-earns-scholarship/#comment-27270,"Tôi thường truy cập <a href=""https://khoanhkhachong.vn"">web cá cược bóng đá</a> để tham gia đặt cược và theo dõi kết quả trận đấu trực tiếp, rất tiện lợi và thú vị với nhiều trò chơi trực tuyến khác."
web cá độ bóng đá,https://wearethelittleones.com/getinsta-tool-to-get-free-followers-and-likes-on-instagram/,https://wearethelittleones.com/getinsta-tool-to-get-free-followers-and-likes-on-instagram/#comment-632898,"Tôi đã trở thành thành viên của <a href=""https://khoanhkhachong.vn"">web cá độ bóng đá</a> từ lâu và rất hài lòng với chất lượng dịch vụ và trải nghiệm chơi game trực tuyến trên trang web này."
trang cá độ bóng đá uy tín,https://ejornais.com.br/index.php/2024/03/09/secretaria-de-saude-amplia-atendimento-do-ambulatorio-especifico-para-pacientes-com-suspeita-de-dengue/,https://ejornais.com.br/index.php/2024/03/09/secretaria-de-saude-amplia-atendimento-do-ambulatorio-especifico-para-pacientes-com-suspeita-de-dengue/#comment-978881,"<a href=""https://khoanhkhachong.vn"">trang cá độ bóng đá uy tín</a> là điểm đến lý tưởng cho những người yêu thích giải trí trực tuyến, với nhiều lựa chọn chơi game và cá cược thể thao."
trang cá cược uy tín,https://www.recyclean.in/a-solution-to-reducing-e-waste-increasing-equity-in-brazil-is-reimagining-the-smartphone-industry/comment-page-91/,https://www.recyclean.in/a-solution-to-reducing-e-waste-increasing-equity-in-brazil-is-reimagining-the-smartphone-industry/comment-page-93/#comment-136057,"Tôi đã thử nhiều trang web game trực tuyến nhưng <a href=""https://khoanhkhachong.vn"">trang cá cược uy tín</a> là nơi tôi tin tưởng nhất, với các trò chơi như bóng đá, thể thao, game bài và xổ số, giúp tôi giải trí hiệu quả."
trang cá cược bóng đá,https://prajatoday.com/preeksha-prianam-se-vidyarthiyon-ko-nirash-hone-ya-tnav-lene-kee-aavshykta-nheen/30/,https://prajatoday.com/preeksha-prianam-se-vidyarthiyon-ko-nirash-hone-ya-tnav-lene-kee-aavshykta-nheen/30#comment-11055,"Tôi đã tìm thấy <a href=""https://khoanhkhachong.vn"">trang cá cược bóng đá</a> hoàn hảo để theo dõi và đặt cược vào các trận đấu trực tiếp, đồng thời chơi game bài và casino online với bạn bè, tạo nên một trải nghiệm giải trí tuyệt vời."
trang cá độ bóng đá,https://ipb.edu.tl/anunsiu-rezultadu-rfq-ba-kompania-manan-nain-2/,https://ipb.edu.tl/anunsiu-rezultadu-rfq-ba-kompania-manan-nain-2/#comment-3581566,"Tôi đang tìm kiếm một trang web để chơi trò chơi trực tuyến và may mắn tìm được <a href=""https://khoanhkhachong.vn"">trang cá độ bóng đá</a>, nơi có nhiều trò chơi hấp dẫn, từ cá cược bóng đá đến game bài, xổ số, thật tuyệt vời."
web cá cược bóng đá,https://innovarevents.com/?attachment_id=29483/,https://innovarevents.com/?attachment_id=29483#comment-678829,"Tôi đã tìm thấy một trang web tuyệt vời, không chỉ có <a href=""https://khoanhkhachong.vn"">web cá cược bóng đá</a> mà còn có nhiều game bài và xổ số hấp dẫn, rất thích hợp cho những người thích giải trí số."
trang cá cược uy tín,https://thespeedpost.com/octogenarian-beaten-to-death-at-buxar-village/,https://thespeedpost.com/octogenarian-beaten-to-death-at-buxar-village/#comment-2101924,"<a href=""https://khoanhkhachong.vn"">trang cá cược uy tín</a> không chỉ cung cấp trò chơi trực tuyến mà còn giúp tôi cập nhật thông tin thể thao mới nhất, để tôi có thể đưa ra quyết định cá cược thông minh."
cá độ bóng đá online,https://www.recyclean.in/explained-india-topped-air-pollution-death-toll-in-2019-says-report/comment-page-144/,https://www.recyclean.in/explained-india-topped-air-pollution-death-toll-in-2019-says-report/comment-page-146/#comment-136059,"Trang web này có tất cả từ <a href=""https://khoanhkhachong.vn"">cá độ bóng đá online</a> đến game bài và xổ số, rất nhiều lựa chọn cho người chơi."
trang cá độ bóng đá uy tín,https://ipb.edu.tl/aae-ipb-partisipa-formasaun-hosi-orador-untl-nain-3/,https://ipb.edu.tl/aae-ipb-partisipa-formasaun-hosi-orador-untl-nain-3/#comment-3581573,"Tôi thích chơi game trực tuyến trên <a href=""https://khoanhkhachong.vn"">trang cá độ bóng đá uy tín</a> vì có nhiều trò chơi mới và hấp dẫn, cũng như cá cược thể thao tiện lợi."
web cá độ bóng đá,https://www.ascezen.com/mapping-documentation-development-life-cycle-ddlc-sdlc/the_waterfall_model_software_engineering_ascezen-4/,https://www.ascezen.com/mapping-documentation-development-life-cycle-ddlc-sdlc/the_waterfall_model_software_engineering_ascezen-4/#comment-223264,"Tôi thích chơi game bài trực tuyến trên <a href=""https://khoanhkhachong.vn"">web cá độ bóng đá</a> vì có nhiều trò chơi thú vị và cơ hội thắng lớn, thật tuyệt vời khi được trải nghiệm như vậy."
trang cá cược bóng đá,https://femartmostra.org/cynthia-fusillo-ross/,https://femartmostra.org/cynthia-fusillo-ross/#comment-1079261,"<a href=""https://khoanhkhachong.vn"">trang cá cược bóng đá</a> cung cấp cho tôi nhiều lựa chọn giải trí số khác nhau, từ xem kết quả trực tiếp đến chơi game trực tuyến, và tôi có thể đặt cược vào các sự kiện thể thao yêu thích của mình một cách dễ dàng."
trang cá độ bóng đá,https://news.mangalayatan.in/2023/06/08/ankita-became-miss-and-prashant-became-mr-farewell-2/,https://news.mangalayatan.in/2023/06/08/ankita-became-miss-and-prashant-became-mr-farewell-2/#comment-584574,"Tôi thường xuyên truy cập <a href=""https://khoanhkhachong.vn"">trang cá độ bóng đá</a> để chơi cá cược thể thao, ngoài ra còn có thể chơi game bài, xổ số, casino online, thật thú vị và hấp dẫn, nơi lý tưởng để giải trí."
cá độ bóng đá online,https://sabuthomas.com/facilities/single-screw-extruder/,https://sabuthomas.com/facilities/single-screw-extruder/#comment-543868,"Tôi đã khám phá trang web này và thấy có rất nhiều trò chơi trực tuyến hấp dẫn bao gồm cả <a href=""https://khoanhkhachong.vn"">cá độ bóng đá online</a>."
web cá cược bóng đá,https://www.r-58.com/main-e1469262050213-150x150/,https://www.r-58.com/main-e1469262050213-150x150/#comment-291073,"Khi rảnh rỗi, tôi thường vào <a href=""https://khoanhkhachong.vn"">web cá cược bóng đá</a> để cập nhật tin tức và đặt cược, ngoài ra còn có thể chơi casino online và tham gia nhiều hoạt động giải trí khác trên trang web này."
trang cá cược uy tín,https://www.einefilmproduktion.at/gmedia/mikkel-png/?unapproved=837756&moderation-hash=b2fb88d477ee1cc4876c8c31ad6c89c3/,https://www.einefilmproduktion.at/gmedia/mikkel-png/?unapproved=842585&moderation-hash=7abb24f944f86e077f54658b3b73a035#comment-842585,"Tôi introduction về <a href=""https://khoanhkhachong.vn"">trang cá cược uy tín</a> với bạn bè vì nơi đây có nhiều trò chơi trực tuyến hấp dẫn như game bài, xổ số, casino online và cá cược thể thao, đảm bảo giải trí cho mọi người."
trang cá độ bóng đá uy tín,https://thespeedpost.com/killing-people-in-the-name-of-of-cow-worship-not-acceptable-pm/,https://thespeedpost.com/killing-people-in-the-name-of-of-cow-worship-not-acceptable-pm/#comment-2101927,"<a href=""https://khoanhkhachong.vn"">trang cá độ bóng đá uy tín</a> mang lại cho tôi trải nghiệm giải trí trực tuyến tuyệt vời, từ game bài đến xổ số online và cá cược thể thao."
trang cá độ bóng đá,https://cdhi.uog.edu.et/2023/06/10/africa-cdc-event-based-surveillance-resources/,https://cdhi.uog.edu.et/2023/06/10/africa-cdc-event-based-surveillance-resources/#comment-31462,"Tôi thích chơi game bài trực tuyến trên <a href=""https://khoanhkhachong.vn"">trang cá độ bóng đá</a>, vì có nhiều trò chơi khác nhau, từ poker đến blackjack, và còn có thể tham gia xổ số, casino online, thật tuyệt vời để thử vận may."
trang cá cược bóng đá,https://news.mangalayatan.in/2022/12/19/%e0%a4%b0%e0%a4%bf%e0%a4%af%e0%a4%be%e0%a4%a8-%e0%a4%ac%e0%a4%a8%e0%a5%87-%e0%a4%ae%e0%a4%bf%e0%a4%b8%e0%a5%8d%e0%a4%9f%e0%a4%b0-%e0%a4%ab%e0%a5%8d%e0%a4%b0%e0%a5%87%e0%a4%b6%e0%a4%b0-%e0%a4%b5/,https://news.mangalayatan.in/2022/12/19/%e0%a4%b0%e0%a4%bf%e0%a4%af%e0%a4%be%e0%a4%a8-%e0%a4%ac%e0%a4%a8%e0%a5%87-%e0%a4%ae%e0%a4%bf%e0%a4%b8%e0%a5%8d%e0%a4%9f%e0%a4%b0-%e0%a4%ab%e0%a5%8d%e0%a4%b0%e0%a5%87%e0%a4%b6%e0%a4%b0-%e0%a4%b5/#comment-584583,"Tôi đã trở thành thành viên của <a href=""https://khoanhkhachong.vn"">trang cá cược bóng đá</a> và rất hài lòng với chất lượng dịch vụ và sự đa dạng của các trò chơi trực tuyến, từ game bài đến xổ số và casino online, tất cả đều rất thú vị."
web cá độ bóng đá,https://prajatoday.com/skool-shiksha-vibhaag-dvara-bchchon-ko-grmee-kee-chhuttiyon-men-nishulk-smr-kainp-ka-aayojn/14/,https://prajatoday.com/skool-shiksha-vibhaag-dvara-bchchon-ko-grmee-kee-chhuttiyon-men-nishulk-smr-kainp-ka-aayojn/14#comment-11058,"<a href=""https://khoanhkhachong.vn"">web cá độ bóng đá</a> là nơi tôi tìm thấy nhiều trò chơi trực tuyến thú vị như game bài, xổ số, và cá cược thể thao, thật sự rất tuyệt vời và đa dạng."
trang cá cược uy tín,https://www.kiriita.com/blog/2014/11/13/%e7%a5%96%e6%af%8d%e3%81%8c100%e6%ad%b3%e3%81%ab%e3%81%aa%e3%82%8a%e3%81%be%e3%81%97%e3%81%9f%ef%bc%81%e3%80%90%e3%81%8d%e3%82%8a%e3%81%84%e3%81%9f-com%e3%80%91/,https://www.kiriita.com/blog/2014/11/13/%e7%a5%96%e6%af%8d%e3%81%8c100%e6%ad%b3%e3%81%ab%e3%81%aa%e3%82%8a%e3%81%be%e3%81%97%e3%81%9f%ef%bc%81%e3%80%90%e3%81%8d%e3%82%8a%e3%81%84%e3%81%9f-com%e3%80%91/#comment-92796,"<a href=""https://khoanhkhachong.vn"">trang cá cược uy tín</a> là điểm đến yêu thích của tôi khi muốn chơi game trực tuyến, với nhiều sự lựa chọn như bóng đá, thể thao, game bài, xổ số và casino online, giúp tôi luôn tìm được thứ mình thích."
web cá cược bóng đá,https://blog.classicshapewear.com/top-10-basics-every-woman-needs-in-her-wardrobe/attachment/8/,https://blog.classicshapewear.com/top-10-basics-every-woman-needs-in-her-wardrobe/attachment/8/#comment-293985,"Trang web cung cấp <a href=""https://khoanhkhachong.vn"">web cá cược bóng đá</a> và nhiều trò chơi trực tuyến khác như game bài, xổ số, và casino online, tạo nên một nền tảng giải trí số đa dạng và phong phú."
cá độ bóng đá online,https://blickpunkt-kommunikation.ch/ist-dein-linkedin-profil-bereits-deine-digitale-visitenkarte/photo-2024-06-20-15-32-56-2/,https://blickpunkt-kommunikation.ch/ist-dein-linkedin-profil-bereits-deine-digitale-visitenkarte/photo-2024-06-20-15-32-56-2/#comment-377031,"Tôi chơi <a href=""https://khoanhkhachong.vn"">cá độ bóng đá online</a> và theo dõi kết quả trực tiếp trên trang web này vì rất nhanh chóng và chính xác."
trang cá cược bóng đá,https://caes.uog.edu.et/portfolio/ornare-malesuada/,https://caes.uog.edu.et/portfolio/ornare-malesuada/#comment-27290,"Tôi thích chơi game trực tuyến trên <a href=""https://khoanhkhachong.vn"">trang cá cược bóng đá</a> vì có nhiều khuyến mãi hấp dẫn và奖励 cho người chơi, giúp tôi tận hưởng trải nghiệm giải trí số một cách tối đa."
trang cá độ bóng đá uy tín,https://news.mangalayatan.in/2022/05/18/to-be-vigilant-for-the-health-care-of-street-play/,https://news.mangalayatan.in/2022/05/18/to-be-vigilant-for-the-health-care-of-street-play/#comment-584589,"Tôi thường giới thiệu <a href=""https://khoanhkhachong.vn"">trang cá độ bóng đá uy tín</a> cho bạn bè vì nơi đây cung cấp nhiều trò chơi trực tuyến hấp dẫn và tiện ích cho người chơi."
web cá độ bóng đá,https://wearethelittleones.com/top-9-unwritten-rules-of-poker/,https://wearethelittleones.com/top-9-unwritten-rules-of-poker/#comment-632915,"Tôi thường giới thiệu <a href=""https://khoanhkhachong.vn"">web cá độ bóng đá</a> cho bạn bè vì trang web này có nhiều trò chơi trực tuyến thú vị và dịch vụ chất lượng cao, thật tuyệt vời."
trang cá độ bóng đá,https://floorball-bonn.de/spielorte/havelland-grundschule/,https://floorball-bonn.de/spielorte/havelland-grundschule/#comment-248413,"<a href=""https://khoanhkhachong.vn"">trang cá độ bóng đá</a> là nơi tôi thường xuyên chơi trò chơi trực tuyến, từ cá cược bóng đá đến game bài, xổ số, casino online, thật tuyệt vời để giải trí và thử vận may, với nhiều trò chơi hấp dẫn."
cá độ bóng đá online,https://cdhi.uog.edu.et/2024/01/04/validation-workshop-for-antenatal-care-anc-family-planning-and-hiv/,https://cdhi.uog.edu.et/2024/01/04/validation-workshop-for-antenatal-care-anc-family-planning-and-hiv/#comment-31478,"Trang web này là điểm đến lý tưởng cho những người yêu thích <a href=""https://khoanhkhachong.vn"">cá độ bóng đá online</a> và các hình thức giải trí trực tuyến khác."
web cá cược bóng đá,https://globalethnographic.com/index.php/red-wave-art-in-oceania/fumi_fig-3_72/,https://globalethnographic.com/index.php/red-wave-art-in-oceania/fumi_fig-3_72/#comment-796936,"Tôi đã trở thành thành viên của một trang web game trực tuyến uy tín, có <a href=""https://khoanhkhachong.vn"">web cá cược bóng đá</a> với tỷ lệ cược hấp dẫn và nhiều chương trình khuyến mãi thu hút."
trang cá độ bóng đá,https://thespeedpost.com/432-bottles-of-imfl-seized-in-buxar-one-held/,https://thespeedpost.com/432-bottles-of-imfl-seized-in-buxar-one-held/#comment-2101935,"Tôi đang tìm kiếm một trang web để chơi trò chơi trực tuyến và tìm được <a href=""https://khoanhkhachong.vn"">trang cá độ bóng đá</a>, nơi có nhiều trò chơi khác nhau, từ game bài đến xổ số, casino online, và cả thể thao, thật tuyệt vời để giải trí."
trang cá cược uy tín,https://mylifeandkids.com/raspberry-brownie-torte-dessert-recipe/?unapproved=3118609&moderation-hash=868360518d368b4bd21ab466bd130e7d/,https://mylifeandkids.com/raspberry-brownie-torte-dessert-recipe/?unapproved=3126115&moderation-hash=f2e2d924a5ee3a1414cfedf93690ac6a#comment-3126115,"Tôi tìm thấy <a href=""https://khoanhkhachong.vn"">trang cá cược uy tín</a> qua một người bạn và rất hài lòng với các trò chơi trực tuyến như game bài, xổ số, casino online và cá cược thể thao, giúp tôi tiết kiệm thời gian tìm kiếm."
trang cá độ bóng đá uy tín,https://www.camillaceccatelli.com/project/product-design-caffettiera-merlino/,https://www.camillaceccatelli.com/project/product-design-caffettiera-merlino/#comment-269322,"Tôi đã tìm thấy <a href=""https://khoanhkhachong.vn"">trang cá độ bóng đá uy tín</a> để chơi cá cược bóng đá trực tuyến, ngoài ra còn có nhiều trò chơi hấp dẫn khác như game bài, xổ số, casino online."
trang cá cược bóng đá,https://gg-pr.jp/%e3%80%90%e6%84%9b%e7%9f%a5%e7%9c%8c%e3%80%91%e6%98%a5%e6%97%a5%e4%ba%95%e5%b8%82%e4%b8%8a%e6%9d%a1%e7%94%ba%ef%bc%91%e4%b8%81%e7%9b%ae%e3%81%ae%e3%83%ad%e3%83%bc%e3%82%ab%e3%83%ab%e3%83%9e%e3%83%bc/,https://gg-pr.jp/%e3%80%90%e6%84%9b%e7%9f%a5%e7%9c%8c%e3%80%91%e6%98%a5%e6%97%a5%e4%ba%95%e5%b8%82%e4%b8%8a%e6%9d%a1%e7%94%ba%ef%bc%91%e4%b8%81%e7%9b%ae%e3%81%ae%e3%83%ad%e3%83%bc%e3%82%ab%e3%83%ab%e3%83%9e%e3%83%bc/#comment-578113,"<a href=""https://khoanhkhachong.vn"">trang cá cược bóng đá</a> là nơi tôi tìm thấy niềm vui và giải trí thực sự, với nhiều trò chơi trực tuyến khác nhau và cơ hội đặt cược vào các sự kiện thể thao quan trọng, tất cả đều được cập nhật thường xuyên."
web cá cược bóng đá,https://www.riferimenti.org/default/kamiitabashi/,https://www.riferimenti.org/default/kamiitabashi/#comment-835708,"Với <a href=""https://khoanhkhachong.vn"">web cá cược bóng đá</a>, tôi có thể theo dõi trận đấu yêu thích và đặt cược dễ dàng, ngoài ra trang web còn cung cấp nhiều thông tin hữu ích về các đội bóng và giải đấu."
web cá độ bóng đá,https://globalethnographic.com/index.php/aspects-of-market-and-culinary-variation/photo-1/,https://globalethnographic.com/index.php/aspects-of-market-and-culinary-variation/photo-1/#comment-796938,"Trang web này không chỉ có <a href=""https://khoanhkhachong.vn"">web cá độ bóng đá</a> mà còn nhiều hình thức giải trí số khác như casino online, xổ số, tôi thích chơi game trực tuyến và cá cược thể thao trên đây."
trang cá cược uy tín,https://www.ascezen.com/create-learning-objectives/apply_knowledge-2/,https://www.ascezen.com/create-learning-objectives/apply_knowledge-2/#comment-223271,"Tôi thường chơi game bài trực tuyến trên <a href=""https://khoanhkhachong.vn"">trang cá cược uy tín</a> vì giao diện dễ sử dụng và nhiều trò chơi hấp dẫn, giúp tôi thư giãn và giải trí sau giờ làm việc căng thẳng."
cá độ bóng đá online,https://xn--80aa0abgic9b.xn--p1ai/every-photographer-needs-to-shoot-this-photo/,https://xn--80aa0abgic9b.xn--p1ai/every-photographer-needs-to-shoot-this-photo/#comment-486978,"Tôi thích chơi <a href=""https://khoanhkhachong.vn"">cá độ bóng đá online</a> trên trang web này vì nó cung cấp nhiều trận đấu hấp dẫn và tỷ lệ cược cạnh tranh, ngoài ra còn có game bài và xổ số trực tuyến để thử vận may."
trang cá độ bóng đá uy tín,https://casadacarballeira.es/casa-de-vacaciones-en-lugo/,https://casadacarballeira.es/casa-de-vacaciones-en-lugo/#comment-873807,"Tôi thường chơi game bài trực tuyến trên <a href=""https://khoanhkhachong.vn"">trang cá độ bóng đá uy tín</a>, nơi cũng cung cấp các dịch vụ cá cược thể thao và giải trí số đa dạng khác."
trang cá độ bóng đá,https://www.recyclean.in/new-way-to-recycle-lithium-ion-batteries-will-save-planet-from-toxic-waste/comment-page-71/,https://www.recyclean.in/new-way-to-recycle-lithium-ion-batteries-will-save-planet-from-toxic-waste/comment-page-72/#comment-136067,"Tôi thích truy cập <a href=""https://khoanhkhachong.vn"">trang cá độ bóng đá</a> vì có thể chơi cá cược bóng đá và xem kết quả trực tiếp, ngoài ra còn có thể chơi game bài, xổ số, casino online, thật thú vị và hấp dẫn, nơi lý tưởng để giải trí."
web cá độ bóng đá,https://prajatoday.com/mujhe-maloom-nheen-tha-ki-mukh/08/,https://prajatoday.com/mujhe-maloom-nheen-tha-ki-mukh/08#comment-11068,"Tôi tìm thấy <a href=""https://khoanhkhachong.vn"">web cá độ bóng đá</a> khi cần một trang web game trực tuyến uy tín và an toàn, giờ đây tôi chơi game bài và cá cược thể thao trên trang web này rất thường xuyên."
trang cá cược bóng đá,https://globalethnographic.com/index.php/reconstructing-minority-identities_yukonishimura/yuko_shake-forward-2008/,https://globalethnographic.com/index.php/reconstructing-minority-identities_yukonishimura/yuko_shake-forward-2008/#comment-796939,"Tôi đã giới thiệu <a href=""https://khoanhkhachong.vn"">trang cá cược bóng đá</a> cho bạn bè và gia đình vì chất lượng dịch vụ và sự đa dạng của các trò chơi trực tuyến, từ game bài đến casino online và xổ số, đều rất đáng tin cậy."
web cá cược bóng đá,https://wearethelittleones.com/who-is-layton-simon-the-genuine-motivation-for-lamar-from-bmf/,https://wearethelittleones.com/who-is-layton-simon-the-genuine-motivation-for-lamar-from-bmf/#comment-632919,"Trang web này không chỉ chuyên về <a href=""https://khoanhkhachong.vn"">web cá cược bóng đá</a> mà còn mang đến cho tôi cơ hội trải nghiệm nhiều trò chơi trực tuyến khác, từ game bài đến xổ số và casino online."
cá độ bóng đá online,https://caes.uog.edu.et/forensic-team-earns-several/,https://caes.uog.edu.et/forensic-team-earns-several/#comment-27307,"Tôi đã tìm thấy một trang web tuyệt vời để chơi <a href=""https://khoanhkhachong.vn"">cá độ bóng đá online</a>, nơi tôi có thể theo dõi kết quả trực tiếp và tham gia các cuộc thi hấp dẫn, cũng như chơi game casino và thể thao khác."
trang cá độ bóng đá uy tín,https://www.techkul.com/best-website-design-and-development-company-krisu-techkul/1-img-2/,https://www.techkul.com/best-website-design-and-development-company-krisu-techkul/1-img-2/#comment-472700,"Khi tìm kiếm trang web chơi game trực tuyến, tôi thấy <a href=""https://khoanhkhachong.vn"">trang cá độ bóng đá uy tín</a> cung cấp nhiều lựa chọn như chơi cá cược bóng đá, xem kết quả trực tiếp và tham gia các giải đấu khác."
trang cá cược uy tín,https://www.echafaudage-coffrage-etaiement.org/annuaire/sateco-sas-2/,https://www.echafaudage-coffrage-etaiement.org/annuaire/sateco-sas-2/#comment-538119,"Tôi thường truy cập <a href=""https://khoanhkhachong.vn"">trang cá cược uy tín</a> để chơi các trò chơi trực tuyến như game bài, xổ số và cá cược thể thao, rất thú vị và an toàn."
trang cá độ bóng đá,https://www.centroasturianodemexico.com/golf/curso-infantil-de-golf-vacaciones-de-verano-2019/,https://www.centroasturianodemexico.com/golf/curso-infantil-de-golf-vacaciones-de-verano-2019/#comment-1092053,"Tôi thường chơi game bài và cá cược thể thao trên <a href=""https://khoanhkhachong.vn"">trang cá độ bóng đá</a>, rất nhiều trò chơi thú vị và dễ chơi, thưởng lớn, tôi thích trải nghiệm mới mẻ tại đây mỗi ngày với nhiều hình thức giải trí số khác nhau."
trang cá cược bóng đá,https://pedacodavila.com.br/entrevista/fabiana-cristina-lopes-062019-edicao-198/,https://pedacodavila.com.br/entrevista/fabiana-cristina-lopes-062019-edicao-198/#comment-752351,"Tôi rất hài lòng với <a href=""https://khoanhkhachong.vn"">trang cá cược bóng đá</a> vì cung cấp cho tôi nhiều lựa chọn giải trí số khác nhau, từ xem kết quả trực tiếp đến chơi game trực tuyến, và tất cả đều rất dễ sử dụng và thuận tiện."
web cá độ bóng đá,https://www.ivanglinkin.com/top-10-global-ceh-master-cnda-cnd-information-security-analyst/leaderboard_2/,https://www.ivanglinkin.com/top-10-global-ceh-master-cnda-cnd-information-security-analyst/leaderboard_2/#comment-365167,"Tôi yêu thích chơi game trực tuyến trên <a href=""https://khoanhkhachong.vn"">web cá độ bóng đá</a> vì nó cung cấp nhiều trò chơi thú vị và cơ hội thắng lớn, từ cá cược thể thao đến game bài và xổ số, rất phong phú và hấp dẫn người chơi."
trang cá cược uy tín,https://pedacodavila.com.br/gastronomia/doce-de-crianca/,https://pedacodavila.com.br/gastronomia/doce-de-crianca/#comment-752356,"Trang web game trực tuyến mà tôi biết là <a href=""https://khoanhkhachong.vn"">trang cá cược uy tín</a>, cung cấp nhiều hình thức giải trí số như casino online và trò chơi trực tuyến khác."
cá độ bóng đá online,https://ipb.edu.tl/dna-ipb-loke-konkursu-publiku-foun-ba-rfq-nian/,https://ipb.edu.tl/dna-ipb-loke-konkursu-publiku-foun-ba-rfq-nian/#comment-3581698,"Trang web này là lựa chọn số một của tôi để chơi <a href=""https://khoanhkhachong.vn"">cá độ bóng đá online</a>, với giao diện thân thiện và dịch vụ hỗ trợ tốt, ngoài ra còn có nhiều trò chơi trực tuyến khác như game bài và xổ số."
web cá cược bóng đá,https://www.glatec.bg/portfolio/berlin-railway-elements/,https://www.glatec.bg/portfolio/berlin-railway-elements/#comment-27960,"Tôi thường chia sẻ kinh nghiệm của mình về <a href=""https://khoanhkhachong.vn"">web cá cược bóng đá</a> với bạn bè, và chúng tôi cùng nhau khám phá nhiều trò chơi trực tuyến thú vị trên trang web này."
trang cá độ bóng đá uy tín,https://ejornais.com.br/index.php/2024/04/11/projeto-estabelece-recorde-de-inscricoes-e-ciclo-de-lives-e-anunciado-agencia-de-noticias-do-governo-de-mato-grosso-do-sul/,https://ejornais.com.br/index.php/2024/04/11/projeto-estabelece-recorde-de-inscricoes-e-ciclo-de-lives-e-anunciado-agencia-de-noticias-do-governo-de-mato-grosso-do-sul/#comment-978933,"<a href=""https://khoanhkhachong.vn"">trang cá độ bóng đá uy tín</a> không chỉ là nơi để chơi cá cược bóng đá mà còn có nhiều trò chơi trực tuyến hấp dẫn như xổ số, casino online và game bài đa dạng."
trang cá cược bóng đá,https://www.yiwu2050.com/forex-news/sec-renews-motion-for-default-judgment-against-airbit-club-promoter/,https://www.yiwu2050.com/forex-news/sec-renews-motion-for-default-judgment-against-airbit-club-promoter/#comment-3600691,"<a href=""https://khoanhkhachong.vn"">trang cá cược bóng đá</a> là nơi tôi đặt cược vào các trận đấu bóng đá yêu thích và chơi game trực tuyến với bạn bè, tạo nên một trải nghiệm giải trí số thực sự thú vị và hấp dẫn."
trang cá độ bóng đá,https://presquile.jp/130/,https://presquile.jp/130/#comment-296940,"<a href=""https://khoanhkhachong.vn"">trang cá độ bóng đá</a> là nơi tôi thường xem kết quả trực tiếp của các trận đấu bóng đá, rất tiện lợi và nhanh chóng, ngoài ra còn có nhiều trò chơi trực tuyến khác như xổ số, casino online, rất thú vị và hấp dẫn."
trang cá cược uy tín,https://arterustica.pl/rozne-007/comment-page-925/,https://arterustica.pl/rozne-007/comment-page-932/#comment-444081,"Khi muốn theo dõi kết quả trực tiếp của các trận bóng đá, tôi thường vào <a href=""https://khoanhkhachong.vn"">trang cá cược uy tín</a> để cập nhật thông tin nhanh chóng và chính xác."
web cá cược bóng đá,https://taperite.com/protex-412x/screen-shot-2017-02-24-at-10-26-47-am/,https://taperite.com/protex-412x/screen-shot-2017-02-24-at-10-26-47-am/#comment-626945,"Tôi đã tìm thấy một trang web tuyệt vời nơi có <a href=""https://khoanhkhachong.vn"">web cá cược bóng đá</a> và nhiều trò chơi khác, tạo nên một không gian giải trí trực tuyến lý tưởng cho những người thích thử thách và may rủi."
cá độ bóng đá online,https://wearethelittleones.com/what-is-the-eligibility-criteria-for-getting-a-loan-under-pmmy/,https://wearethelittleones.com/what-is-the-eligibility-criteria-for-getting-a-loan-under-pmmy/#comment-632927,"Tôi đã thử chơi <a href=""https://khoanhkhachong.vn"">cá độ bóng đá online</a> trên nhiều trang web, nhưng trang web này là nơi tôi cảm thấy an toàn và tin cậy nhất, với nhiều lựa chọn thanh toán và rút tiền nhanh chóng."
trang cá độ bóng đá uy tín,https://www.vanexpert.fr/formations/bau-icon-begleitung-2018/,https://www.vanexpert.fr/formations/bau-icon-begleitung-2018/#comment-558490,"Tôi thích chơi xổ số trên <a href=""https://khoanhkhachong.vn"">trang cá độ bóng đá uy tín</a> vì sự đa dạng và tiện lợi, ngoài ra cũng có thể chơi game bài và tham gia cá cược thể thao."
trang cá cược bóng đá,https://www.cksombor.org.rs/galerija/arhiva/takmicenja/45-opstinsko-takmicenje-2009/,https://www.cksombor.org.rs/galerija/arhiva/takmicenja/45-opstinsko-takmicenje-2009/#comment-29499,"Tôi đã trở thành người dùng thường xuyên của <a href=""https://khoanhkhachong.vn"">trang cá cược bóng đá</a> vì sự đa dạng của các trò chơi trực tuyến và chất lượng dịch vụ, từ game bài đến xổ số và casino online, tất cả đều rất tuyệt vời."
trang cá độ bóng đá,https://ipb.edu.tl/serimonia-dies-natalis-ipb-ba-dahaat-iv-nian/,https://ipb.edu.tl/serimonia-dies-natalis-ipb-ba-dahaat-iv-nian/#comment-3581720,"Khi rảnh rỗi, tôi thường chơi game trực tuyến trên <a href=""https://khoanhkhachong.vn"">trang cá độ bóng đá</a>, có nhiều trò chơi thú vị như game bài, xổ số, và cá cược thể thao, rất dễ chơi và có cơ hội thắng lớn, tôi cảm thấy rất thích thú."
web cá độ bóng đá,https://taperite.com/reflective-tapes/oralite-ref-dot/,https://taperite.com/reflective-tapes/oralite-ref-dot/#comment-626947,"Trang <a href=""https://khoanhkhachong.vn"">web cá độ bóng đá</a> là nơi tôi thường xuyên chơi cá cược bóng đá và theo dõi kết quả trực tiếp, ngoài ra cũng có nhiều game bài và xổ số để tham gia, tạo nên một trải nghiệm giải trí tuyệt vời."
web cá cược bóng đá,https://novargonaftes.gr/tmimata/image3/,https://novargonaftes.gr/tmimata/image3/#comment-1990538,"Tôi thích tham gia <a href=""https://khoanhkhachong.vn"">web cá cược bóng đá</a> vì sự tiện lợi và đa dạng của các trò chơi trực tuyến, từ đặt cược thể thao đến chơi game bài và tham gia xổ số, tất cả đều trên một trang web."
trang cá cược uy tín,https://taperite.com/protex-50/screen-shot-2017-02-24-at-10-30-48-am-2/,https://taperite.com/protex-50/screen-shot-2017-02-24-at-10-30-48-am-2/#comment-626950,"Tôi đã tìm thấy một trang web game trực tuyến tuyệt vời, đó là <a href=""https://khoanhkhachong.vn"">trang cá cược uy tín</a>, nơi tôi có thể chơi game bài và xổ số một cách tiện lợi."
trang cá độ bóng đá,https://pedacodavila.com.br/coluna/aquanews/ainda-da-tempo-para-se-preparar-para-o-verao/,https://pedacodavila.com.br/coluna/aquanews/ainda-da-tempo-para-se-preparar-para-o-verao/#comment-752363,"<a href=""https://khoanhkhachong.vn"">trang cá độ bóng đá</a> cung cấp nhiều hình thức giải trí số khác nhau, từ game bài, xổ số, đến cá cược thể thao, rất đa dạng và phong phú, tôi có thể chơi và giải trí mọi lúc mọi nơi, rất tiện lợi."
trang cá độ bóng đá,https://delhikhabar.in/cancel-the-passenger-train-and-drive-the-coal-laden-train-chidambaram-took-a-jibe-at-the-central-government-over-the-power-crisis/,https://delhikhabar.in/cancel-the-passenger-train-and-drive-the-coal-laden-train-chidambaram-took-a-jibe-at-the-central-government-over-the-power-crisis/#comment-240,"Tôi thường chơi game trực tuyến tại <a href=""https://khoanhkhachong.vn"">trang cá độ bóng đá</a> vì nơi đây có nhiều trò chơi hấp dẫn và thú vị như cá cược thể thao, game bài, xổ số, casino online, đáp ứng nhu cầu giải trí trực tuyến của tôi mọi lúc mọi nơi luôn."
cá độ bóng đá online,https://delhikhabar.in/big-action-of-noida-police-arrested-six-people-betting-on-up-assembly-elections/,https://delhikhabar.in/big-action-of-noida-police-arrested-six-people-betting-on-up-assembly-elections/#comment-244,"Tôi vừa khám phá trang web game trực tuyến thú vị, chơi <a href=""https://khoanhkhachong.vn"">cá độ bóng đá online</a> tại đây rất tiện lợi và hấp dẫn, nhiều khuyến mãi hấp dẫn cho thành viên mới."
web cá cược bóng đá,https://delhikhabar.in/corona-increased-again-in-delhi-more-than-1200-new-cases-were-found-in-24-hours-infection-rate-was-9-3-percent/,https://delhikhabar.in/corona-increased-again-in-delhi-more-than-1200-new-cases-were-found-in-24-hours-infection-rate-was-9-3-percent/#comment-306,"Tôi đã khám phá <a href=""https://khoanhkhachong.vn"">web cá cược bóng đá</a> và thấy nó rất thú vị, cung cấp nhiều trò chơi trực tuyến hấp dẫn và cơ hội giải trí số tuyệt vời cho người dùng."
cá độ bóng đá online,https://jurnaltipikor.com/2025/06/22/kota-bandung-jadi-model-nasional-menko-pemberdayaan-masyarakat-pelatihan-umkm-harus-berstandar/,https://jurnaltipikor.com/2025/06/22/kota-bandung-jadi-model-nasional-menko-pemberdayaan-masyarakat-pelatihan-umkm-harus-berstandar/#comment-681190,"Tôi vừa khám phá trang web game trực tuyến thú vị, chơi <a href=""https://khoanhkhachong.vn"">cá độ bóng đá online</a> tại đây rất tiện lợi và hấp dẫn, nhiều khuyến mãi hấp dẫn cho thành viên mới."
web cá độ bóng đá,https://magazine.circledna.com/exploring-the-science-behind-black-seed-oil-and-its-health-claims/?unapproved=10357&moderation-hash=731cd1613e8a79510ca0ecf7f0de6a26/,https://magazine.circledna.com/exploring-the-science-behind-black-seed-oil-and-its-health-claims/?unapproved=10448&moderation-hash=b98c9ca231f830856a965cee3f37a0b8#comment-10448,"Tôi thường truy cập <a href=""https://khoanhkhachong.vn"">web cá độ bóng đá</a> để cập nhật thông tin và tham gia cá cược bóng đá trực tuyến, đây là trang web game giải trí trực tuyến tổng hợp mà tôi yêu thích."
trang cá cược uy tín,http://aservicodaindustria.com.br/saiba-se-o-seu-site-esta-otimizado-para-dispositivos-moveis/?unapproved=57406&moderation-hash=09fe2fb2530863b376ed83731f2f4985/,http://aservicodaindustria.com.br/saiba-se-o-seu-site-esta-otimizado-para-dispositivos-moveis/?unapproved=59945&moderation-hash=9f83f1f50e7b1be03c9120f6fc4d19b5#comment-59945,"Tôi đã tìm thấy <a href=""https://khoanhkhachong.vn"">trang cá cược uy tín</a> để chơi game bài trực tuyến với nhiều trò chơi hấp dẫn và giải thưởng lớn, đảm bảo trải nghiệm giải trí tuyệt vời cho người dùng mọi lúc mọi nơi."
trang cá độ bóng đá uy tín,https://en.apra.vn/expertise/tu-van-cac-van-de-lien-quan-den-so-huu-tri-tue/tu-van-phap-luat-ve-so-huu-tri-tue/,https://en.apra.vn/expertise/tu-van-cac-van-de-lien-quan-den-so-huu-tri-tue/tu-van-phap-luat-ve-so-huu-tri-tue#comment-37967,"Tôi đã tìm thấy <a href=""https://khoanhkhachong.vn"">trang cá độ bóng đá uy tín</a> để đặt cược và chơi game trực tuyến, trải nghiệm tuyệt vời với nhiều hình thức giải trí số khác nhau trên cùng một nền tảng."
cá độ bóng đá online,https://www.theindianpanorama.news/india/pm-goes-to-countries-uninvited-cant-we-question-him-mann/?unapproved=482869&moderation-hash=91428617e944fa0846c2f4cf23794a04/,https://www.theindianpanorama.news/india/pm-goes-to-countries-uninvited-cant-we-question-him-mann/?unapproved=492647&moderation-hash=348bef585885dac82f07df7f6cd60cb3#comment-492647,"Tôi thường chơi game bài trực tuyến và <a href=""https://khoanhkhachong.vn"">cá độ bóng đá online</a> trên một trang web giải trí số, rất đa dạng và thú vị với nhiều trò chơi hấp dẫn khác nhau."
trang cá độ bóng đá,https://cloud.m-t.com/cropped-s_logo_02/,https://cloud.m-t.com/cropped-s_logo_02/#comment-159804,"Tôi thường chơi game trực tuyến tại <a href=""https://khoanhkhachong.vn"">trang cá độ bóng đá</a> vì nơi đây có nhiều trò chơi hấp dẫn và thú vị như cá cược thể thao, game bài, xổ số, casino online, đáp ứng nhu cầu giải trí trực tuyến của tôi mọi lúc mọi nơi luôn."
web cá cược bóng đá,https://metropembaharuancq.com/2022/04/bupati-bima-minta-para-orang-tua-didik-anak-mencintai-masjid/,https://metropembaharuancq.com/2022/04/bupati-bima-minta-para-orang-tua-didik-anak-mencintai-masjid/#comment-1596921,"Tôi thường truy cập <a href=""https://khoanhkhachong.vn"">web cá cược bóng đá</a> để tham gia cá cược thể thao, chơi game bài trực tuyến và xem kết quả trực tiếp, rất tiện lợi và thú vị."
cá độ bóng đá online,https://www.arpt.gov.gn/decision-relative-a-la-designation-des-operateurs-dominants/,https://www.arpt.gov.gn/decision-relative-a-la-designation-des-operateurs-dominants/#comment-14977,"Trang web <a href=""https://khoanhkhachong.vn"">cá độ bóng đá online</a> mà tôi thường chơi cung cấp nhiều thông tin hữu ích về kết quả trận đấu, giúp tôi đưa ra quyết định sáng suốt khi tham gia cá độ bóng đá online."
trang cá cược bóng đá,https://flowlinevalve.com/2021/02/high-quality-ptfe-lined-pipes-fittings-manufacturer-in-india/?unapproved=3605&moderation-hash=4abd5a774367cdb6ae3779738d3676d5/,https://flowlinevalve.com/2021/02/high-quality-ptfe-lined-pipes-fittings-manufacturer-in-india/#comment-8749,"Tôi thường truy cập <a href=""https://khoanhkhachong.vn"">trang cá cược bóng đá</a> để tham gia cá cược và chơi game bài trực tuyến, trải nghiệm rất thú vị và hấp dẫn với nhiều hình thức giải trí số khác nhau luôn sẵn sàng."
cá độ bóng đá online,https://www.thepingpage.com/2015/07/1199/comment-page-1/,https://www.thepingpage.com/2015/07/1199/comment-page-1/#comment-15437,"Khi nhắc đến <a href=""https://khoanhkhachong.vn"">cá độ bóng đá online</a>, tôi nghĩ đến trang web yêu thích của mình, nơi cung cấp trải nghiệm chơi game trực tuyến tuyệt vời với nhiều trò chơi khác nhau như xổ số và casino online."
web cá độ bóng đá,https://www.iphonesat.es/conocer-contrasena-wi-fi-mac-windows/,https://www.iphonesat.es/conocer-contrasena-wi-fi-mac-windows/#comment-72452,"Tôi đã tìm thấy một trang web tuyệt vời về <a href=""https://khoanhkhachong.vn"">web cá độ bóng đá</a>, nơi tôi có thể chơi game bài trực tuyến, tham gia xổ số và cá cược thể thao một cách an toàn và thú vị."
trang cá độ bóng đá uy tín,https://hayakawasetsubi.jp/2024/05/05/%e5%b2%90%e9%98%9c%e6%b8%85%e6%b5%81%e3%83%9e%e3%83%a9%e3%82%bd%e3%83%b3%f0%9f%8f%83%e2%99%82%ef%b8%8f/?unapproved=1195465&moderation-hash=2666b25087a5e9c1286142453b091955/,https://hayakawasetsubi.jp/2024/05/05/%e5%b2%90%e9%98%9c%e6%b8%85%e6%b5%81%e3%83%9e%e3%83%a9%e3%82%bd%e3%83%b3%f0%9f%8f%83%e2%99%82%ef%b8%8f/#comment-1199327,"Khi muốn chơi cá cược bóng đá, tôi luôn tìm kiếm <a href=""https://khoanhkhachong.vn"">trang cá độ bóng đá uy tín</a>, nơi cung cấp thông tin chính xác và dịch vụ tốt, giúp tôi tự tin đặt cược và tận hưởng trò chơi."
trang cá cược uy tín,https://www.nonchiamatemigroupie.it/2019/10/15/rockin-1000-linate-13-10-2019/?unapproved=70323&moderation-hash=193ed42d8ef39173af6f25f28e37f7dc/,https://www.nonchiamatemigroupie.it/2019/10/15/rockin-1000-linate-13-10-2019/#comment-70745,"Khi tìm kiếm trang web chơi game trực tuyến, tôi thấy trang cá cấp uy tín cung cấp nhiều lựa chọn như xổ số, casino online và thể thao, giúp tôi dễ dàng tìm được trò chơi phù hợp với sở thích của mình luôn."
web cá cược bóng đá,https://dboukrestaurant.com/2019/08/29/vestibulum-non-ac-nulla-2/?unapproved=77194&moderation-hash=74117b042a6ff06941e08708adcf584b/,https://dboukrestaurant.com/2019/08/29/vestibulum-non-ac-nulla-2/#comment-79031,"Trang web cung cấp <a href=""https://khoanhkhachong.vn"">web cá cược bóng đá</a> đã trở thành điểm đến yêu thích của tôi, nơi tôi có thể chơi game trực tuyến, tham gia xổ số và nhiều hình thức giải trí khác."
trang cá độ bóng đá,https://antiga.carevolta.org/esdeveniment/la-budelleria-7/?unapproved=6540199&moderation-hash=02e1e33a5a3a2bb40facb9ded1d6528a/,https://antiga.carevolta.org/esdeveniment/la-budelleria-7/#comment-6545192,"Tôi đã tìm thấy <a href=""https://khoanhkhachong.vn"">trang cá độ bóng đá</a> cung cấp các trò chơi trực tuyến đa dạng, từ cá cược thể thao đến game bài, xổ số, casino online, giúp tôi có những trải nghiệm giải trí tuyệt vời và không bao giờ cảm thấy chán với thế giới giải trí số này."
trang cá cược bóng đá,https://muntinlupacity.gov.ph/transparency_seal150/?unapproved=1590098&moderation-hash=3830b08251fec1ecb8e8484dd12d3a7b/,https://muntinlupacity.gov.ph/transparency_seal150/#comment-1593818,"Tôi tìm thấy <a href=""https://khoanhkhachong.vn"">trang cá cược bóng đá</a> rất hữu ích khi cần thông tin về các trận đấu và kết quả trực tiếp, đồng thời cũng có thể chơi casino online và xổ số ngay trên trang web này."
web cá cược bóng đá,https://floridanoticias.com.uy/william-martinez-se-aleja-oficialmente-del-gremio-de-los-municipales/?unapproved=376866&moderation-hash=d84415f6771f75baf6f2315fcc995b19/,https://floridanoticias.com.uy/william-martinez-se-aleja-oficialmente-del-gremio-de-los-municipales/?unapproved=377132&moderation-hash=1808200785e656206167fa3035229fd0#comment-377132,"Với <a href=""https://khoanhkhachong.vn"">web cá cược bóng đá</a>, tôi có thể trải nghiệm nhiều trò chơi trực tuyến khác nhau, từ cá cược thể thao đến casino online, rất đa dạng và phong phú."
cá độ bóng đá online,https://flowlinevalve.com/2022/08/ptfe-spacer-suppliers-in-ahmedabad-gujarat-india/,https://flowlinevalve.com/2022/08/ptfe-spacer-suppliers-in-ahmedabad-gujarat-india/#comment-8756,"Tôi đã tìm thấy một trang web chơi game trực tuyến tuyệt vời, nơi tôi có thể chơi <a href=""https://khoanhkhachong.vn"">cá độ bóng đá online</a>, game bài và xem kết quả xổ số trực tiếp một cách dễ dàng và thuận tiện."
web cá độ bóng đá,https://khoaanhcn.ufl.udn.vn/thong-bao/6596/?unapproved=156475&moderation-hash=e6b42564c769bdaa2ed24a51bf856757/,https://khoaanhcn.ufl.udn.vn/thong-bao/6596/#comment-157543,"Khi nhắc đến <a href=""https://khoanhkhachong.vn"">web cá độ bóng đá</a>, tôi nghĩ ngay đến trang web này, nơi cung cấp nhiều trò chơi trực tuyến hấp dẫn, bao gồm cả casino online và game bài trực tuyến cho người dùng."
trang cá cược uy tín,https://staging.seniorsplayground.co.za/an-in-text-citation-is-a-concise-solution-to-exhibit-the-reader-the-place-the-initial-idea-arrived-from-also-to-give-credit-rating-into-the-authentic-author/,https://staging.seniorsplayground.co.za/an-in-text-citation-is-a-concise-solution-to-exhibit-the-reader-the-place-the-initial-idea-arrived-from-also-to-give-credit-rating-into-the-authentic-author#comment-1623,"Trải nghiệm của tôi với <a href=""https://khoanhkhachong.vn"">trang cá cược uy tín</a> thật tuyệt vời, nơi tôi có thể chơi cá cược bóng đá và nhiều môn thể thao khác, cập nhật kết quả trực tiếp và thưởng thức không khí cạnh tranh đầy phấn khích mỗi ngày."
trang cá độ bóng đá uy tín,https://delhikhabar.in/big-decision-of-union-cabinet-before-delhi-mcd-election-approval-of-bill-related-to-integration-of-three-municipal-corporations-in-delhi/,https://delhikhabar.in/big-decision-of-union-cabinet-before-delhi-mcd-election-approval-of-bill-related-to-integration-of-three-municipal-corporations-in-delhi/#comment-334,"Tôi thích chơi game bài trực tuyến trên <a href=""https://khoanhkhachong.vn"">trang cá độ bóng đá uy tín</a>, nơi có nhiều lựa chọn và giao diện thân thiện, giúp tôi thư giãn và giải trí sau giờ làm việc."
trang cá độ bóng đá,https://le-media-afrique.com/guinee-le-syndicaliste-abdoulaye-sow-condamne-a-cinq-mois-de-prison/,https://le-media-afrique.com/guinee-le-syndicaliste-abdoulaye-sow-condamne-a-cinq-mois-de-prison/#comment-1741012,"Khi nhắc đến <a href=""https://khoanhkhachong.vn"">trang cá độ bóng đá</a>, tôi nghĩ ngay đến một nền tảng chơi game trực tuyến đầy đủ với cá cược thể thao, game bài, xổ số, casino online, nơi tôi có thể tận hưởng nhiều hình thức giải trí số chỉ với một tài khoản duy nhất luôn."
trang cá cược bóng đá,https://odl-shukatsucafe.com/2018/04/06/zadankai-kstone-3/,https://odl-shukatsucafe.com/2018/04/06/zadankai-kstone-3/#comment-542016,"<a href=""https://khoanhkhachong.vn"">trang cá cược bóng đá</a> là điểm đến yêu thích của tôi khi muốn chơi game trực tuyến, với nhiều lựa chọn từ bóng đá đến game bài và casino, đảm bảo tôi luôn có trải nghiệm giải trí tuyệt vời."
web cá cược bóng đá,https://www.yogaschool.com.au/yoga-on-the-wall-ropes/,https://www.yogaschool.com.au/yoga-on-the-wall-ropes/#comment-221508,"Tôi đã giới thiệu <a href=""https://khoanhkhachong.vn"">web cá cược bóng đá</a> cho bạn bè và gia đình, vì nó cung cấp nhiều lựa chọn giải trí số hấp dẫn và an toàn cho người dùng."
web cá độ bóng đá,https://ahabona.com/2022/05/06/cyamunara-yubutaka-burimo-amazu-abiri-bufite-upi3-03-04-03-227-buherereye-gisenyi-rubavu-2/,https://ahabona.com/2022/05/06/cyamunara-yubutaka-burimo-amazu-abiri-bufite-upi3-03-04-03-227-buherereye-gisenyi-rubavu-2/#comment-966,"Trang web về <a href=""https://khoanhkhachong.vn"">web cá độ bóng đá</a> mà tôi thường truy cập cung cấp nhiều thông tin hữu ích về bóng đá, giúp tôi cập nhật kết quả trận đấu và đặt cược một cách thông minh."
cá độ bóng đá online,http://kland.jp/2016/05/11/%e7%9a%87%e6%b5%b7%e5%b1%b1/,http://kland.jp/2016/05/11/%e7%9a%87%e6%b5%b7%e5%b1%b1/#comment-77310,"Trang web <a href=""https://khoanhkhachong.vn"">cá độ bóng đá online</a> mà tôi thường truy cập cung cấp nhiều tiện ích như thông tin trận đấu, thống kê đội bóng, giúp tôi có cái nhìn tổng quan khi tham gia cá độ bóng đá online."
trang cá cược uy tín,https://beautywellnesstalk.com/your-ultimate-guide-to-the-best-concealer-for-mature-skin/,https://beautywellnesstalk.com/your-ultimate-guide-to-the-best-concealer-for-mature-skin/#comment-255811,"Người dùng có thể tìm thấy nhiều trò chơi trực tuyến thú vị tại <a href=""https://khoanhkhachong.vn"">trang cá cược uy tín</a>, bao gồm game bài, xổ số và nhiều trò chơi may rủi khác, đảm bảo sự đa dạng cho trải nghiệm giải trí của mình mọi lúc."
trang cá độ bóng đá uy tín,https://dainikup.com/union-minister-anurag-thakur-spoke-daughter-in-law-of-sp-leaders-believe-they-are-safe-under-modi-yogi-rule/?unapproved=17650&moderation-hash=177fffdd9f4b1cad8dc3c87b061e64d2/,https://dainikup.com/union-minister-anurag-thakur-spoke-daughter-in-law-of-sp-leaders-believe-they-are-safe-under-modi-yogi-rule/#comment-347,"<a href=""https://khoanhkhachong.vn"">trang cá độ bóng đá uy tín</a> là nơi tôi thường xuyên theo dõi kết quả trực tiếp và đặt cược, với nhiều tùy chọn và thông tin cập nhật, giúp tôi không bao giờ bỏ lỡ một trận đấu nào."
trang cá độ bóng đá,https://www.basketown.com/2017/01/15/u15-vincere-e-meglio-che-perdere/20170114_205708-2/?unapproved=169294&moderation-hash=9c3826366c6000b6259068e724f3ff14/,https://www.basketown.com/2017/01/15/u15-vincere-e-meglio-che-perdere/20170114_205708-2/#comment-170411,"Tôi thích chơi game tại <a href=""https://khoanhkhachong.vn"">trang cá độ bóng đá</a> vì nơi đây có nhiều trò chơi hấp dẫn, từ cá cược thể thao đến game bài, xổ số, casino online, và tôi có thể dễ dàng tham gia mọi lúc mọi nơi với thiết bị di động hoặc máy tính của mình luôn."
trang cá cược bóng đá,https://975kemetfm.com/show/gary-charles-and-zara/?unapproved=49371&moderation-hash=a58c606cece828343b8e53ac405e4141/,https://975kemetfm.com/show/gary-charles-and-zara/#comment-49517,"Tôi đã khám phá <a href=""https://khoanhkhachong.vn"">trang cá cược bóng đá</a> và rất ấn tượng với sự đa dạng của các trò chơi và hình thức cá cược, từ thể thao đến game trực tuyến, tất cả đều rất hấp dẫn và thú vị."
web cá cược bóng đá,https://hotel.wy-creations.fr/article-2/?unapproved=117050&moderation-hash=eee1a9c71afc91ae8cc2b62f762e2411/,https://hotel.wy-creations.fr/article-2/#comment-117985,"Tôi thích truy cập <a href=""https://khoanhkhachong.vn"">web cá cược bóng đá</a> vì nó cung cấp nhiều thông tin hữu ích về các trận đấu bóng đá, giúp tôi đưa ra quyết định cá cược thông minh hơn."
web cá độ bóng đá,https://djmathieug.com/279c5580/,https://djmathieug.com/279c5580/#comment-727815,"Tôi thích chơi game trực tuyến trên <a href=""https://khoanhkhachong.vn"">web cá độ bóng đá</a> vì sự đa dạng của các trò chơi, từ game bài đến xổ số, và đặc biệt là các chương trình khuyến mãi hấp dẫn."
cá độ bóng đá online,https://ebinatajima.com/photo_examination_01/?unapproved=132483&moderation-hash=ee15cc7797aba3fc1653efc83671fce2/,https://ebinatajima.com/photo_examination_01/#comment-133427,"Tôi yêu thích chơi game trực tuyến trên một trang web cung cấp nhiều lựa chọn hấp dẫn, từ <a href=""https://khoanhkhachong.vn"">cá độ bóng đá online</a> đến game bài và xổ số, tất cả đều có sẵn trên một nền tảng tiện lợi."
trang cá cược uy tín,https://www.parks-und-gaerten.de/landhausgarten-knospe/landhausgarten-knospe-dsc_1151/?unapproved=2172278&moderation-hash=70ac2a3f5cd1c1d4ebe374760b47d98b/,https://www.parks-und-gaerten.de/landhausgarten-knospe/landhausgarten-knospe-dsc_1151/#comment-2177295,"Tôi yêu thích chơi game trực tuyến tại <a href=""https://khoanhkhachong.vn"">trang cá cược uy tín</a> vì có nhiều chương trình khuyến mãi và ưu đãi hấp dẫn, giúp tôi tiết kiệm và tăng cơ hội chiến thắng trong các trò chơi yêu thích của mình."
trang cá độ bóng đá,https://www.josephinedesign.fr/severo2_03/?unapproved=226887&moderation-hash=fa7a7f710e1e50c628ce46b1e4f53561/,https://www.josephinedesign.fr/severo2_03/#comment-227974,"<a href=""https://khoanhkhachong.vn"">trang cá độ bóng đá</a> là nơi tôi thường lui tới để chơi game trực tuyến, với các trò chơi như cá cược thể thao, game bài, xổ số, casino online, mọi thứ đều rất thú vị và hấp dẫn, giúp tôi có những giây phút giải trí tuyệt vời luôn."
trang cá cược bóng đá,https://ortopediajensmuller.com/protesis-de-miembro-inferior-con-reinervacion-sensorial/,https://ortopediajensmuller.com/protesis-de-miembro-inferior-con-reinervacion-sensorial/#comment-583436,"Khi nhắc đến giải trí trực tuyến, tôi luôn nghĩ đến <a href=""https://khoanhkhachong.vn"">trang cá cược bóng đá</a>, nơi cung cấp mọi thứ từ cá cược thể thao đến game bài và casino online, giúp tôi tận hưởng thời gian rảnh rỗi."
trang cá độ bóng đá uy tín,https://www.r-58.com/main-1-255x158/,https://www.r-58.com/main-1-255x158/#comment-291110,"Tôi đã thử chơi xổ số trên <a href=""https://khoanhkhachong.vn"">trang cá độ bóng đá uy tín</a> và rất hài lòng với kết quả, dịch vụ tốt và giao diện dễ sử dụng, giúp tôi tiết kiệm thời gian và tăng cơ hội chiến thắng."
web cá cược bóng đá,https://maranhaounico.com.br/2023/01/bahia-x-operario-pr-assistir-ao-vivo-pela-copa-sao-paulo-de-futebol-junior-copinha-hoje-04-01-palpites-bola-rolando/,https://maranhaounico.com.br/2023/01/bahia-x-operario-pr-assistir-ao-vivo-pela-copa-sao-paulo-de-futebol-junior-copinha-hoje-04-01-palpites-bola-rolando/#comment-2593943,"<a href=""https://khoanhkhachong.vn"">web cá cược bóng đá</a> đã trở thành một phần quan trọng trong cuộc sống giải trí của tôi, nơi tôi có thể thư giãn và tận hưởng các trò chơi trực tuyến yêu thích."
trang cá cược uy tín,https://trees.uniandes.edu.co/es/university-of-california-at-berkeley/,https://trees.uniandes.edu.co/es/university-of-california-at-berkeley/#comment-25863,"<a href=""https://khoanhkhachong.vn"">trang cá cược uy tín</a> mang đến cho tôi thế giới giải trí trực tuyến đa dạng với nhiều trò chơi như casino online, game bài và xổ số, đồng thời đảm bảo sự an toàn và bảo mật cho thông tin cá nhân của người dùng luôn."
cá độ bóng đá online,https://www.massimoserra.it/galleries/paesaggi/img_9242/,https://www.massimoserra.it/galleries/paesaggi/img_9242/#comment-186399,"Khi tham gia <a href=""https://khoanhkhachong.vn"">cá độ bóng đá online</a>, tôi thường xem kết quả trận đấu trực tiếp trên trang web yêu thích của mình, giúp tôi cập nhật thông tin mới nhất và đưa ra quyết định sáng suốt."
web cá độ bóng đá,https://abracomex.org/programa-de-formacao-despachante-aduaneiro/,https://abracomex.org/programa-de-formacao-despachante-aduaneiro/#comment-97308,"Trang web game trực tuyến mà tôi yêu thích có liên quan đến <a href=""https://khoanhkhachong.vn"">web cá độ bóng đá</a>, nơi tôi có thể tham gia cá cược thể thao, chơi casino online và theo dõi kết quả trực tiếp."
trang cá độ bóng đá,https://sabuthomas.com/alumini/t-jhonson/,https://sabuthomas.com/alumini/t-jhonson/#comment-544143,"Tôi đánh giá cao <a href=""https://khoanhkhachong.vn"">trang cá độ bóng đá</a> vì sự đa dạng của các trò chơi trực tuyến, từ cá cược thể thao đến game bài, xổ số, casino online, và tôi có thể dễ dàng tìm thấy trò chơi phù hợp với sở thích của mình mọi lúc luôn."
trang cá độ bóng đá uy tín,https://khoaanhcn.ufl.udn.vn/thong-bao/6596/,https://khoaanhcn.ufl.udn.vn/thong-bao/6596/#comment-157545,"<a href=""https://khoanhkhachong.vn"">trang cá độ bóng đá uy tín</a> cung cấp nhiều hình thức giải trí số khác nhau, từ cá cược thể thao đến casino online, giúp tôi luôn có sự lựa chọn mới mẻ và thú vị khi muốn giải trí."
trang cá cược bóng đá,https://www.echafaudage-coffrage-etaiement.org/annuaire/mills-2/,https://www.echafaudage-coffrage-etaiement.org/annuaire/mills-2/#comment-538287,"Tôi sử dụng <a href=""https://khoanhkhachong.vn"">trang cá cược bóng đá</a> để cập nhật kết quả trận đấu và tham gia cá cược, đồng thời cũng khám phá các trò chơi mới và hấp dẫn, mang lại trải nghiệm giải trí tuyệt vời."
web cá độ bóng đá,https://blickpunkt-kommunikation.ch/tipps-tricks-fuer-die-effiziente-nutzung-von-chatgpt-am-offa-gewerbetag/20240418-galledia_gewerbetag-71-min/,https://blickpunkt-kommunikation.ch/tipps-tricks-fuer-die-effiziente-nutzung-von-chatgpt-am-offa-gewerbetag/20240418-galledia_gewerbetag-71-min/#comment-377194,"<a href=""https://khoanhkhachong.vn"">web cá độ bóng đá</a> là nơi tôi thường đến để cập nhật thông tin bóng đá mới nhất và tham gia các hoạt động giải trí trực tuyến khác như chơi game bài và xổ số."
web cá cược bóng đá,https://pidg-staging.dusted.digital/portfolios/africa-greenco/,https://pidg-staging.dusted.digital/portfolios/africa-greenco/#comment-339503,"Tôi đánh giá cao <a href=""https://khoanhkhachong.vn"">web cá cược bóng đá</a> vì nó cung cấp giao diện người dùng thân thiện, dễ dàng điều hướng và nhiều tính năng hấp dẫn cho người chơi."
cá độ bóng đá online,https://noto-highschool.com/img_4812/,https://noto-highschool.com/img_4812/#comment-774608,"Tôi đã khám phá một trang web giải trí số đa dạng, nơi tôi có thể chơi <a href=""https://khoanhkhachong.vn"">cá độ bóng đá online</a>, tham gia xổ số và tận hưởng nhiều trò chơi trực tuyến khác, tất cả đều rất thú vị và hấp dẫn."
trang cá cược uy tín,https://www.einefilmproduktion.at/gmedia/soeding-png/?unapproved=837570&moderation-hash=8d52f8c400c36136474c4a901e6386d0/,https://www.einefilmproduktion.at/gmedia/soeding-png/?unapproved=842877&moderation-hash=1d1018b135934012897368b1c9568d9d#comment-842877,"Khi muốn chơi cá cược thể thao, tôi chọn <a href=""https://khoanhkhachong.vn"">trang cá cược uy tín</a> vì cung cấp thông tin cập nhật và chính xác, giúp tôi đưa ra quyết định sáng suốt và tăng cơ hội thắng lớn trong từng trận đấu."
trang cá cược bóng đá,https://blog.classicshapewear.com/shapewear-hides-back-fat/back6/,https://blog.classicshapewear.com/shapewear-hides-back-fat/back6/#comment-294071,"<a href=""https://khoanhkhachong.vn"">trang cá cược bóng đá</a> là trang web hàng đầu của tôi khi tìm kiếm giải trí trực tuyến, với các trò chơi như game bài, xổ số, và casino online, luôn có gì đó mới mẻ để khám phá và trải nghiệm."
trang cá độ bóng đá,https://caes.uog.edu.et/introducing-dr-deniz-zeynep-2/,https://caes.uog.edu.et/introducing-dr-deniz-zeynep-2/#comment-27849,"Tôi đã trở thành thành viên của <a href=""https://khoanhkhachong.vn"">trang cá độ bóng đá</a> để tận hưởng các trò chơi trực tuyến như cá cược thể thao, game bài, xổ số, casino online, và tôi rất hài lòng với chất lượng dịch vụ và sự an toàn của trang web này luôn."
trang cá độ bóng đá uy tín,https://sabuthomas.com/facilities/probe-sonicator/,https://sabuthomas.com/facilities/probe-sonicator/#comment-544148,"Khi chơi game trực tuyến, tôi luôn tìm kiếm <a href=""https://khoanhkhachong.vn"">trang cá độ bóng đá uy tín</a> để đảm bảo an toàn và bảo mật, với nhiều biện pháp bảo vệ tài khoản và thông tin cá nhân."
web cá độ bóng đá,https://femartmostra.org/rosa-maria-ciurana/,https://femartmostra.org/rosa-maria-ciurana/#comment-1079400,"Tôi đã khám phá một trang web tuyệt vời về <a href=""https://khoanhkhachong.vn"">web cá độ bóng đá</a>, nơi cung cấp nhiều trải nghiệm giải trí trực tuyến thú vị, bao gồm cả casino online và các trò chơi trực tuyến khác."
cá độ bóng đá online,https://ipb.edu.tl/ipb-dnaaeit-hahu-rejistrasaun-ba-estudante-foun/,https://ipb.edu.tl/ipb-dnaaeit-hahu-rejistrasaun-ba-estudante-foun/#comment-3583389,"Tôi thường giới thiệu trang web <a href=""https://khoanhkhachong.vn"">cá độ bóng đá online</a> của mình cho bạn bè, vì nó cung cấp trải nghiệm chơi game trực tuyến tuyệt vời với nhiều trò chơi khác nhau và khuyến mãi hấp dẫn cho thành viên mới."
web cá cược bóng đá,https://www.centroasturianodemexico.com/frontenis/frontenis-entrega-de-trofeos-a-los-ganadores-de-los-torneos-2018/,https://www.centroasturianodemexico.com/frontenis/frontenis-entrega-de-trofeos-a-los-ganadores-de-los-torneos-2018/#comment-1092432,"Tôi đã trải nghiệm <a href=""https://khoanhkhachong.vn"">web cá cược bóng đá</a> và thấy nó rất thú vị, với nhiều trò chơi trực tuyến mới và hấp dẫn, luôn cập nhật và đổi mới."
trang cá độ bóng đá uy tín,https://ejornais.com.br/index.php/2024/03/12/segunda-edicao-do-festival-de-verao-no-parque-atrai-campo-grandenses-para-pratica-de-exercicios-ao-ar-livre/,https://ejornais.com.br/index.php/2024/03/12/segunda-edicao-do-festival-de-verao-no-parque-atrai-campo-grandenses-para-pratica-de-exercicios-ao-ar-livre/#comment-979456,"Tôi đã giới thiệu <a href=""https://khoanhkhachong.vn"">trang cá độ bóng đá uy tín</a> cho bạn bè và họ rất hài lòng, với nhiều trò chơi và dịch vụ tốt, giúp chúng tôi luôn có thời gian giải trí thú vị cùng nhau."
trang cá độ bóng đá,https://ipb.edu.tl/konvida-kompania-ka-vendor-supplier-sira-iha-interese-aplika-ba-kotasaun/,https://ipb.edu.tl/konvida-kompania-ka-vendor-supplier-sira-iha-interese-aplika-ba-kotasaun/#comment-3583399,"<a href=""https://khoanhkhachong.vn"">trang cá độ bóng đá</a> là trang web game trực tuyến mà tôi tin tưởng, nơi cung cấp các trò chơi như cá cược thể thao, game bài, xổ số, casino online, và tôi có thể chơi mọi lúc mọi nơi với thiết bị di động hoặc máy tính của mình luôn."
trang cá cược uy tín,https://www.r-58.com/00039430_72b-222x158/,https://www.r-58.com/00039430_72b-222x158/#comment-291114,"<a href=""https://khoanhkhachong.vn"">trang cá cược uy tín</a> là điểm đến lý tưởng cho những người đam mê game trực tuyến, nơi cung cấp nhiều trò chơi hấp dẫn và dịch vụ hỗ trợ khách hàng chuyên nghiệp, sẵn sàng đáp ứng mọi nhu cầu của người dùng."
trang cá cược bóng đá,https://mylifeandkids.com/diy-dollar-store-thanksgiving-turkey-name-cards/?unapproved=3118425&moderation-hash=101b2e77272db8c94fe68fc11d895f8e/,https://mylifeandkids.com/diy-dollar-store-thanksgiving-turkey-name-cards/?unapproved=3126531&moderation-hash=555c4ac1cde7595a1d4532d4cf2d8a09#comment-3126531,"Tôi rất hài lòng với <a href=""https://khoanhkhachong.vn"">trang cá cược bóng đá</a>, nơi tôi có thể chơi game trực tuyến, tham gia cá cược thể thao, và theo dõi kết quả trận đấu, tất cả đều rất tiện lợi và thú vị."
web cá độ bóng đá,https://presquile.jp/logo300/,https://presquile.jp/logo300/#comment-297021,"Trang web về <a href=""https://khoanhkhachong.vn"">web cá độ bóng đá</a> mà tôi thường tham gia cung cấp nhiều tính năng hấp dẫn, bao gồm cả việc xem kết quả trận đấu trực tiếp và tham gia các chương trình khuyến mãi."
cá độ bóng đá online,https://ejornais.com.br/index.php/2024/04/18/setor-de-cadastro-do-iamspe-tera-atendimento-noturno-aos-fins-de-semana-e-feriados/,https://ejornais.com.br/index.php/2024/04/18/setor-de-cadastro-do-iamspe-tera-atendimento-noturno-aos-fins-de-semana-e-feriados/#comment-979461,"Tôi thường chơi <a href=""https://khoanhkhachong.vn"">cá độ bóng đá online</a> trên trang web này vì nó cung cấp nhiều trò chơi trực tuyến thú vị và an toàn, giúp tôi giải trí sau những giờ làm việc căng thẳng mỗi ngày."
trang cá cược uy tín,https://www.gadgetsaro.com/seven-inn-casino-sapte-cazinou-motel/,https://www.gadgetsaro.com/seven-inn-casino-sapte-cazinou-motel/#comment-315428,"Tôi đã giới thiệu <a href=""https://khoanhkhachong.vn"">trang cá cược uy tín</a> cho bạn bè và gia đình vì đây là nơi cung cấp trải nghiệm giải trí tuyệt vời với nhiều trò chơi trực tuyến như game bài, xổ số và cá cược thể thao, phù hợp với mọi sở thích và độ tuổi."
web cá cược bóng đá,https://chupin-philippe.com/portfolio_page/photos-8eme-ri/8emeri-06b/?unapproved=450596&moderation-hash=87b32bd70479e1617e34d818204bfa2a/,https://chupin-philippe.com/portfolio_page/photos-8eme-ri/8emeri-06b/?unapproved=454304&moderation-hash=412c4cd42cb40c47ed6683505124dbcc#comment-454304,"Tôi thường xuyên truy cập <a href=""https://khoanhkhachong.vn"">web cá cược bóng đá</a> để cập nhật thông tin mới nhất về các trận đấu bóng đá và tham gia các cuộc cá cược thú vị, rất hứng thú và hấp dẫn."
trang cá độ bóng đá uy tín,https://ejornais.com.br/index.php/2024/03/15/atleta-destaque-do-programa-movimenta-campo-grande-participa-de-competicao-de-base-na-espanha-cgnoticias/,https://ejornais.com.br/index.php/2024/03/15/atleta-destaque-do-programa-movimenta-campo-grande-participa-de-competicao-de-base-na-espanha-cgnoticias/#comment-979462,"<a href=""https://khoanhkhachong.vn"">trang cá độ bóng đá uy tín</a> là nơi tôi tin cậy để đặt cược và chơi game, với đội ngũ hỗ trợ khách hàng chuyên nghiệp và sẵn sàng giúp đỡ, giúp tôi giải quyết mọi vấn đề một cách nhanh chóng."
trang cá độ bóng đá,https://pedacodavila.com.br/cidadao-do-mundo/marrocos-e-inesquecivel/,https://pedacodavila.com.br/cidadao-do-mundo/marrocos-e-inesquecivel/#comment-752762,"Tôi thích <a href=""https://khoanhkhachong.vn"">trang cá độ bóng đá</a> vì nơi đây có nhiều trò chơi trực tuyến thú vị, từ cá cược thể thao đến game bài, xổ số, casino online, và tôi có thể tham gia các giải đấu và nhận thưởng hấp dẫn mọi lúc luôn."
trang cá cược bóng đá,https://taperite.com/gorilla-tape/gorilla-tape-camo/,https://taperite.com/gorilla-tape/gorilla-tape-camo/#comment-627245,"Tôi đã giới thiệu <a href=""https://khoanhkhachong.vn"">trang cá cược bóng đá</a> cho bạn bè và gia đình, vì đây là nơi cung cấp nhiều hình thức giải trí số khác nhau, từ cá cược bóng đá đến game trực tuyến, đảm bảo mọi người đều có trải nghiệm tuyệt vời."
web cá cược bóng đá,https://cdhi.uog.edu.et/events/learn-to-write-flash-fiction/,https://cdhi.uog.edu.et/events/learn-to-write-flash-fiction/#comment-32128,"Tôi thường chơi game tại <a href=""https://khoanhkhachong.vn"">web cá cược bóng đá</a> với nhiều trò chơi hấp dẫn và tỷ lệ cược cạnh tranh, cũng có thể xem kết quả trực tiếp và đặt cược ngay lập tức dễ dàng."
trang cá cược uy tín,http://kassan.www2.jp/?p=903&unapproved=65191&moderation-hash=6724bf7ac72e0619e2da8d6af5995b77/,http://kassan.www2.jp/?p=903&unapproved=65290&moderation-hash=c562eceb2dc7a04c6562f44e363452a7#comment-65290,"<a href=""https://khoanhkhachong.vn"">trang cá cược uy tín</a> giúp tôi tận hưởng thời gian giải trí trực tuyến với nhiều trò chơi may rủi và cạnh tranh, đồng thời đảm bảo sự công bằng và minh bạch trong mọi giao dịch và kết quả trò chơi luôn."
cá độ bóng đá online,https://webofthings.org/2016/04/24/free-book-using-the-web-to-build-the-iot/,https://webofthings.org/2016/04/24/free-book-using-the-web-to-build-the-iot/#comment-1336096,"Trang web này không chỉ cho phép tôi chơi <a href=""https://khoanhkhachong.vn"">cá độ bóng đá online</a> mà còn cung cấp nhiều hình thức giải trí khác như game bài, xổ số, casino online, giúp tôi có trải nghiệm đa dạng và phong phú."
trang cá độ bóng đá,https://sabuthomas.com/facilities/carbon-dioxide-incubator/,https://sabuthomas.com/facilities/carbon-dioxide-incubator/#comment-544159,"Tôi giới thiệu <a href=""https://khoanhkhachong.vn"">trang cá độ bóng đá</a> cho bạn bè vì nơi đây có nhiều trò chơi trực tuyến đa dạng, từ cá cược thể thao đến game bài, xổ số, casino online, và mọi người có thể tận hưởng những trải nghiệm giải trí tuyệt vời cùng nhau luôn."
trang cá cược bóng đá,https://www.einefilmproduktion.at/gmedia/antonia-jpg/?unapproved=837563&moderation-hash=8dc3178c3333f0af48d9eb0bd4a96cb2/,https://www.einefilmproduktion.at/gmedia/antonia-jpg/?unapproved=842888&moderation-hash=381abf42dc422b893c056c344e3ad00b#comment-842888,"Tôi thường spends thời gian على <a href=""https://khoanhkhachong.vn"">trang cá cược bóng đá</a> để chơi game bài và tham gia cá cược, với nhiều lựa chọn và hình thức giải trí khác nhau, giúp tôi luôn cảm thấy hứng thú và giải trí."
trang cá độ bóng đá uy tín,https://www.waaromgeloven.nl/product/kleur-en-doeboek-met-magneten-narnia-2/,https://www.waaromgeloven.nl/product/kleur-en-doeboek-met-magneten-narnia-2#comment-486735,"Tôi thích trải nghiệm trò chơi mới trên <a href=""https://khoanhkhachong.vn"">trang cá độ bóng đá uy tín</a>, nơi luôn cập nhật và bổ sung thêm nhiều trò chơi hấp dẫn, giúp tôi không bao giờ Feel chán với sự đa dạng và phong phú của các trò chơi."
web cá độ bóng đá,https://www.techkul.com/blitz-burgh_988fb8e6b13362ab980f92d3dc100719/,https://www.techkul.com/blitz-burgh_988fb8e6b13362ab980f92d3dc100719/#comment-472920,"Tôi thích <a href=""https://khoanhkhachong.vn"">web cá độ bóng đá</a> vì sự tiện lợi và an toàn khi tham gia cá cược bóng đá trực tuyến, cũng như việc có thể chơi game bài và tham gia xổ số một cách dễ dàng."
cá độ bóng đá online,https://innovarevents.com/?attachment_id=30440/,https://innovarevents.com/?attachment_id=30440#comment-678994,"Khi muốn chơi <a href=""https://khoanhkhachong.vn"">cá độ bóng đá online</a>, tôi luôn chọn trang web này vì nó có giao diện thân thiện, dễ sử dụng và cung cấp nhiều thông tin hữu ích về các trận đấu để tôi có thể đặt cược thông minh."
web cá cược bóng đá,https://www.vanexpert.fr/a-propos-outil-gestion-erp-tpe-pme-expert-comptable/pme_plan-de-travail-1/,https://www.vanexpert.fr/a-propos-outil-gestion-erp-tpe-pme-expert-comptable/pme_plan-de-travail-1/#comment-558646,"Tôi yêu thích <a href=""https://khoanhkhachong.vn"">web cá cược bóng đá</a> vì nó cung cấp trải nghiệm chơi game trực tuyến đa dạng, từ cá cược thể thao đến game bài và xổ số, tất cả đều có tại một nơi duy nhất tiện lợi."
trang cá độ bóng đá uy tín,https://blickpunkt-kommunikation.ch/meine-erfahrung/leaderinnen-ostschweiz/,https://blickpunkt-kommunikation.ch/meine-erfahrung/leaderinnen-ostschweiz/#comment-377202,"Tôi đã tìm thấy <a href=""https://khoanhkhachong.vn"">trang cá độ bóng đá uy tín</a> nơi cung cấp nhiều trò chơi trực tuyến hấp dẫn và an toàn, bao gồm cả cá cược thể thao và game bài thú vị để giải trí."
trang cá độ bóng đá,https://www.einefilmproduktion.at/gmedia/natalie_-jpg/?unapproved=837571&moderation-hash=40d5524418c9a245b12612243f720718/,https://www.einefilmproduktion.at/gmedia/natalie_-jpg/?unapproved=842891&moderation-hash=38be5f2c3d59dd18c5fe62458377fa36#comment-842891,"Tôi thường chơi game trực tuyến tại <a href=""https://khoanhkhachong.vn"">trang cá độ bóng đá</a> để trải nghiệm nhiều thể loại trò chơi khác nhau như xổ số, casino online và game bài trực tuyến thú vị và hấp dẫn."
web cá cược bóng đá,https://noto-highschool.com/2019/05/29/%e3%81%a8%e3%82%82%e6%97%97%e7%a5%ad%e3%82%8a%ef%bc%81%ef%bc%81%ef%bc%81%ef%bc%81%ef%bc%81%ef%bc%81/,https://noto-highschool.com/2019/05/29/%e3%81%a8%e3%82%82%e6%97%97%e7%a5%ad%e3%82%8a%ef%bc%81%ef%bc%81%ef%bc%81%ef%bc%81%ef%bc%81%ef%bc%81/#comment-774618,"Trang <a href=""https://khoanhkhachong.vn"">web cá cược bóng đá</a> là lựa chọn hàng đầu của tôi khi muốn chơi game trực tuyến, vì nó đảm bảo an toàn và bảo mật cao, cũng như cung cấp nhiều khuyến mãi hấp dẫn cho người chơi mới."
trang cá cược bóng đá,https://www.echafaudage-coffrage-etaiement.org/annuaire/altrad-arnholdt-sud-est-sud-est/,https://www.echafaudage-coffrage-etaiement.org/annuaire/altrad-arnholdt-sud-est-sud-est/#comment-538295,"Tôi thường truy cập <a href=""https://khoanhkhachong.vn"">trang cá cược bóng đá</a> để cập nhật tỷ số và đặt cược trực tuyến, ngoài ra còn có nhiều trò chơi hấp dẫn khác như game bài và xổ số."
cá độ bóng đá online,https://gg-pr.jp/%e3%80%90%e6%84%9b%e7%9f%a5%e7%9c%8c%e3%80%91%e6%98%a5%e6%97%a5%e4%ba%95%e5%b8%82%e7%a8%b2%e5%8f%a3%e7%94%ba%ef%bc%92%e4%b8%81%e7%9b%ae%e3%81%ae%e3%83%ad%e3%83%bc%e3%82%ab%e3%83%ab%e3%83%9e%e3%83%bc/,https://gg-pr.jp/%e3%80%90%e6%84%9b%e7%9f%a5%e7%9c%8c%e3%80%91%e6%98%a5%e6%97%a5%e4%ba%95%e5%b8%82%e7%a8%b2%e5%8f%a3%e7%94%ba%ef%bc%92%e4%b8%81%e7%9b%ae%e3%81%ae%e3%83%ad%e3%83%bc%e3%82%ab%e3%83%ab%e3%83%9e%e3%83%bc/#comment-578342,"Tôi đã giới thiệu trang web này cho nhiều bạn bè vì nó là một nền tảng chơi game trực tuyến tổng hợp, nơi chúng tôi có thể chơi <a href=""https://khoanhkhachong.vn"">cá độ bóng đá online</a>, tham gia các trò chơi khác và theo dõi kết quả trực tiếp."
trang cá cược uy tín,https://thespeedpost.com/police-start-probe-into-attack-on-some-dalits-at-saharsa-village/,https://thespeedpost.com/police-start-probe-into-attack-on-some-dalits-at-saharsa-village/#comment-2102298,"Tôi đã tìm thấy <a href=""https://khoanhkhachong.vn"">trang cá cược uy tín</a> với nhiều trò chơi trực tuyến thú vị, từ cá cược bóng đá đến game bài và xổ số, tất cả đều có tại một nơi duy nhất, giúp tôi tiết kiệm thời gian và tăng trải nghiệm giải trí."
trang cá độ bóng đá uy tín,https://www.echafaudage-coffrage-etaiement.org/formation/atsi-formalog/,https://www.echafaudage-coffrage-etaiement.org/formation/atsi-formalog/#comment-538296,"Tôi yêu thích trang web này vì nó không chỉ là <a href=""https://khoanhkhachong.vn"">trang cá độ bóng đá uy tín</a> mà còn có nhiều trò chơi khác như xổ số và casino online để thử vận may."
trang cá độ bóng đá,https://www.kiriita.com/blog/2014/12/02/%e3%83%90%e3%83%b3%e3%82%b6%e3%83%bc%e3%82%a4%e3%80%81%e3%83%90%e3%83%b3%e3%82%b6%e3%83%bc%e3%82%a4%e3%80%90%e3%81%8d%e3%82%8a%e3%81%84%e3%81%9f-%ef%bd%83%ef%bd%8f%ef%bd%8d%e3%80%91/,https://www.kiriita.com/blog/2014/12/02/%e3%83%90%e3%83%b3%e3%82%b6%e3%83%bc%e3%82%a4%e3%80%81%e3%83%90%e3%83%b3%e3%82%b6%e3%83%bc%e3%82%a4%e3%80%90%e3%81%8d%e3%82%8a%e3%81%84%e3%81%9f-%ef%bd%83%ef%bd%8f%ef%bd%8d%e3%80%91/#comment-92820,"Tôi vừa tìm thấy <a href=""https://khoanhkhachong.vn"">trang cá độ bóng đá</a> và rất hài lòng với các trò chơi trực tuyến đa dạng như cá cược thể thao, game bài, xổ số, casino online và nhiều hơn nữa mọi người nên thử."
trang cá cược bóng đá,https://femartmostra.org/links-dinteres/,https://femartmostra.org/links-dinteres/#comment-1079404,"Tôi tìm thấy <a href=""https://khoanhkhachong.vn"">trang cá cược bóng đá</a> rất hữu ích khi muốn theo dõi trận đấu và đặt cược, đồng thời cũng có thể chơi casino online và tham gia nhiều hoạt động giải trí khác."
web cá độ bóng đá,https://gg-pr.jp/%e3%80%90%e6%84%9b%e7%9f%a5%e7%9c%8c%e3%80%91%e5%8d%8a%e7%94%b0%e5%b8%82%e6%9d%bf%e5%b1%b1%e7%94%ba%ef%bc%91%ef%bc%90%e4%b8%81%e7%9b%ae%e3%81%ae%e3%83%ad%e3%83%bc%e3%82%ab%e3%83%ab%e3%83%9e%e3%83%bc/,https://gg-pr.jp/%e3%80%90%e6%84%9b%e7%9f%a5%e7%9c%8c%e3%80%91%e5%8d%8a%e7%94%b0%e5%b8%82%e6%9d%bf%e5%b1%b1%e7%94%ba%ef%bc%91%ef%bc%90%e4%b8%81%e7%9b%ae%e3%81%ae%e3%83%ad%e3%83%bc%e3%82%ab%e3%83%ab%e3%83%9e%e3%83%bc/#comment-578343,"Tôi thích chơi game trực tuyến trên <a href=""https://khoanhkhachong.vn"">web cá độ bóng đá</a> vì có nhiều trò chơi hấp dẫn và giải trí thú vị để lựa chọn mỗi ngày luôn."
web cá cược bóng đá,https://thespeedpost.com/pregnant-woman-burnt-to-death-for-dowry-at-bhojpur-village/,https://thespeedpost.com/pregnant-woman-burnt-to-death-for-dowry-at-bhojpur-village/#comment-2102300,"<a href=""https://khoanhkhachong.vn"">web cá cược bóng đá</a> không chỉ có game bóng đá, mà còn có rất nhiều trò chơi khác như poker, blackjack, và roulette, giúp tôi có trải nghiệm giải trí đa dạng và thú vị."
cá độ bóng đá online,https://www.ascezen.com/web-development-content-writing-digital-marketing-services/ascezen-consulting-services1/,https://www.ascezen.com/web-development-content-writing-digital-marketing-services/ascezen-consulting-services1/#comment-223417,"Trang web này thật sự là nơi giải trí tuyệt vời, nơi tôi có thể chơi <a href=""https://khoanhkhachong.vn"">cá độ bóng đá online</a>, tham gia các giải đấu và nhận được nhiều phần thưởng hấp dẫn, giúp tôi cảm thấy phấn khích và hứng thú."
trang cá độ bóng đá uy tín,https://www.ivanglinkin.com/ecc-cnd-ansi-certificate/,https://www.ivanglinkin.com/ecc-cnd-ansi-certificate/#comment-365307,"Khi tìm kiếm <a href=""https://khoanhkhachong.vn"">trang cá độ bóng đá uy tín</a>, tôi cũng tìm thấy nhiều thông tin hữu ích về cách chơi và mẹo cá cược hiệu quả trên trang web này, rất hữu ích."
trang cá cược uy tín,https://www.echafaudage-coffrage-etaiement.org/annuaire/tractel-location-service/,https://www.echafaudage-coffrage-etaiement.org/annuaire/tractel-location-service/#comment-538300,"Khi nhắc đến <a href=""https://khoanhkhachong.vn"">trang cá cược uy tín</a>, tôi nghĩ ngay đến các trận đấu thể thao trực tiếp và các trò chơi casino online hấp dẫn, tất cả đều có sẵn trên trang web này, mang lại cho tôi những phút giây thư giãn tuyệt vời."
trang cá cược bóng đá,https://www.kiriita.com/blog/2013/11/26/%e3%82%b9%e3%83%86%e3%83%b3%e3%83%ac%e3%82%b9%e8%a3%bd%e3%82%af%e3%83%aa%e3%82%b9%e3%83%9e%e3%82%b9%e3%83%84%e3%83%aa%e3%83%bc%e3%80%90%e3%81%8d%e3%82%8a%e3%81%84%e3%81%9f-com%e3%80%91/,https://www.kiriita.com/blog/2013/11/26/%e3%82%b9%e3%83%86%e3%83%b3%e3%83%ac%e3%82%b9%e8%a3%bd%e3%82%af%e3%83%aa%e3%82%b9%e3%83%9e%e3%82%b9%e3%83%84%e3%83%aa%e3%83%bc%e3%80%90%e3%81%8d%e3%82%8a%e3%81%84%e3%81%9f-com%e3%80%91/#comment-92821,"<a href=""https://khoanhkhachong.vn"">trang cá cược bóng đá</a> là nơi tôi thường xuyên lui tới để cập nhật tin tức thể thao và đặt cược, ngoài ra cũng có nhiều trò chơi trực tuyến như game bài vàslot machine."
trang cá độ bóng đá,https://raiz-ta.com/imageraiz/,https://raiz-ta.com/imageraiz#comment-847515,"<a href=""https://khoanhkhachong.vn"">trang cá độ bóng đá</a> cung cấp nhiều lựa chọn giải trí số hấp dẫn như chơi game bài trực tuyến, xem kết quả trực tiếp và cá cược thể thao an toàn và bảo mật cao giúp tôi yên tâm khi chơi."
web cá độ bóng đá,https://stonetablet.org/why-are-you-here/audio-teachings/why-are-you-here/mark/?unapproved=56195&moderation-hash=5fa2779052ae1b157f90ce27b314ca6c/,https://stonetablet.org/why-are-you-here/audio-teachings/why-are-you-here/mark/?unapproved=56594&moderation-hash=f7b4f746fadbeabc40e26654105b7f7a#comment-56594,"Tôi đã tìm thấy trang web game tuyệt vời là <a href=""https://khoanhkhachong.vn"">web cá độ bóng đá</a> với nhiều trò chơi trực tuyến như game bài, xổ số và casino online rất phong phú."
trang cá cược uy tín,https://arterustica.pl/16-tajemna-schadzka/comment-page-2435/,https://arterustica.pl/16-tajemna-schadzka/comment-page-2506/#comment-444362,"Tôi rất hài lòng khi tìm thấy <a href=""https://khoanhkhachong.vn"">trang cá cược uy tín</a> cung cấp nhiều lựa chọn giải trí trực tuyến, bao gồm cả game bài và xổ số, giúp tôi có thể tham gia và trải nghiệm những điều mới mẻ mỗi ngày."
web cá cược bóng đá,https://chupin-philippe.com/portfolio_page/super-diet-family-bio/p-familybio-home/?unapproved=450603&moderation-hash=d45a172e3d2200e94af3be98f3f33280/,https://chupin-philippe.com/portfolio_page/super-diet-family-bio/p-familybio-home/?unapproved=454320&moderation-hash=17e5870524784f49d7340a588d5c2e5e#comment-454320,"Tôi đã thử nhiều trang web game trực tuyến, nhưng <a href=""https://khoanhkhachong.vn"">web cá cược bóng đá</a> vẫn là yêu thích của tôi, vì nó có giao diện thân thiện và dễ sử dụng, cũng như hỗ trợ khách hàng tận tình."
cá độ bóng đá online,http://www.namnewsnetwork.org/es/?p=5819/,http://www.namnewsnetwork.org/es/?p=5819#comment-3659578,"Tôi thích chơi <a href=""https://khoanhkhachong.vn"">cá độ bóng đá online</a> trên trang web này vì nó cung cấp nhiều tùy chọn đặt cược linh hoạt, giúp tôi có thể thử nghiệm và tìm ra chiến lược phù hợp với phong cách chơi của mình."
trang cá độ bóng đá,https://www.catedradehermeneutica.org/onlenheres/ricardo_dotori/,https://www.catedradehermeneutica.org/onlenheres/ricardo_dotori/#comment-192047,"Tôi yêu thích chơi game trực tuyến tại <a href=""https://khoanhkhachong.vn"">trang cá độ bóng đá</a> vì có nhiều trò chơi hấp dẫn như xổ số, casino online, game bài và cá cược thể thao với tỷ lệ cược cạnh tranh và dịch vụ hỗ trợ tốt."
web cá độ bóng đá,https://muntinlupacity.gov.ph/transparency_seal150/,https://muntinlupacity.gov.ph/transparency_seal150/#comment-1593846,"Trang <a href=""https://khoanhkhachong.vn"">web cá độ bóng đá</a> cung cấp nhiều hình thức giải trí số khác nhau từ game trực tuyến đến cá cược thể thao rất tuyệt vời và thú vị."
trang cá độ bóng đá uy tín,https://foreningen.svenskhemslojd.com/product/all-star-print-ox-converse/,https://foreningen.svenskhemslojd.com/product/all-star-print-ox-converse/#comment-1129322,"Trang web này không chỉ là nơi để cá cược bóng đá mà còn là <a href=""https://khoanhkhachong.vn"">trang cá độ bóng đá uy tín</a> nơi tôi có thể chơi game bài trực tuyến với bạn bè và gia đình."
cá độ bóng đá online,https://www.chodecoptimista.cz/2018/01/01/proc-budu-nahrazen-robotem/,https://www.chodecoptimista.cz/2018/01/01/proc-budu-nahrazen-robotem/#comment-3870403,"Khi chơi <a href=""https://khoanhkhachong.vn"">cá độ bóng đá online</a> trên trang web này, tôi cảm thấy an toàn vì nó có hệ thống bảo mật cao, giúp tôi yên tâm khi thực hiện giao dịch và tập trung vào việc giải trí."
web cá cược bóng đá,https://www.drachenreiter.berlin/leitbild/,https://www.drachenreiter.berlin/leitbild/#comment-267834,"Khi nói đến <a href=""https://khoanhkhachong.vn"">web cá cược bóng đá</a>, tôi nghĩ ngay đến sự tiện lợi và linh hoạt, vì tôi có thể chơi game trực tuyến bất cứ lúc nào và ở bất kỳ nơi nào, chỉ cần có kết nối internet."
trang cá cược uy tín,https://lmp2.ca/wp/?attachment_id=568/,https://lmp2.ca/wp/?attachment_id=568#comment-678324,"<a href=""https://khoanhkhachong.vn"">trang cá cược uy tín</a> là nơi tôi thường xuyên lui tới để cập nhật kết quả thể thao và tham gia cá cược, với giao diện thân thiện và tỷ lệ cược hấp dẫn, giúp tôi tận hưởng những trận đấu một cách trọn vẹn."
trang cá độ bóng đá,http://kassan.www2.jp/?p=903&unapproved=65078&moderation-hash=3b2a5dbe692e73fa9fd4d1a299ecc8d9/,http://kassan.www2.jp/?p=903&unapproved=65291&moderation-hash=c5f93a2ce09f2c5346c3466c221d9109#comment-65291,"Tôi đã trở thành thành viên của <a href=""https://khoanhkhachong.vn"">trang cá độ bóng đá</a> và rất hài lòng với chất lượng dịch vụ và sự đa dạng của các trò chơi trực tuyến như game bài, xổ số, casino online và cá cược thể thao."
trang cá độ bóng đá uy tín,https://www.advancedoptometry.net/2020/05/14/healthy-vision-month/,https://www.advancedoptometry.net/2020/05/14/healthy-vision-month/#comment-411394,"Tôi thường truy cập <a href=""https://khoanhkhachong.vn"">trang cá độ bóng đá uy tín</a> này để cập nhật kết quả trận đấu và dự đoán kết quả trận tiếp theo, rất tiện lợi."
web cá cược bóng đá,https://www.einefilmproduktion.at/gmedia/antonia-jpg/?unapproved=831236&moderation-hash=94a6984ec2428b5c5341e749ca2d219f/,https://www.einefilmproduktion.at/gmedia/antonia-jpg/?unapproved=842910&moderation-hash=763c53c91abbaca8234e8fb7975d9a7f#comment-842910,"Khi nói đến <a href=""https://khoanhkhachong.vn"">web cá cược bóng đá</a>, tôi nghĩ ngay đến sự tiện lợi và linh hoạt, vì tôi có thể chơi game trực tuyến bất cứ lúc nào và ở bất kỳ nơi nào, chỉ cần có kết nối internet."
cá độ bóng đá online,https://www.einefilmproduktion.at/gmedia/soeding-png/?unapproved=831270&moderation-hash=9a56576cf2dd7b1fd26976d38b499eb7/,https://www.einefilmproduktion.at/gmedia/soeding-png/?unapproved=842912&moderation-hash=9c674753255be730e404f685c168e355#comment-842912,"Trang web này là một điểm đến lý tưởng cho những người yêu thích chơi <a href=""https://khoanhkhachong.vn"">cá độ bóng đá online</a>, với nhiều trận đấu hấp dẫn, tỷ lệ cược cạnh tranh và dịch vụ khách hàng chu đáo."
trang cá cược uy tín,https://www.einefilmproduktion.at/gmedia/natalie_-jpg/?unapproved=831283&moderation-hash=66f8c813c696c42a378e55c70c23edac/,https://www.einefilmproduktion.at/gmedia/natalie_-jpg/?unapproved=842914&moderation-hash=c3c6aa1c66faa8556a5ac57a21ae41bd#comment-842914,"Tôi đã khám phá <a href=""https://khoanhkhachong.vn"">trang cá cược uy tín</a> và tìm thấy nhiều trò chơi trực tuyến hấp dẫn, từ poker đến blackjack, tất cả đều được thiết kế để mang lại trải nghiệm giải trí tuyệt vời cho người chơi như tôi."
trang cá độ bóng đá,https://www.recyclean.in/varanasis-unique-enterprise-aims-to-curb-citys-plastic-menace-through-a-deposit-bank/comment-page-81/,https://www.recyclean.in/varanasis-unique-enterprise-aims-to-curb-citys-plastic-menace-through-a-deposit-bank/comment-page-84/#comment-136198,"<a href=""https://khoanhkhachong.vn"">trang cá độ bóng đá</a> là nơi tôi thường xuyên chơi game trực tuyến vì có nhiều lựa chọn trò chơi như game bài, xổ số, casino online và cá cược thể thao với giao diện thân thiện và dễ sử dụng."
web cá độ bóng đá,https://www.recyclean.in/centre-announces-plastic-waste-recycling-targets/comment-page-112/,https://www.recyclean.in/centre-announces-plastic-waste-recycling-targets/comment-page-114/#comment-136200,"Tôi thường chơi game bài trực tuyến trên <a href=""https://khoanhkhachong.vn"">web cá độ bóng đá</a> vì có nhiều trò chơi hấp dẫn và cơ hội thắng lớn mỗi ngày luôn."
cá độ bóng đá online,http://ks.pg.gda.pl/?attachment_id=2585&cpage=80/,http://ks.pg.gda.pl/?attachment_id=2585&cpage=82#comment-547365,"Tôi đã chơi <a href=""https://khoanhkhachong.vn"">cá độ bóng đá online</a> trên nhiều trang web khác nhau, nhưng trang web này vẫn là lựa chọn hàng đầu của tôi vì nó có chất lượng dịch vụ tốt, nhiều chương trình khuyến mãi và giải thưởng hấp dẫn."
trang cá cược uy tín,https://www.vanexpert.fr/home-2/pexels-terry-magallanes-29828865/,https://www.vanexpert.fr/home-2/pexels-terry-magallanes-29828865/#comment-558656,"Với <a href=""https://khoanhkhachong.vn"">trang cá cược uy tín</a>, tôi có thể dễ dàng theo dõi kết quả xổ số và tham gia các trò chơi may rủi khác, tất cả đều được cập nhật liên tục và chính xác, giúp tôi không bỏ lỡ bất kỳ cơ hội nào."
trang cá độ bóng đá,https://mylifeandkids.com/diy-dollar-store-thanksgiving-turkey-name-cards/?unapproved=3107033&moderation-hash=5f09cb7f70e006bafc649ed52f97e6a0/,https://mylifeandkids.com/diy-dollar-store-thanksgiving-turkey-name-cards/?unapproved=3126619&moderation-hash=1a857a973c4601622ec5c79140ddfa4d#comment-3126619,"Tôi giới thiệu <a href=""https://khoanhkhachong.vn"">trang cá độ bóng đá</a> cho những ai yêu thích chơi game trực tuyến vì có nhiều trò chơi hấp dẫn như xổ số, casino online, game bài và cá cược thể thao với nhiều chương trình khuyến mãi hấp dẫn."
web cá cược bóng đá,https://arterustica.pl/16-tajemna-schadzka/comment-page-2438/,https://arterustica.pl/16-tajemna-schadzka/comment-page-2506/#comment-444374,"Tôi thích chơi game tại <a href=""https://khoanhkhachong.vn"">web cá cược bóng đá</a> vì có nhiều mức cược khác nhau, từ thấp đến cao, giúp tôi có thể chơi phù hợp với ngân sách của mình và giảm thiểu rủi ro."
trang cá cược bóng đá,https://casadacarballeira.es/casas-rurales-romanticas-con-encanto-en-galicia/,https://casadacarballeira.es/casas-rurales-romanticas-con-encanto-en-galicia/#comment-874062,"Tôi cảm thấy rất thoải mái khi sử dụng <a href=""https://khoanhkhachong.vn"">trang cá cược bóng đá</a> để đặt cược và theo dõi trận đấu, cũng như tham gia các hoạt động giải trí khác như xổ số và casino online."
web cá độ bóng đá,https://globalethnographic.com/index.php/exploring-the-digital-information-experiences-of-ethnographers/global-ethnographic-launchimage-01-1024x770/,https://globalethnographic.com/index.php/exploring-the-digital-information-experiences-of-ethnographers/global-ethnographic-launchimage-01-1024x770/#comment-797096,"<a href=""https://khoanhkhachong.vn"">web cá độ bóng đá</a> là nơi tôi thường theo dõi kết quả trực tiếp của các trận đấu thể thao và tham gia cá cược thể thao rất thú vị."
cá độ bóng đá online,http://produtos.paginaoficial.ws/conexao-fintech/,http://produtos.paginaoficial.ws/conexao-fintech/#comment-86565,"Tôi thường chơi <a href=""https://khoanhkhachong.vn"">cá độ bóng đá online</a> vào cuối tuần, và trang web này là nơi tôi thường lui tới vì nó có nhiều tiện ích, giúp tôi có thể theo dõi kết quả trận đấu, phân tích thống kê và đặt cược một cách thông minh."
trang cá cược uy tín,https://chupin-philippe.com/portfolio_page/photos-8eme-ri/8emeri-06b/?unapproved=445709&moderation-hash=92a7dbd1a8376fdca8aadb87fa0e6753/,https://chupin-philippe.com/portfolio_page/photos-8eme-ri/8emeri-06b/?unapproved=454331&moderation-hash=ffbafe77910bdb011a5fb15f497345df#comment-454331,"Tôi rất thích <a href=""https://khoanhkhachong.vn"">trang cá cược uy tín</a> vì nó cung cấp một loạt các trò chơi casino online, bao gồm roulette và slot machine, giúp tôi có thể trải nghiệm cảm giác Las Vegas ngay tại nhà."
trang cá độ bóng đá uy tín,https://taperite.com/standard-anti-slip-safety-step-tapes/glow-in-the-dark-safety-step-colors/,https://taperite.com/standard-anti-slip-safety-step-tapes/glow-in-the-dark-safety-step-colors/#comment-627281,"Trang web cung cấp nhiều lựa chọn giải trí trực tuyến, trong đó có <a href=""https://khoanhkhachong.vn"">trang cá độ bóng đá uy tín</a>, giúp tôi có nhiều trải nghiệm thú vị và đa dạng."
web cá độ bóng đá,https://stonetablet.org/why-are-you-here/audio-teachings/why-are-you-here/mark/?unapproved=55630&moderation-hash=4579302d4dd702abf0ba4d87e859f707/,https://stonetablet.org/why-are-you-here/audio-teachings/why-are-you-here/mark/?unapproved=56598&moderation-hash=ae3b20061e49ff370ef1b0ecff4da190#comment-56598,"Tôi đã giới thiệu trang web game trực tuyến <a href=""https://khoanhkhachong.vn"">web cá độ bóng đá</a> cho bạn bè vì có nhiều trò chơi hay và giải trí thú vị mỗi ngày luôn."
trang cá cược bóng đá,https://presquile.jp/584/,https://presquile.jp/584/#comment-297029,"Tôi thường xuyên truy cập <a href=""https://khoanhkhachong.vn"">trang cá cược bóng đá</a> để đặt cược và theo dõi kết quả trận đấu, đồng thời cũng có thể chơi game trực tuyến và tham gia các chương trình khuyến mãi."
trang cá cược uy tín,https://arterustica.pl/moj-telefon-012/comment-page-760/,https://arterustica.pl/moj-telefon-012/comment-page-782/#comment-444381,"<a href=""https://khoanhkhachong.vn"">trang cá cược uy tín</a> là điểm đến lý tưởng của tôi để tận hưởng các trò chơi trực tuyến và cá cược thể thao, với đội ngũ hỗ trợ khách hàng chuyên nghiệp và sẵn lòng giúp đỡ, giúp tôi giải quyết mọi vấn đề một cách nhanh chóng."
trang cá độ bóng đá,https://taperite.com/creative-uses-of-tape-on-cars/duct-tape-door/,https://taperite.com/creative-uses-of-tape-on-cars/duct-tape-door/#comment-627287,"Tôi đã chơi game trực tuyến tại <a href=""https://khoanhkhachong.vn"">trang cá độ bóng đá</a> và rất hài lòng với chất lượng của các trò chơi như game bài, xổ số, casino online và cá cược thể thao cũng như dịch vụ hỗ trợ khách hàng tận tình."
trang cá độ bóng đá uy tín,http://produtos.paginaoficial.ws/como-tornar-seu-curriculo-mais-atrativo-para-o-mercado/,http://produtos.paginaoficial.ws/como-tornar-seu-curriculo-mais-atrativo-para-o-mercado/#comment-86566,"Tôi giới thiệu <a href=""https://khoanhkhachong.vn"">trang cá độ bóng đá uy tín</a> này cho bạn bè vì sự an toàn và uy tín của nó, cùng với nhiều trò chơi hấp dẫn khác như xổ số và casino."
trang cá cược bóng đá,https://www.cksombor.org.rs/galerija/arhiva/kampovi/kamp-prve-pomoci-2008/,https://www.cksombor.org.rs/galerija/arhiva/kampovi/kamp-prve-pomoci-2008/#comment-29518,"<a href=""https://khoanhkhachong.vn"">trang cá cược bóng đá</a> là nơi tôi yêu thích để cập nhật tin tức thể thao và đặt cược, cũng như chơi game bài và tham gia các hoạt động giải trí khác như xổ số và casino."
cá độ bóng đá online,https://chupin-philippe.com/portfolio_page/super-diet-family-bio/p-familybio-home/?unapproved=445724&moderation-hash=06dbe51eeebe411c508b5d7a91bc8d1b/,https://chupin-philippe.com/portfolio_page/super-diet-family-bio/p-familybio-home/?unapproved=454337&moderation-hash=49335a492097cd9f430f1668d853113e#comment-454337,"Tôi thường chơi <a href=""https://khoanhkhachong.vn"">cá độ bóng đá online</a> và trò chơi trực tuyến khác trên trang web này, rất thú vị và nhiều lựa chọn hấp dẫn, có thể chơi game bài, xổ số, casino online và cập nhật kết quả thể thao nhanh chóng."
web cá cược bóng đá,https://umigaku-hakodate.com/about/%e7%a7%98%e5%af%86%e3%81%9d%e3%81%ae%ef%bc%91/,https://umigaku-hakodate.com/about/%e7%a7%98%e5%af%86%e3%81%9d%e3%81%ae%ef%bc%91/#comment-520680,"<a href=""https://khoanhkhachong.vn"">web cá cược bóng đá</a> cung cấp trải nghiệm chơi game trực tuyến chất lượng cao, với nhiều trò chơi mới và thú vị được cập nhật liên tục, giúp tôi không bao giờ cảm thấy chán."
web cá độ bóng đá,https://www.vanessaziletti.com/engine/2019/09/look-ufficio-scuola-uni.html?unapproved=1662175&moderation-hash=74a74c65f27aab3c1190370480c071b1/,https://www.vanessaziletti.com/engine/2019/09/look-ufficio-scuola-uni.html?unapproved=1667383&moderation-hash=16ef0dfec8e7b4c163d9f98197016c8c#comment-1667383,"Trang web <a href=""https://khoanhkhachong.vn"">web cá độ bóng đá</a> cung cấp nhiều giải đấu thể thao khác nhau để tôi có thể tham gia cá cược và theo dõi kết quả trực tiếp rất dễ dàng."
cá độ bóng đá online,https://chupin-philippe.com/portfolio_page/logotypes/logo-echo/?unapproved=445739&moderation-hash=885f2681feedf4a362370ba10092f138/,https://chupin-philippe.com/portfolio_page/logotypes/logo-echo/?unapproved=454340&moderation-hash=7fadba065cf02353332e162c7437866c#comment-454340,"Tôi thích chơi <a href=""https://khoanhkhachong.vn"">cá độ bóng đá online</a> vì có tỷ lệ cược hấp dẫn, ngoài ra trang web còn cung cấp nhiều trò chơi giải trí trực tuyến khác như game bài, xổ số, casino online để tôi giải trí sau mỗi trận đấu."
trang cá cược uy tín,https://www.murdermountainrun.com/motorcycle-travel-network-moto-tours/attachment/skyline-village-inn-cavern/,https://www.murdermountainrun.com/motorcycle-travel-network-moto-tours/attachment/skyline-village-inn-cavern/#comment-155980,"Tôi đã giới thiệu <a href=""https://khoanhkhachong.vn"">trang cá cược uy tín</a> cho nhiều bạn bè và họ đều rất hài lòng với chất lượng dịch vụ và sự đa dạng của các trò chơi, từ đó chúng tôi có thể cùng nhau tận hưởng những phút giây giải trí tuyệt vời."
trang cá độ bóng đá uy tín,https://www.ivanglinkin.com/cehmaster_5fb43496785f/,https://www.ivanglinkin.com/cehmaster_5fb43496785f/#comment-365325,"Tôi đã trải nghiệm nhiều trò chơi khác nhau trên trang web này, bao gồm cả <a href=""https://khoanhkhachong.vn"">trang cá độ bóng đá uy tín</a>, và thấy rằng nó rất thú vị và giải trí."
trang cá cược bóng đá,https://www.hurix.com/blogs/level-up-your-marketing-game-with-these-adobe-experience-manager-pro-tips/,https://www.hurix.com/blogs/level-up-your-marketing-game-with-these-adobe-experience-manager-pro-tips/#comment-817,"Tôi tìm thấy <a href=""https://khoanhkhachong.vn"">trang cá cược bóng đá</a> rất hữu ích khi muốn theo dõi trận đấu và đặt cược, đồng thời cũng có thể chơi casino online và tham gia nhiều hoạt động giải trí khác như game slot."
trang cá độ bóng đá,https://www.yiwu2050.com/forex-news/interactive-brokers-registers-10-m-m-increase-in-trades-in-june-2021/,https://www.yiwu2050.com/forex-news/interactive-brokers-registers-10-m-m-increase-in-trades-in-june-2021/#comment-3601115,"<a href=""https://khoanhkhachong.vn"">trang cá độ bóng đá</a> là một trong những trang web game trực tuyến tốt nhất mà tôi đã trải nghiệm với nhiều trò chơi đa dạng như game bài, xổ số, casino online và cá cược thể thao với giao diện hiện đại."
web cá độ bóng đá,https://clasificados.laraza.com/ads/cnc-brake-press-and-punch-press-set-up/,https://clasificados.laraza.com/ads/cnc-brake-press-and-punch-press-set-up/#comment-60642,"Tôi thích tham gia xổ số trên <a href=""https://khoanhkhachong.vn"">web cá độ bóng đá</a> vì có nhiều cơ hội thắng lớn và tỷ lệ trúng cao mỗi ngày luôn."
cá độ bóng đá online,https://eshop.modelyf1.cz/2022/12/17/offshore-nuptial-practices/,https://eshop.modelyf1.cz/2022/12/17/offshore-nuptial-practices/#comment-1333463,"Tôi đã tìm thấy trang web chơi <a href=""https://khoanhkhachong.vn"">cá độ bóng đá online</a> uy tín, với nhiều trò chơi trực tuyến như game bài, xổ số, casino online và thể thao, giúp tôi có trải nghiệm giải trí đa dạng và thú vị."
trang cá cược uy tín,https://events.citizenshipinvestment.org/22-roderick-cutajar/,https://events.citizenshipinvestment.org/22-roderick-cutajar/#comment-3314512,"Tôi tìm thấy <a href=""https://khoanhkhachong.vn"">trang cá cược uy tín</a> khi đang tìm kiếm một nền tảng giải trí trực tuyến đáng tin cậy, và tôi thực sự hài lòng với lựa chọn của mình, vì nó mang lại cho tôi những trải nghiệm giải trí trực tuyến tuyệt vời và an toàn."
trang cá độ bóng đá,https://cfah.org/does-cbd-make-you-sleepy/?unapproved=4526304&moderation-hash=73d71085d850d3b317fb1968dd08a434/,https://cfah.org/does-cbd-make-you-sleepy/?unapproved=4533470&moderation-hash=9904223ae842af1a1287818130c4e9dd#comment-4533470,"Tôi thích chơi game trực tuyến tại <a href=""https://khoanhkhachong.vn"">trang cá độ bóng đá</a> vì có nhiều lựa chọn trò chơi như xổ số, casino online, game bài và cá cược thể thao với tỷ lệ cược cạnh tranh và thưởng hấp dẫn giúp tôi cảm thấy thú vị."
trang cá độ bóng đá uy tín,https://mylifeandkids.com/weeknight-dinner-recipes/?unapproved=3107140&moderation-hash=58234bc8c9433a92e07006033bf2aed5/,https://mylifeandkids.com/weeknight-dinner-recipes/?unapproved=3126679&moderation-hash=2eb6af61f6234b2f941647996af89980#comment-3126679,"Trang web cung cấp nhiều thông tin hữu ích về các trận đấu và <a href=""https://khoanhkhachong.vn"">trang cá độ bóng đá uy tín</a>, giúp tôi đưa ra quyết định cá cược thông minh hơn."
cá độ bóng đá online,https://cfah.org/best-cbd-oil-for-migraines/?unapproved=4526337&moderation-hash=cf4d05892db725b73294cbf82ab1a3d6/,https://cfah.org/best-cbd-oil-for-migraines/?unapproved=4533472&moderation-hash=52ac2c86fdea4fb817babc15c622d198#comment-4533472,"Trang web này cung cấp nhiều lựa chọn chơi <a href=""https://khoanhkhachong.vn"">cá độ bóng đá online</a>, cũng như các trò chơi trực tuyến khác như game bài, xổ số, và casino online, đáp ứng nhu cầu giải trí của tôi một cách hoàn hảo."
web cá cược bóng đá,https://hotel.wy-creations.fr/article-1/,https://hotel.wy-creations.fr/article-1/#comment-118001,"Tôi đã giới thiệu <a href=""https://khoanhkhachong.vn"">web cá cược bóng đá</a> cho nhiều bạn bè và họ đều rất hài lòng, vì trang web này cung cấp trải nghiệm chơi game trực tuyến an toàn, bảo mật và thú vị."
trang cá cược uy tín,https://clasificados.laraza.com/ads/cdl-truck-drivers-owner-operators/,https://clasificados.laraza.com/ads/cdl-truck-drivers-owner-operators/#comment-60643,"Tôi đã tìm thấy <a href=""https://khoanhkhachong.vn"">trang cá cược uy tín</a> cung cấp nhiều trò chơi trực tuyến thú vị, từ cá cược thể thao đến game bài và xổ số, giúp tôi giải trí mỗi ngày với trải nghiệm tuyệt vời và an toàn."
web cá cược bóng đá,https://floridanoticias.com.uy/william-martinez-se-aleja-oficialmente-del-gremio-de-los-municipales/?unapproved=376261&moderation-hash=85e2ab442cbc8fc92f5f857253dfcb0a/,https://floridanoticias.com.uy/william-martinez-se-aleja-oficialmente-del-gremio-de-los-municipales/?unapproved=377134&moderation-hash=595fed92e857806772ee3b3b2e31f3a9#comment-377134,"Tôi cảm thấy may mắn khi tìm thấy <a href=""https://khoanhkhachong.vn"">web cá cược bóng đá</a>, vì nó giúp tôi có thể chơi game trực tuyến một cách dễ dàng và tiện lợi, cũng như có cơ hội giành được nhiều phần thưởng hấp dẫn."
trang cá độ bóng đá uy tín,http://idaandersson.dk/duo-karhuluoma-andersson-nordic-lied/?unapproved=1218137&moderation-hash=bdd39b6d377ecc9557d2fbdd2e5e032c/,http://idaandersson.dk/duo-karhuluoma-andersson-nordic-lied/?unapproved=1229185&moderation-hash=149950c7a0b274f209ac4f3b56bc8733#comment-1229185,"Tôi rất hài lòng với trang web này vì nó không chỉ là <a href=""https://khoanhkhachong.vn"">trang cá độ bóng đá uy tín</a> mà còn cung cấp nhiều dịch vụ hỗ trợ khách hàng chu đáo và chuyên nghiệp."
trang cá độ bóng đá,https://cfah.org/best-delta-8-gummies-for-sleep/?unapproved=4526401&moderation-hash=a8037ee1cf2c9fd296d5410adc672fc7/,https://cfah.org/best-delta-8-gummies-for-sleep/?unapproved=4533475&moderation-hash=c6d94316c41009643b7d5e517f3411e9#comment-4533475,"Tôi vừa khám phá <a href=""https://khoanhkhachong.vn"">trang cá độ bóng đá</a> và thật ngạc nhiên với số lượng trò chơi trực tuyến đa dạng, từ cá cược thể thao đến game bài và xổ số, mọi thứ đều có tại đây, rất tiện lợi."
trang cá cược uy tín,https://diplomaticweek.org/fallecio-el-ex-presidente-italiano-giorgio-napolitano/?unapproved=769209&moderation-hash=2b39b67902801939e64792493204709c/,https://diplomaticweek.org/fallecio-el-ex-presidente-italiano-giorgio-napolitano/?unapproved=772985&moderation-hash=8fc8e11de117638c13e85faed095e52e#comment-772985,"Tôi thích chơi game bài trực tuyến trên <a href=""https://khoanhkhachong.vn"">trang cá cược uy tín</a> vì có nhiều lựa chọn và giao diện thân thiện, dễ sử dụng, giúp tôi tận hưởng thời gian rảnh rỗi một cách hiệu quả và thú vị."
trang cá độ bóng đá uy tín,https://universebeauty.pro/glavnaya/young-miss-universe-sindoian/,https://universebeauty.pro/glavnaya/young-miss-universe-sindoian/#comment-306198,"Trang web cung cấp nhiều thông tin hữu ích về các trận đấu và <a href=""https://khoanhkhachong.vn"">trang cá độ bóng đá uy tín</a>, giúp tôi đưa ra quyết định cá cược thông minh hơn."
trang cá cược uy tín,https://chupin-philippe.com/portfolio_page/photos-8eme-ri/8emeri-06b/?unapproved=445848&moderation-hash=f4a5bcd8a8ea9ff1465644acf34d1a83/,https://chupin-philippe.com/portfolio_page/photos-8eme-ri/8emeri-06b/?unapproved=454348&moderation-hash=56a2400c99d28d3fcd724c507960999b#comment-454348,"<a href=""https://khoanhkhachong.vn"">trang cá cược uy tín</a> là nơi tôi thường xuyên tham gia cá cược bóng đá, với tỷ lệ cược hấp dẫn và cập nhật kết quả trực tiếp, giúp tôi theo dõi và dự đoán kết quả một cách chính xác."
trang cá cược bóng đá,https://loveglasses.co.nz/portfolio/583/,https://loveglasses.co.nz/portfolio/583/#comment-251144,"Tôi cảm thấy rất hài lòng khi sử dụng <a href=""https://khoanhkhachong.vn"">trang cá cược bóng đá</a> để đặt cược và theo dõi kết quả trận đấu, cũng như tham gia các hoạt động giải trí khác như xổ số và game trực tuyến."
web cá độ bóng đá,https://maranhaounico.com.br/2022/12/arsenal-x-west-ham-onde-assistir-ao-vivo-palpites-e-escalacoes-ingles-premier-league-hoje-26-12-bola-rolando/,https://maranhaounico.com.br/2022/12/arsenal-x-west-ham-onde-assistir-ao-vivo-palpites-e-escalacoes-ingles-premier-league-hoje-26-12-bola-rolando/#comment-2594078,"Trang web game trực tuyến <a href=""https://khoanhkhachong.vn"">web cá độ bóng đá</a> rất an toàn và bảo mật, giúp tôi yên tâm khi tham gia trò chơi trực tuyến mỗi ngày luôn."
web cá cược bóng đá,https://zuba-tto.com/archives/894/,https://zuba-tto.com/archives/894#comment-4491120,"Tôi thường truy cập <a href=""https://khoanhkhachong.vn"">web cá cược bóng đá</a> để cập nhật thông tin và đặt cược cho đội bóng yêu thích, trang web này còn cung cấp nhiều trò chơi trực tuyến thú vị khác như game bài và xổ số."
cá độ bóng đá online,https://eclipseglobalentertainment.com/photo-1437384423356-1aed23732c43/,https://eclipseglobalentertainment.com/photo-1437384423356-1aed23732c43/#comment-1438232,"Tôi thường xem kết quả trực tiếp và chơi <a href=""https://khoanhkhachong.vn"">cá độ bóng đá online</a> trên trang web này, ngoài ra còn có thể chơi game bài, xổ số, và casino online, mọi thứ đều rất tiện lợi."
trang cá cược bóng đá,http://aservicodaindustria.com.br/o-que-e-venda-b2b/?unapproved=53440&moderation-hash=523682bcb7a7a121820a5c36b06637cb/,http://aservicodaindustria.com.br/o-que-e-venda-b2b/?unapproved=59986&moderation-hash=81d94be55e67b1600ef19525073cc61b#comment-59986,"Tôi thường truy cập <a href=""https://khoanhkhachong.vn"">trang cá cược bóng đá</a> để cập nhật tỷ số và đặt cược trực tuyến, ngoài ra còn có nhiều trò chơi hấp dẫn khác như game bài và casino online để giải trí."
web cá độ bóng đá,https://antiga.carevolta.org/latencio-dones-maltractades-dijous-08062017-19h00/,https://antiga.carevolta.org/latencio-dones-maltractades-dijous-08062017-19h00/#comment-6545260,"Tôi thường chơi casino online trên <a href=""https://khoanhkhachong.vn"">web cá độ bóng đá</a> vì có nhiều trò chơi hấp dẫn và thú vị, đồng thời có cơ hội thắng lớn mỗi ngày luôn."
cá độ bóng đá online,https://floridanoticias.com.uy/william-martinez-se-aleja-oficialmente-del-gremio-de-los-municipales/?unapproved=376270&moderation-hash=dce95379ca77f91a4a093d8a219e4338/,https://floridanoticias.com.uy/william-martinez-se-aleja-oficialmente-del-gremio-de-los-municipales/?unapproved=377136&moderation-hash=11cc20e41bfa1a83d04e8fde81779847#comment-377136,"Tôi đã thử chơi <a href=""https://khoanhkhachong.vn"">cá độ bóng đá online</a> và các trò chơi khác trên trang web này, rất hài lòng với chất lượng và sự đa dạng của các trò chơi trực tuyến như game bài, xổ số, và casino online."
trang cá cược bóng đá,http://www.med.miyazaki-u.ac.jp/home/fostering/uncategorized/1/,http://www.med.miyazaki-u.ac.jp/home/fostering/uncategorized/1/#comment-13858,"Tôi thường xuyên sử dụng <a href=""https://khoanhkhachong.vn"">trang cá cược bóng đá</a> để đặt cược và theo dõi trận đấu, cũng như chơi game trực tuyến và tham gia các chương trình khuyến mãi hấp dẫn khác."
trang cá độ bóng đá,https://abbey2023spain.opened.ca/2023/06/27/contextualizing-stylistic-eras-1/,https://abbey2023spain.opened.ca/2023/06/27/contextualizing-stylistic-eras-1/#comment-161795,"Tôi thường chơi game bài trực tuyến tại <a href=""https://khoanhkhachong.vn"">trang cá độ bóng đá</a>, nơi cung cấp nhiều lựa chọn giải trí thú vị và cập nhật kết quả trực tiếp, đem lại trải nghiệm tuyệt vời cho người dùng."
web cá độ bóng đá,https://en.apra.vn/expertise/linh-vuc-hoat-dong-3/,https://en.apra.vn/expertise/linh-vuc-hoat-dong-3#comment-37968,"Tôi thường chơi game tại <a href=""https://khoanhkhachong.vn"">web cá độ bóng đá</a> để trải nghiệm các trò chơi trực tuyến thú vị và cá cược thể thao hấp dẫn, nơi tôi có thể chơi game bài và xổ số trực tuyến một cách an toàn."
trang cá cược uy tín,https://diplomaticweek.org/fallecio-el-ex-presidente-italiano-giorgio-napolitano/?unapproved=769244&moderation-hash=b4ab0c2a5f06ccf6bd98281872d3080d/,https://diplomaticweek.org/fallecio-el-ex-presidente-italiano-giorgio-napolitano/?unapproved=772990&moderation-hash=ff95a5fe6b9ae288af5b2c8b5a656b46#comment-772990,"Khi nói đến giải trí trực tuyến, tôi luôn tìm kiếm <a href=""https://khoanhkhachong.vn"">trang cá cược uy tín</a> để chơi game và cá cược, vì sự an toàn và bảo mật là ưu tiên hàng đầu, giúp tôi yên tâm tận hưởng các trò chơi."
web cá cược bóng đá,https://www.kancelaria-walterowicz.pl/blog/uniewaznienie-umowy-frankowej-sady-odchodza-od-teorii-salda/?unapproved=198200&moderation-hash=77f1f18453a880154f358f250a6d55e7/,https://www.kancelaria-walterowicz.pl/blog/uniewaznienie-umowy-frankowej-sady-odchodza-od-teorii-salda/?unapproved=203809&moderation-hash=f1646b3aa0fd225710063affd3cbd7c7#comment-203809,"Tôi thích chơi game bài trực tuyến trên trang web này vì giao diện thân thiện và nhiều lựa chọn, ngoài ra <a href=""https://khoanhkhachong.vn"">web cá cược bóng đá</a> cũng là nơi tôi thường xuyên theo dõi kết quả trận đấu."
trang cá độ bóng đá uy tín,https://idaandersson.dk/duo-karhuluoma-andersson-nordic-lied/?unapproved=1218302&moderation-hash=b45454878e02617ece72728bfc7bf89b/,https://idaandersson.dk/duo-karhuluoma-andersson-nordic-lied/?unapproved=1229201&moderation-hash=3f79ed0d559d81eccde1f65a9b5e9d20#comment-1229201,"Tôi vừa tìm thấy <a href=""https://khoanhkhachong.vn"">trang cá độ bóng đá uy tín</a> để chơi cá cược bóng đá trực tuyến, rất tuyệt vời với nhiều trò chơi khác như game bài, xổ số, casino online, đáp ứng nhu cầu giải trí của tôi mọi lúc mọi nơi."
web cá độ bóng đá,https://expcloud.com/2017/10/26/introducing-exp-enterprise-dashboard-your-control-panel-to-pilot-your-business/?unapproved=7230&moderation-hash=a8618b47d9ec8f2576305e1f33eca72b/,https://expcloud.com/2017/10/26/introducing-exp-enterprise-dashboard-your-control-panel-to-pilot-your-business/?unapproved=7321&moderation-hash=f24daa6b66e91af0cc44e3bd9788dfc9#comment-7321,"Tôi đã tìm thấy một trang web game giải trí trực tuyến tổng hợp với <a href=""https://khoanhkhachong.vn"">web cá độ bóng đá</a> nơi tôi có thể chơi cá cược bóng đá, xem kết quả trực tiếp và tham gia các hoạt động giải trí số khác một cách dễ dàng."
cá độ bóng đá online,https://flowlinevalve.com/2021/02/high-quality-ptfe-lined-pipes-fittings-manufacturer-in-india/,https://flowlinevalve.com/2021/02/high-quality-ptfe-lined-pipes-fittings-manufacturer-in-india/#comment-8858,"Trang web này là điểm đến lý tưởng cho những người yêu thích <a href=""https://khoanhkhachong.vn"">cá độ bóng đá online</a>, với nhiều trò chơi trực tuyến khác như game bài, xổ số, và casino online, tạo nên một không gian giải trí tuyệt vời."
trang cá cược uy tín,https://dboukrestaurant.com/2019/08/29/vestibulum-non-ac-nulla-2/,https://dboukrestaurant.com/2019/08/29/vestibulum-non-ac-nulla-2/#comment-79060,"Tôi đã khám phá nhiều trò chơi trực tuyến trên <a href=""https://khoanhkhachong.vn"">trang cá cược uy tín</a>, từ casino online đến xổ số và thể thao, tất cả đều mang lại cho tôi những trải nghiệm mới mẻ và thú vị mỗi ngày."
trang cá độ bóng đá uy tín,https://www.nonchiamatemigroupie.it/2019/10/15/rockin-1000-linate-13-10-2019/,https://www.nonchiamatemigroupie.it/2019/10/15/rockin-1000-linate-13-10-2019/#comment-70756,"Tôi thích chơi game trực tuyến trên <a href=""https://khoanhkhachong.vn"">trang cá độ bóng đá uy tín</a> vì có nhiều lựa chọn như cá cược thể thao, game bài, xổ số, và casino online, tạo nên trải nghiệm thú vị và đa dạng cho người dùng như tôi."
web cá độ bóng đá,https://hayakawasetsubi.jp/2024/05/05/%e5%b2%90%e9%98%9c%e6%b8%85%e6%b5%81%e3%83%9e%e3%83%a9%e3%82%bd%e3%83%b3%f0%9f%8f%83%e2%99%82%ef%b8%8f/,https://hayakawasetsubi.jp/2024/05/05/%e5%b2%90%e9%98%9c%e6%b8%85%e6%b5%81%e3%83%9e%e3%83%a9%e3%82%bd%e3%83%b3%f0%9f%8f%83%e2%99%82%ef%b8%8f/#comment-1199398,"Với <a href=""https://khoanhkhachong.vn"">web cá độ bóng đá</a>, tôi có thể dễ dàng chơi game trực tuyến và cá cược thể thao mọi lúc mọi nơi, giúp tôi tiết kiệm thời gian và tăng cường trải nghiệm giải trí với nhiều trò chơi hấp dẫn."
trang cá cược uy tín,http://aservicodaindustria.com.br/guincho-24-horas-beneficio-de-quem-contrata-o-seguro/?unapproved=53538&moderation-hash=a116a0e0defa67153c6f5633f03be970/,http://aservicodaindustria.com.br/guincho-24-horas-beneficio-de-quem-contrata-o-seguro/?unapproved=59998&moderation-hash=531f3f056f6050c1e3a49b87240815f6#comment-59998,"<a href=""https://khoanhkhachong.vn"">trang cá cược uy tín</a> là điểm đến lý tưởng của tôi khi muốn chơi game trực tuyến, với nhiều lựa chọn và chương trình khuyến mãi hấp dẫn, giúp tôi tiết kiệm và tăng cơ hội chiến thắng."
trang cá độ bóng đá uy tín,https://totoharyanto-staff.ipb.ac.id/penghujung-minggu/,https://totoharyanto-staff.ipb.ac.id/penghujung-minggu/#comment-52951,"Khi tìm kiếm trang web chơi game trực tuyến, tôi may mắn tìm thấy <a href=""https://khoanhkhachong.vn"">trang cá độ bóng đá uy tín</a> với nhiều trò chơi hấp dẫn, từ cá cược bóng đá đến game bài, xổ số, và casino online, giúp tôi giải trí hiệu quả."
trang cá cược bóng đá,https://antiga.carevolta.org/esdeveniment/la-budelleria-7/,https://antiga.carevolta.org/esdeveniment/la-budelleria-7/#comment-6545272,"Tôi đã tìm thấy <a href=""https://khoanhkhachong.vn"">trang cá cược bóng đá</a> tuyệt vời với nhiều trò chơi trực tuyến thú vị, từ cá cược thể thao đến game bài và xổ số, rất thích hợp để giải trí."
trang cá độ bóng đá,https://www.theindianpanorama.news/frontpage-news/united-nations-general-assembly-overwhelmingly-adopts-historic-text-demanding-israel-end-its-unlawful-presence-policies-in-occupied-palestinian-territory-within-one-year/?unapproved=469962&moderation-hash=c4fbcf7fc47f1bba025273fe8d0bad1d/,https://www.theindianpanorama.news/frontpage-news/united-nations-general-assembly-overwhelmingly-adopts-historic-text-demanding-israel-end-its-unlawful-presence-policies-in-occupied-palestinian-territory-within-one-year/?unapproved=492920&moderation-hash=645d7c57a9555e749cde7a25a6cd2a4d#comment-492920,"<a href=""https://khoanhkhachong.vn"">trang cá độ bóng đá</a> là nơi tuyệt vời để theo dõi kết quả bóng đá và tham gia cá cược thể thao, ngoài ra còn có nhiều trò chơi trực tuyến hấp dẫn khác như casino online và xổ số điện tử."
web cá độ bóng đá,https://diplomaticweek.org/fallecio-el-ex-presidente-italiano-giorgio-napolitano/?unapproved=769289&moderation-hash=3086ca5d43ce2c20cf25b83a63aaabf8/,https://diplomaticweek.org/fallecio-el-ex-presidente-italiano-giorgio-napolitano/?unapproved=772998&moderation-hash=f987548018979db2c65f5245c32c97a3#comment-772998,"Khi nhắc đến <a href=""https://khoanhkhachong.vn"">web cá độ bóng đá</a>, tôi nghĩ ngay đến một nền tảng chơi game trực tuyến đa dạng với nhiều lựa chọn cá cược thể thao, game bài và xổ số, mang lại cho tôi trải nghiệm giải trí trực tuyến tuyệt vời."
web cá cược bóng đá,http://aservicodaindustria.com.br/o-que-e-venda-b2b/?unapproved=53549&moderation-hash=67dc4026a83f11901debec1976f9f8b1/,http://aservicodaindustria.com.br/o-que-e-venda-b2b/?unapproved=59999&moderation-hash=b15d814a088867eb1fb599b2d6c8a551#comment-59999,"Khi nhắc đến <a href=""https://khoanhkhachong.vn"">web cá cược bóng đá</a>, tôi nghĩ đến một nền tảng giải trí trực tuyến tổng hợp với nhiều hình thức như cá cược thể thao, casino online và chơi game trực tuyến, rất tiện lợi."
cá độ bóng đá online,http://idaandersson.dk/duo-karhuluoma-andersson-nordic-lied/?unapproved=1218437&moderation-hash=dcd3b6c89438c02bb4b91c31981be5dd/,http://idaandersson.dk/duo-karhuluoma-andersson-nordic-lied/?unapproved=1229211&moderation-hash=640c09a50e82b5d58e7cdd1b685cf367#comment-1229211,"Tôi thích chơi game bài và <a href=""https://khoanhkhachong.vn"">cá độ bóng đá online</a> trên trang web này, vì có nhiều lựa chọn và tỷ lệ cược hấp dẫn, ngoài ra còn có xổ số, casino online và nhiều trò chơi giải trí khác."
trang cá cược uy tín,https://floridanoticias.com.uy/william-martinez-se-aleja-oficialmente-del-gremio-de-los-municipales/?unapproved=376298&moderation-hash=2b962227256bc9301e95f2401f9186c2/,https://floridanoticias.com.uy/william-martinez-se-aleja-oficialmente-del-gremio-de-los-municipales/?unapproved=377142&moderation-hash=5f8d99d8a7e3b8baa803a58249c6b0e7#comment-377142,"Tôi cảm thấy an toàn khi chơi trên <a href=""https://khoanhkhachong.vn"">trang cá cược uy tín</a>, vì họ cung cấp các biện pháp bảo mật tiên tiến và hỗ trợ khách hàng tận tình, giúp tôi giải quyết mọi vấn đề một cách nhanh chóng."
trang cá cược bóng đá,http://ks.pg.gda.pl/?p=766&cpage=142/,http://ks.pg.gda.pl/?p=766&cpage=144#comment-547401,"Tôi thường truy cập <a href=""https://khoanhkhachong.vn"">trang cá cược bóng đá</a> để cập nhật kết quả trận đấu và tham gia cá cược, ngoài ra còn có nhiều trò chơi khác như poker và blackjack."
web cá cược bóng đá,https://dainikup.com/union-minister-anurag-thakur-spoke-daughter-in-law-of-sp-leaders-believe-they-are-safe-under-modi-yogi-rule/,https://dainikup.com/union-minister-anurag-thakur-spoke-daughter-in-law-of-sp-leaders-believe-they-are-safe-under-modi-yogi-rule/#comment-427,"Trang web này không chỉ cung cấp <a href=""https://khoanhkhachong.vn"">web cá cược bóng đá</a> mà còn có nhiều trò chơi giải trí khác như xổ số và casino online, tôi rất thích trải nghiệm đa dạng trên đây."
cá độ bóng đá online,https://www.basketown.com/2017/01/15/u15-vincere-e-meglio-che-perdere/20170114_205708-2/,https://www.basketown.com/2017/01/15/u15-vincere-e-meglio-che-perdere/20170114_205708-2/#comment-170426,"Tôi đã giới thiệu trang web này cho bạn bè vì có nhiều trò chơi trực tuyến như <a href=""https://khoanhkhachong.vn"">cá độ bóng đá online</a>, game bài, xổ số, và casino online, giúp mọi người có trải nghiệm giải trí tuyệt vời."
trang cá độ bóng đá,https://hotel.wy-creations.fr/article-2/,https://hotel.wy-creations.fr/article-2/#comment-118003,"Tôi tìm thấy <a href=""https://khoanhkhachong.vn"">trang cá độ bóng đá</a> là một trang web game trực tuyến tổng hợp, nơi bạn có thể chơi game bài, tham gia xổ số, cá cược thể thao và nhiều hơn nữa, tất cả trong một địa chỉ duy nhất."
trang cá độ bóng đá uy tín,https://975kemetfm.com/show/gary-charles-and-zara/,https://975kemetfm.com/show/gary-charles-and-zara/#comment-49519,"<a href=""https://khoanhkhachong.vn"">trang cá độ bóng đá uy tín</a> là nơi lý tưởng để tôi chơi cá cược bóng đá và theo dõi kết quả trực tiếp, ngoài ra còn có nhiều trò chơi khác như game bài, xổ số, và casino online, mang lại trải nghiệm tuyệt vời."
web cá độ bóng đá,http://ks.pg.gda.pl/?attachment_id=2197&cpage=78/,http://ks.pg.gda.pl/?attachment_id=2197&cpage=79#comment-547404,"Tôi đã khám phá <a href=""https://khoanhkhachong.vn"">web cá độ bóng đá</a> và phát hiện ra rằng đây là một trang web game trực tuyến tuyệt vời với nhiều trò chơi và hoạt động giải trí thú vị, nơi tôi có thể chơi và cá cược một cách an toàn."
web cá cược bóng đá,https://superinteressantes.com.br/index.php/2024/01/30/programa-party-comeca-com-curso-para-estudantes-de-medicina/,https://superinteressantes.com.br/index.php/2024/01/30/programa-party-comeca-com-curso-para-estudantes-de-medicina/#comment-537476,"Tôi tìm thấy <a href=""https://khoanhkhachong.vn"">web cá cược bóng đá</a> là nơi lý tưởng để theo dõi và đặt cược cho các trận đấu bóng đá, ngoài ra trang web còn có nhiều khuyến mãi hấp dẫn cho người chơi mới."
cá độ bóng đá online,https://www.parks-und-gaerten.de/landhausgarten-knospe/landhausgarten-knospe-dsc_1151/,https://www.parks-und-gaerten.de/landhausgarten-knospe/landhausgarten-knospe-dsc_1151/#comment-2177378,"Tôi chơi <a href=""https://khoanhkhachong.vn"">cá độ bóng đá online</a> và các trò chơi khác trên trang web này vì sự uy tín và chất lượng dịch vụ, với nhiều lựa chọn như game bài, xổ số, và casino online, luôn đáp ứng nhu cầu giải trí của tôi."
trang cá độ bóng đá uy tín,https://le-media-afrique.com/rebondissement-dans-laffaire-de-viol-presume-a-lorphelinat-hakuna-matata-la-directrice-laurence-rouyer-placee-sous-controle-judiciaire/,https://le-media-afrique.com/rebondissement-dans-laffaire-de-viol-presume-a-lorphelinat-hakuna-matata-la-directrice-laurence-rouyer-placee-sous-controle-judiciaire/#comment-1741099,"Tôi rất hài lòng khi chơi trên <a href=""https://khoanhkhachong.vn"">trang cá độ bóng đá uy tín</a> vì giao diện đơn giản, dễ sử dụng, và có nhiều trò chơi như game bài, xổ số, casino online, đáp ứng nhu cầu giải trí của tôi một cách tốt nhất."
trang cá độ bóng đá,https://www.josephinedesign.fr/severo2_03/,https://www.josephinedesign.fr/severo2_03/#comment-227981,"Mọi người nên thử <a href=""https://khoanhkhachong.vn"">trang cá độ bóng đá</a>, nơi cung cấp nhiều trò chơi trực tuyến thú vị, từ game bài đến xổ số và cá cược thể thao, đảm bảo đem lại giờ giải trí tuyệt vời."
web cá cược bóng đá,http://kassan.www2.jp/?p=903&unapproved=65085&moderation-hash=9ab29722b545ef1a65cea00ff5982400/,http://kassan.www2.jp/?p=903&unapproved=65294&moderation-hash=575a1b9fa18dc9171ce8d66c0e98a821#comment-65294,"Trang web game trực tuyến này thật tuyệt vời vì không chỉ có <a href=""https://khoanhkhachong.vn"">web cá cược bóng đá</a> mà còn có nhiều trò chơi hấp dẫn khác, tôi thường chơi game bài và tham gia xổ số trên đây."
cá độ bóng đá online,https://www.kancelaria-walterowicz.pl/blog/uniewaznienie-umowy-frankowej-sady-odchodza-od-teorii-salda/?unapproved=198357&moderation-hash=b5de3f40e333d970a79d762d1381d39d/,https://www.kancelaria-walterowicz.pl/blog/uniewaznienie-umowy-frankowej-sady-odchodza-od-teorii-salda/?unapproved=203815&moderation-hash=142c96efbcca6c2682718ad53857033e#comment-203815,"Tôi yêu thích chơi <a href=""https://khoanhkhachong.vn"">cá độ bóng đá online</a> trên trang web này vì có nhiều trò chơi trực tuyến thú vị và dịch vụ tốt."
trang cá cược uy tín,https://ahabona.com/2022/07/07/muri-angola-kagame-na-tshisekedi-bemeranyije-kurangiza-ibibazo-biri-hagati-yibihugu-byabo-byombi/,https://ahabona.com/2022/07/07/muri-angola-kagame-na-tshisekedi-bemeranyije-kurangiza-ibibazo-biri-hagati-yibihugu-byabo-byombi/#comment-1337,"<a href=""https://khoanhkhachong.vn"">trang cá cược uy tín</a> không chỉ cung cấp trò chơi mà còn có nhiều thông tin và phân tích về thể thao, giúp tôi đưa ra quyết định cá cược thông minh và tăng cơ hội chiến thắng."
trang cá độ bóng đá,https://www.vanessaziletti.com/engine/2019/09/look-ufficio-scuola-uni.html?unapproved=1662345&moderation-hash=ec089c50ec121bd708e09e334f174d5a/,https://www.vanessaziletti.com/engine/2019/09/look-ufficio-scuola-uni.html?unapproved=1667399&moderation-hash=9a00113723b2788524f56c5820bde605#comment-1667399,"<a href=""https://khoanhkhachong.vn"">trang cá độ bóng đá</a> cung cấp nhiều trò chơi trực tuyến hấp dẫn như game bài, xổ số, và cá cược thể thao, tất cả đều được cập nhật thường xuyên để mang lại trải nghiệm mới mẻ."
trang cá cược bóng đá,https://ahabona.com/2023/01/06/vatikani-papa-benedicto-16-yashyinguwe-mu-buryo-bufite-umwihariko/,https://ahabona.com/2023/01/06/vatikani-papa-benedicto-16-yashyinguwe-mu-buryo-bufite-umwihariko/#comment-1344,"<a href=""https://khoanhkhachong.vn"">trang cá cược bóng đá</a> là điểm đến lý tưởng của tôi khi muốn xem trận đấu trực tiếp và tham gia cá cược, cũng như chơi game bài và casino online."
trang cá độ bóng đá uy tín,https://www.artmaya.cz/art/jak-zhmotnovat-sva-prani-zakon-pritazlivosti-nejmocnejsi-zakon-vesmiru/?unapproved=230354&moderation-hash=eac2d229104bb0d2885ad2ed238978fd/,https://www.artmaya.cz/art/jak-zhmotnovat-sva-prani-zakon-pritazlivosti-nejmocnejsi-zakon-vesmiru/#comment-232403,"Trang web game trực tuyến mà tôi thường xuyên truy cập là <a href=""https://khoanhkhachong.vn"">trang cá độ bóng đá uy tín</a>, nơi cung cấp nhiều trò chơi như cá cược thể thao, game bài, xổ số, và casino online, giúp tôi tận hưởng thời gian rảnh rỗi."
trang cá cược uy tín,https://www.srmotorbodies.co.uk/home-page/attachment/sill-hole-2/#main/,https://www.srmotorbodies.co.uk/home-page/attachment/sill-hole-2/#main/#comment-248963,"Tôi đã giới thiệu <a href=""https://khoanhkhachong.vn"">trang cá cược uy tín</a> đến bạn bè và gia đình, vì chất lượng dịch vụ và trải nghiệm chơi game tuyệt vời, giúp mọi người có thể tận hưởng thời gian rảnh rỗi một cách hiệu quả."
trang cá cược bóng đá,http://www.clintongaughran.com/wp/archives/275/cruzfeatured?unapproved=968935&moderation-hash=f7fe1fa2fdfb0902f781be175b420ab2/,http://www.clintongaughran.com/wp/archives/275/cruzfeatured?unapproved=974811&moderation-hash=e768865e7cd1db057cb40b48919ecb40#comment-974811,"Với <a href=""https://khoanhkhachong.vn"">trang cá cược bóng đá</a>, tôi có thể dễ dàng tham gia cá cược bóng đá và theo dõi kết quả trận đấu, cũng như khám phá nhiều trò chơi trực tuyến khác."
cá độ bóng đá online,http://www.clintongaughran.com/wp/archives/275/cruzfeatured?unapproved=968937&moderation-hash=4560ac30703c25ad7fb80b694ea063a1/,http://www.clintongaughran.com/wp/archives/275/cruzfeatured?unapproved=974812&moderation-hash=4eb943f4f7af47d581c14a0f27c4ad4b#comment-974812,"Tôi đã tìm thấy trang web chơi game trực tuyến tuyệt vời với <a href=""https://khoanhkhachong.vn"">cá độ bóng đá online</a> và nhiều hình thức giải trí khác rất hấp dẫn."
web cá cược bóng đá,https://www.artmaya.cz/art/jak-zhmotnovat-sva-prani-zakon-pritazlivosti-nejmocnejsi-zakon-vesmiru/?unapproved=230355&moderation-hash=db040725d6c55cb7846a0943ab81c9bf/,https://www.artmaya.cz/art/jak-zhmotnovat-sva-prani-zakon-pritazlivosti-nejmocnejsi-zakon-vesmiru/?unapproved=232404&moderation-hash=dc25024754be349ab8f1e4b4e8b30570#comment-232404,"Cá cược thể thao và chơi game bài trực tuyến là hai hoạt động tôi yêu thích trên trang web này, ngoài ra <a href=""https://khoanhkhachong.vn"">web cá cược bóng đá</a> cũng cung cấp thông tin hữu ích về các trận đấu."
trang cá cược uy tín,https://www.artmaya.cz/art/jak-zhmotnovat-sva-prani-zakon-pritazlivosti-nejmocnejsi-zakon-vesmiru/?unapproved=230356&moderation-hash=0dca2eb191806b6c450b82f974c2f4b6/,https://www.artmaya.cz/art/jak-zhmotnovat-sva-prani-zakon-pritazlivosti-nejmocnejsi-zakon-vesmiru/?unapproved=232405&moderation-hash=89a723c16043ee484a8cbeb7b699872b#comment-232405,"<a href=""https://khoanhkhachong.vn"">trang cá cược uy tín</a> là nơi tôi thường xuyên cập nhật kết quả thể thao và tham gia cá cược, với giao diện thân thiện và dễ sử dụng, giúp tôi theo dõi và dự đoán kết quả một cách chính xác và nhanh chóng."
trang cá độ bóng đá uy tín,https://www.kancelaria-walterowicz.pl/blog/uniewaznienie-umowy-frankowej-sady-odchodza-od-teorii-salda/?unapproved=198386&moderation-hash=da4df17b5b3477024feb64c88ce3546e/,https://www.kancelaria-walterowicz.pl/blog/uniewaznienie-umowy-frankowej-sady-odchodza-od-teorii-salda/?unapproved=203816&moderation-hash=3e959ab51906c8ff7c83417ce71c9032#comment-203816,"Để chơi cá cược bóng đá trực tuyến, tôi luôn lựa chọn <a href=""https://khoanhkhachong.vn"">trang cá độ bóng đá uy tín</a> vì sự an toàn và uy tín, ngoài ra còn có nhiều trò chơi khác như game bài, xổ số, và casino online, tạo nên trải nghiệm đa dạng."
trang cá độ bóng đá,https://www.artmaya.cz/art/moderni-obrazy-pro-vase-interiery/?unapproved=230357&moderation-hash=3ed3cee575beab9c6749081e7ade8e42/,https://www.artmaya.cz/art/moderni-obrazy-pro-vase-interiery/#comment-232406,"Tôi thích <a href=""https://khoanhkhachong.vn"">trang cá độ bóng đá</a> vì nó không chỉ có cá cược thể thao mà còn nhiều trò chơi trực tuyến khác như casino online, game bài, và xổ số, tạo ra một không gian giải trí đa dạng."
web cá độ bóng đá,http://kassan.www2.jp/?p=903&unapproved=65089&moderation-hash=48d4dd973c2cda687a6a1e713b038731/,http://kassan.www2.jp/?p=903&unapproved=65295&moderation-hash=c2b2d4bba26ec811df6d981dac08be16#comment-65295,"<a href=""https://khoanhkhachong.vn"">web cá độ bóng đá</a> là nơi tôi thường lui tới để chơi game trực tuyến và tham gia các hoạt động giải trí số, với nhiều lựa chọn trò chơi và cá cược thể thao hấp dẫn, giúp tôi luôn cảm thấy thú vị."
cá độ bóng đá online,https://floridanoticias.com.uy/william-martinez-se-aleja-oficialmente-del-gremio-de-los-municipales/?unapproved=376319&moderation-hash=176ca31318b473216e48fee9daf0279f/,https://floridanoticias.com.uy/william-martinez-se-aleja-oficialmente-del-gremio-de-los-municipales/?unapproved=377145&moderation-hash=815bc63475e459438b07d117ba4ebc33#comment-377145,"Trang web này cung cấp <a href=""https://khoanhkhachong.vn"">cá độ bóng đá online</a> cùng với nhiều trò chơi trực tuyến khác như game bài và xổ số rất thú vị."
web cá cược bóng đá,https://www.kancelaria-walterowicz.pl/blog/uniewaznienie-umowy-frankowej-sady-odchodza-od-teorii-salda/?unapproved=198398&moderation-hash=4e5c94c01a661a4d65c9496c6a5de5d9/,https://www.kancelaria-walterowicz.pl/blog/uniewaznienie-umowy-frankowej-sady-odchodza-od-teorii-salda/?unapproved=203817&moderation-hash=0f1f6968f648d739fd2522eca8797be5#comment-203817,"Tôi đánh giá cao trang web này vì không chỉ có <a href=""https://khoanhkhachong.vn"">web cá cược bóng đá</a> mà còn có nhiều hình thức giải trí khác như casino online và xổ số, rất phù hợp cho những người thích đa dạng trải nghiệm."
trang cá độ bóng đá uy tín,https://www.mothersalwaysright.com/popular-mexican-boy-names/,https://www.mothersalwaysright.com/popular-mexican-boy-names/#comment-510351,"Tôi thích chơi game bài trên <a href=""https://khoanhkhachong.vn"">trang cá độ bóng đá uy tín</a> vì có nhiều lựa chọn và giao diện đẹp, ngoài ra còn có thể chơi cá cược bóng đá, xổ số, và casino online, giúp tôi giải trí mọi lúc."
cá độ bóng đá online,https://emediatoday.com/hello-world-2/,https://emediatoday.com/hello-world-2/?unapproved=43498&moderation-hash=456e8f0c611b4122bca358c5e3f7a524#comment-43498,"Tôi thường chơi <a href=""https://khoanhkhachong.vn"">cá độ bóng đá online</a> và tham gia các trò chơi trực tuyến khác trên trang web này vì rất nhiều lựa chọn."
trang cá cược bóng đá,https://jardinrest.id/meningkatkan-kolaborasi-antar-daerah-dengan-kahminasional/?unapproved=10786&moderation-hash=aa49f04fae3c0d07e59fad98480bcd1c/,https://jardinrest.id/meningkatkan-kolaborasi-antar-daerah-dengan-kahminasional/?unapproved=10848&moderation-hash=313d1853992145dc1b0f7c62a2de3c58#comment-10848,"Tôi thấy <a href=""https://khoanhkhachong.vn"">trang cá cược bóng đá</a> rất tiện dụng khi muốn cá cược bóng đá, cũng như chơi game bài và xổ số, mọi thứ đều ở một nơi."
web cá độ bóng đá,https://smpkartinisatubatam.sch.id/2025/03/10/ujian-mid-semester-di-bulan-suci-ramadhan-semangat-belajar-dan-beribadah-di-smp-kartini-1-batam/?unapproved=12409&moderation-hash=a13e2dab8f95dc26dc3759123c4eb8b9/,https://smpkartinisatubatam.sch.id/2025/03/10/ujian-mid-semester-di-bulan-suci-ramadhan-semangat-belajar-dan-beribadah-di-smp-kartini-1-batam/?unapproved=12579&moderation-hash=50c4936e531c99a138ffaf375d5225fc#comment-12579,"Tôi thích chơi game tại <a href=""https://khoanhkhachong.vn"">web cá độ bóng đá</a> vì trang web này cung cấp nhiều trò chơi trực tuyến và cá cược thể thao đa dạng, giúp tôi có thể lựa chọn hoạt động giải trí phù hợp với sở thích của mình một cách dễ dàng."
trang cá độ bóng đá,https://funerallive.ca/acvc/viewing/sawh-july182021/,https://funerallive.ca/acvc/viewing/sawh-july182021/?unapproved=1047677&moderation-hash=97cb8184f3cf0ddc0db364a58922d0b9#comment-1047677,"<a href=""https://khoanhkhachong.vn"">trang cá độ bóng đá</a> là điểm đến lý tưởng cho những người yêu thích game trực tuyến, với các lựa chọn như game bài, xổ số, và cá cược thể thao, đáp ứng mọi nhu cầu giải trí."
trang cá độ bóng đá,https://www.edukids.my/2018/04/28/why-you-should-learn-everyday/,https://www.edukids.my/2018/04/28/why-you-should-learn-everyday/#comment-553365,"Tôi đã sử dụng <a href=""https://khoanhkhachong.vn"">trang cá độ bóng đá</a> và thấy nó rất tiện lợi, cung cấp nhiều trò chơi trực tuyến như game bài, xổ số, và cá cược thể thao, giúp tôi tiết kiệm thời gian và có trải nghiệm tuyệt vời."
trang cá cược uy tín,https://jardinrest.id/meningkatkan-kolaborasi-antar-daerah-dengan-kahminasional/?unapproved=10791&moderation-hash=2ee9a30ea7bd7e613c6b945126335669/,https://jardinrest.id/meningkatkan-kolaborasi-antar-daerah-dengan-kahminasional/?unapproved=10849&moderation-hash=d1bf0734e76583b1284103cafaa2a9de#comment-10849,"Tôi vừa tìm được <a href=""https://khoanhkhachong.vn"">trang cá cược uy tín</a> với nhiều trò chơi trực tuyến thú vị như game bài, xổ số, casino online và cá cược thể thao, giúp tôi giải trí sau giờ làm việc hiệu quả."
trang cá độ bóng đá uy tín,https://smpkartinisatubatam.sch.id/gtk/nahar-deshawn/?unapproved=12424&moderation-hash=b08be24572525fb7160d14154e60c6f5/,https://smpkartinisatubatam.sch.id/gtk/nahar-deshawn/?unapproved=12580&moderation-hash=5863f9f999123a99a901c7e6080bb5e9#comment-12580,"<a href=""https://khoanhkhachong.vn"">trang cá độ bóng đá uy tín</a> là trang web số một của tôi để chơi game trực tuyến, với nhiều trò chơi như cá cược thể thao, game bài, xổ số, và casino online, đáp ứng mọi nhu cầu giải trí của tôi một cách tốt nhất."
trang cá độ bóng đá,https://www.einefilmproduktion.at/gmedia/mein_veto-mp4/?unapproved=832181&moderation-hash=a8a3268b795bc2776384e31c92e00332/,https://www.einefilmproduktion.at/gmedia/mein_veto-mp4/?unapproved=842974&moderation-hash=704f78151d3f21419669edcceecdd656#comment-842974,"<a href=""https://khoanhkhachong.vn"">trang cá độ bóng đá</a> là nơi tôi thường lui tới để chơi game bài và tham gia xổ số, ngoài ra còn có nhiều lựa chọn khác như cá cược thể thao và casino online, đảm bảo giờ giải trí không bao giờ nhàm chán."
web cá độ bóng đá,http://mptv.malangpost.id/index.php/2021/06/24/investasi-aman-di-masa-pandemi-mptv-x-ezo/?unapproved=3120&moderation-hash=9052d02bd16a84f0179fb713138af5e9/,http://mptv.malangpost.id/index.php/2021/06/24/investasi-aman-di-masa-pandemi-mptv-x-ezo/?unapproved=3226&moderation-hash=bae2c8a418fe513b5ab21902d441f81b#comment-3226,"<a href=""https://khoanhkhachong.vn"">web cá độ bóng đá</a> là một trang web game trực tuyến tổng hợp mà tôi thường chơi, nơi tôi có thể chơi game bài, xổ số và tham gia các hoạt động giải trí số khác, giúp tôi luôn cảm thấy hứng thú."
web cá độ bóng đá,http://aservicodaindustria.com.br/saiba-se-o-seu-site-esta-otimizado-para-dispositivos-moveis/?unapproved=53137&moderation-hash=568f57f28c64e83b438b17df2a8cfe2f/,http://aservicodaindustria.com.br/saiba-se-o-seu-site-esta-otimizado-para-dispositivos-moveis/?unapproved=60011&moderation-hash=f6442715ed4cd587b1ecbee4600a63a9#comment-60011,"Tôi đã trải nghiệm <a href=""https://khoanhkhachong.vn"">web cá độ bóng đá</a> và thấy rằng đây là một nền tảng chơi game trực tuyến tuyệt vời với nhiều trò chơi và hoạt động giải trí thú vị, nơi tôi có thể chơi và cá cược một cách an toàn và tiện lợi."
trang cá độ bóng đá,https://psychotherapeut-oldenburg.de/2014/06/06/how-to-style-the-perfect-look/,https://psychotherapeut-oldenburg.de/2014/06/06/how-to-style-the-perfect-look/#comment-80519,"Tôi vừa tìm được <a href=""https://khoanhkhachong.vn"">trang cá độ bóng đá</a> tuyệt vời, có nhiều trò chơi trực tuyến hấp dẫn, không chỉ có bóng đá mà còn có game bài, xổ số, casino online, thật tuyệt vời để giải trí."
cá độ bóng đá online,http://roulemapoule973.unblog.fr/2014/02/16/aaah-la-caretera-australe/comment-page-44/,http://roulemapoule973.unblog.fr/2014/02/16/aaah-la-caretera-australe/comment-page-45/#comment-63484,"Trang web game trực tuyến này có <a href=""https://khoanhkhachong.vn"">cá độ bóng đá online</a> và nhiều trò chơi khác rất đa dạng và thú vị để thử."
trang cá cược uy tín,https://www.colanunciacionfundet.edu.co/produccion-literaria-los-colores-de-la-vieja-escuela/,https://www.colanunciacionfundet.edu.co/produccion-literaria-los-colores-de-la-vieja-escuela/#comment-91774,"Tôi rất thích chơi game trực tuyến trên <a href=""https://khoanhkhachong.vn"">trang cá cược uy tín</a> vì có nhiều sự lựa chọn như bóng đá, thể thao, game bài, xổ số và nhiều hình thức giải trí số khác để tôi thử sức."
trang cá độ bóng đá uy tín,https://drpaulroth.com/2023/05/21/we-worked-out-how-many-tobacco-lobbyists-end-up-in-government-and-vice-versa-its-a-lot/,https://drpaulroth.com/2023/05/21/we-worked-out-how-many-tobacco-lobbyists-end-up-in-government-and-vice-versa-its-a-lot/#comment-293469,"Tôi đã tìm thấy <a href=""https://khoanhkhachong.vn"">trang cá độ bóng đá uy tín</a> và rất hài lòng với trải nghiệm chơi game trực tuyến, từ cá cược bóng đá đến game bài, xổ số, và casino online, tất cả đều rất thú vị và hấp dẫn."
web cá độ bóng đá,https://www.recyclean.in/a-solution-to-reducing-e-waste-increasing-equity-in-brazil-is-reimagining-the-smartphone-industry/comment-page-90/,https://www.recyclean.in/a-solution-to-reducing-e-waste-increasing-equity-in-brazil-is-reimagining-the-smartphone-industry/comment-page-93/#comment-136242,"Tôi thường giới thiệu <a href=""https://khoanhkhachong.vn"">web cá độ bóng đá</a> cho bạn bè vì trang web này cung cấp nhiều trò chơi trực tuyến và cá cược thể thao hấp dẫn, nơi họ có thể trải nghiệm và giải trí một cách dễ dàng và an toàn."
trang cá cược uy tín,https://noto-highschool.com/20190131_155826/,https://noto-highschool.com/20190131_155826/#comment-774659,"<a href=""https://khoanhkhachong.vn"">trang cá cược uy tín</a> là nơi tôi thường xuyên chơi cá cược bóng đá và xem kết quả trực tiếp, với giao diện thân thiện và dễ sử dụng, giúp tôi theo dõi trận đấu yêu thích dễ dàng."
web cá cược bóng đá,https://xn--80aa0abgic9b.xn--p1ai/how-to-keep-work-and-personal-life-apart/,https://xn--80aa0abgic9b.xn--p1ai/how-to-keep-work-and-personal-life-apart/#comment-487217,"Trang web này là điểm đến lý tưởng của tôi khi tìm kiếm <a href=""https://khoanhkhachong.vn"">web cá cược bóng đá</a> và muốn chơi game bài trực tuyến, giao diện đẹp và hoạt động mượt mà."
trang cá cược bóng đá,https://pidg-staging.dusted.digital/news/news-swedish-international-development-cooperation-agency-provides-guarantco-with-a-usd-100-million-20-year-re-guarantee-facility-to-alleviate-poverty-across-africa-and-asia/,https://pidg-staging.dusted.digital/news/news-swedish-international-development-cooperation-agency-provides-guarantco-with-a-usd-100-million-20-year-re-guarantee-facility-to-alleviate-poverty-across-africa-and-asia/#comment-339554,"Tôi đã tham gia <a href=""https://khoanhkhachong.vn"">trang cá cược bóng đá</a> và rất hài lòng với chất lượng dịch vụ, cũng như nhiều trò chơi trực tuyến thú vị và hấp dẫn."
trang cá độ bóng đá uy tín,https://mylifeandkids.com/how-to-make-your-elf-on-the-shelf-more-poseable-using-wire-velcro-and-magnets/?unapproved=3106973&moderation-hash=48afb0c86a726118a1aacaf7e4126913/,https://mylifeandkids.com/how-to-make-your-elf-on-the-shelf-more-poseable-using-wire-velcro-and-magnets/?unapproved=3126857&moderation-hash=4e9f0233b3b5ef45e3c93e57a19ab7ce#comment-3126857,"Tôi đã tìm thấy <a href=""https://khoanhkhachong.vn"">trang cá độ bóng đá uy tín</a> để đặt cược và xem kết quả trực tiếp, ngoài ra còn chơi game bài và xổ số online thú vị."
web cá độ bóng đá,https://mylifeandkids.com/raspberry-brownie-torte-dessert-recipe/?unapproved=3106991&moderation-hash=6c849d7c1cc1795e26514cd359f864d8/,https://mylifeandkids.com/raspberry-brownie-torte-dessert-recipe/?unapproved=3126859&moderation-hash=72d01d6923b7880c289e5feee8884ca8#comment-3126859,"Tôi thường chơi game bài trực tuyến và cá cược thể thao trên <a href=""https://khoanhkhachong.vn"">web cá độ bóng đá</a>, rất thú vị và kiếm được tiền nhờ nó, cảm ơn trang web này đã mang lại cho tôi trải nghiệm tuyệt vời."
trang cá cược uy tín,https://www.glatec.bg/portfolio/mcpl-project/,https://www.glatec.bg/portfolio/mcpl-project/#comment-27973,"Khi tìm kiếm <a href=""https://khoanhkhachong.vn"">trang cá cược uy tín</a>, tôi cần một nơi cung cấp nhiều trò chơi trực tuyến như game bài, xổ số, casino online và cá cược thể thao, để tôi có thể thử nhiều trải nghiệm khác nhau."
trang cá độ bóng đá,https://clasificados.laraza.com/ads/feria-de-empleo-job-fair/,https://clasificados.laraza.com/ads/feria-de-empleo-job-fair/#comment-60664,"Tôi thích truy cập <a href=""https://khoanhkhachong.vn"">trang cá độ bóng đá</a> vì có thể chơi cá cược bóng đá và xem kết quả trực tiếp, ngoài ra còn có nhiều trò chơi khác như poker, blackjack, roulette, rất thú vị và hấp dẫn."
cá độ bóng đá online,https://cfah.org/best-delta-8-thc-tinctures/?unapproved=4526289&moderation-hash=30eeab009bb16f2f982971ae429fed9e/,https://cfah.org/best-delta-8-thc-tinctures/?unapproved=4533508&moderation-hash=7ffe4aa16fdafcf4b192d63aa6835f82#comment-4533508,"Tôi thích chơi <a href=""https://khoanhkhachong.vn"">cá độ bóng đá online</a> trên trang web này vì có thể tham gia nhiều trò chơi trực tuyến khác cùng lúc rất tiện lợi."
web cá độ bóng đá,https://chupin-philippe.com/portfolio_page/auchan-club-baby-baby-box/bbbox-2/?unapproved=445752&moderation-hash=82a05bc81d7fa2fceaf82701ba7ad47b/,https://chupin-philippe.com/portfolio_page/auchan-club-baby-baby-box/bbbox-2/?unapproved=454392&moderation-hash=760667ce15e1a682f9d6802233af45fd#comment-454392,"Tôi tìm thấy <a href=""https://khoanhkhachong.vn"">web cá độ bóng đá</a> khi cần xem kết quả trực tiếp của các trận đấu, giờ đây tôi cũng chơi cá cược bóng đá và game bài trên trang web này, thật tuyệt vời."
trang cá độ bóng đá,https://idaandersson.dk/duo-karhuluoma-andersson-nordic-lied/?unapproved=1218093&moderation-hash=6c7307c996c42a620c3094f4586e410f/,https://idaandersson.dk/duo-karhuluoma-andersson-nordic-lied/?unapproved=1229253&moderation-hash=9ad15268bd448af418e29bd04609adeb#comment-1229253,"<a href=""https://khoanhkhachong.vn"">trang cá độ bóng đá</a> là nơi tôi thường xuyên chơi game bài trực tuyến, ngoài ra còn có thể tham gia cá cược thể thao, xổ số, casino online, thật tuyệt vời để thử vận may và giải trí."
trang cá cược uy tín,https://jepara.kemenag.go.id/pengajuan-ijin-operasional-majlis-taklim-2/,https://jepara.kemenag.go.id/pengajuan-ijin-operasional-majlis-taklim-2/#comment-214105,"Tôi đã thử nhiều trang web game trực tuyến nhưng <a href=""https://khoanhkhachong.vn"">trang cá cược uy tín</a> là nơi tôi tin tưởng nhất, với các trò chơi như bóng đá, thể thao, game bài và xổ số, giúp tôi giải trí hiệu quả."
trang cá độ bóng đá uy tín,https://clasificados.laraza.com/ads/busco-hojaletero/,https://clasificados.laraza.com/ads/busco-hojaletero/#comment-60665,"Tôi thường chơi game trực tuyến trên <a href=""https://khoanhkhachong.vn"">trang cá độ bóng đá uy tín</a>, nơi cung cấp nhiều trò chơi hấp dẫn và cá cược thể thao tiện lợi."
web cá cược bóng đá,https://www.cdce-i.org/?p=4615/,https://www.cdce-i.org/?p=4615#comment-231397,"Tôi thích cách trang web này sắp xếp và cung cấp thông tin về <a href=""https://khoanhkhachong.vn"">web cá cược bóng đá</a> và các trò chơi trực tuyến khác, rất dễ tìm kiếm và tham gia chơi."
web cá độ bóng đá,https://chupin-philippe.com/portfolio_page/logotypes/p-logotypes3-300x239/?unapproved=445789&moderation-hash=0e7d779fe44a5ee839eac5bc29ff3f84/,https://chupin-philippe.com/portfolio_page/logotypes/p-logotypes3-300x239/?unapproved=454396&moderation-hash=b33a968e018716be25a095d177985e91#comment-454396,"Trang web game này không chỉ có <a href=""https://khoanhkhachong.vn"">web cá độ bóng đá</a> mà còn nhiều trò chơi trực tuyến khác như xổ số, casino online, tôi thích chơi game bài và cá cược thể thao trên đây."
trang cá cược bóng đá,https://diplomaticweek.org/argentina-y-estados-unidos-celebran-200-anos-de-diplomacia/?unapproved=769198&moderation-hash=54869d5c772164591ed704c392c6c90f/,https://diplomaticweek.org/argentina-y-estados-unidos-celebran-200-anos-de-diplomacia/?unapproved=773013&moderation-hash=0811eba1726c2eac88d6f047aa46bc11#comment-773013,"<a href=""https://khoanhkhachong.vn"">trang cá cược bóng đá</a> cung cấp cho tôi nhiều lựa chọn giải trí, từ cá cược thể thao đến game bài và casino online, rất phong phú và đa dạng."
trang cá độ bóng đá uy tín,https://events.citizenshipinvestment.org/backgrounf-banner/,https://events.citizenshipinvestment.org/backgrounf-banner/#comment-3314608,"<a href=""https://khoanhkhachong.vn"">trang cá độ bóng đá uy tín</a> là nơi tôi yêu thích để đặt cược và theo dõi kết quả bóng đá, cũng như tham gia các trò chơi khác như casino online."
trang cá cược uy tín,https://www.vanessaziletti.com/engine/2015/05/take-a-chance.html/jamal-hammadi-sunsilk?unapproved=1662203&moderation-hash=7f51eb8a2d5e4c39eaafea41426ff45d/,https://www.vanessaziletti.com/engine/2015/05/take-a-chance.html/jamal-hammadi-sunsilk?unapproved=1667417&moderation-hash=5eeccc6fe12d7e4e91037faf692ef830#comment-1667417,"<a href=""https://khoanhkhachong.vn"">trang cá cược uy tín</a> không chỉ cung cấp trò chơi trực tuyến mà còn giúp tôi cập nhật thông tin thể thao mới nhất, để tôi có thể đưa ra quyết định cá cược thông minh."
trang cá độ bóng đá,https://psyethics.ru/end/img_7650_d/,https://psyethics.ru/end/img_7650_d/#comment-268829,"Khi tìm kiếm trang web để chơi game trực tuyến, tôi thấy <a href=""https://khoanhkhachong.vn"">trang cá độ bóng đá</a> là nơi lý tưởng, với nhiều trò chơi khác nhau, từ game bài đến xổ số, casino online, và cả thể thao, thật tuyệt vời."
web cá độ bóng đá,https://hugobikes.com/2024/06/25/talleres-de-motos-en-madrid/,https://hugobikes.com/2024/06/25/talleres-de-motos-en-madrid/#comment-466247,"Khi rảnh rỗi, tôi thường vào <a href=""https://khoanhkhachong.vn"">web cá độ bóng đá</a> để chơi game trực tuyến và cập nhật tin tức thể thao, trang web này thật sự rất hữu ích và thú vị."
cá độ bóng đá online,https://tmlbwe.com/hello-world-2/?unapproved=4114&moderation-hash=ca9057abf7eaad9a5049408ac38540a2/,https://tmlbwe.com/hello-world-2/?unapproved=4204&moderation-hash=6ba880a8f9d83f43ccc64031596719d6#comment-4204,"Trang web này có tất cả từ <a href=""https://khoanhkhachong.vn"">cá độ bóng đá online</a> đến game bài và xổ số, rất nhiều lựa chọn cho người chơi."
trang cá độ bóng đá uy tín,https://cfah.org/best-hhc-vape-carts/?unapproved=4526395&moderation-hash=825a0e49fdd5eec08a62f423cd636437/,https://cfah.org/best-hhc-vape-carts/?unapproved=4533514&moderation-hash=efca7b00c47ed54076194af586160236#comment-4533514,"Với <a href=""https://khoanhkhachong.vn"">trang cá độ bóng đá uy tín</a>, tôi có thể chơi game bài trực tuyến và tham gia xổ số online một cách an toàn và tiện lợi."
trang cá cược uy tín,https://amitiegodaguene.franceserv.com/enfants-course-dynamique-r/,https://amitiegodaguene.franceserv.com/enfants-course-dynamique-r/#comment-225015,"Tôi introduction về <a href=""https://khoanhkhachong.vn"">trang cá cược uy tín</a> với bạn bè vì nơi đây có nhiều trò chơi trực tuyến hấp dẫn như game bài, xổ số, casino online và cá cược thể thao, đảm bảo giải trí cho mọi người."
trang cá độ bóng đá,https://www.seitz-sanierung.de/sanierung/steinteppiche-innenbereich/attachment/05171853/,https://www.seitz-sanierung.de/sanierung/steinteppiche-innenbereich/attachment/05171853/#comment-558568,"Tôi đang tìm kiếm một trang web để chơi trò chơi trực tuyến và may mắn tìm được <a href=""https://khoanhkhachong.vn"">trang cá độ bóng đá</a>, nơi có nhiều trò chơi hấp dẫn, từ cá cược bóng đá đến game bài, xổ số, thật tuyệt vời."
web cá cược bóng đá,https://pyrenees-assurances.com/portfolio-view/sed-blandit-massa-vel/,https://pyrenees-assurances.com/portfolio-view/sed-blandit-massa-vel/#comment-150095,"Tôi thường truy cập <a href=""https://khoanhkhachong.vn"">web cá cược bóng đá</a> để tham gia đặt cược và theo dõi kết quả trận đấu trực tiếp, rất tiện lợi và thú vị với nhiều trò chơi trực tuyến khác."
cá độ bóng đá online,https://prettywhite.co/shy-girls-bird-on-the-wing/,https://prettywhite.co/shy-girls-bird-on-the-wing/#comment-742405,"Tôi đã khám phá trang web này và thấy có rất nhiều trò chơi trực tuyến hấp dẫn bao gồm cả <a href=""https://khoanhkhachong.vn"">cá độ bóng đá online</a>."
trang cá độ bóng đá,https://majabyhahn.de/index.php/album/das-glucksprojekt/,https://majabyhahn.de/index.php/album/das-glucksprojekt/#comment-142014,"Tôi thường xuyên truy cập <a href=""https://khoanhkhachong.vn"">trang cá độ bóng đá</a> để chơi cá cược thể thao, ngoài ra còn có thể chơi game bài, xổ số, casino online, thật thú vị và hấp dẫn, nơi lý tưởng để giải trí."
trang cá độ bóng đá uy tín,https://eshop.modelyf1.cz/2022/10/17/exactly-what-is-a-sugar-design/,https://eshop.modelyf1.cz/2022/10/17/exactly-what-is-a-sugar-design/#comment-1333511,"<a href=""https://khoanhkhachong.vn"">trang cá độ bóng đá uy tín</a> cung cấp nhiều tiện ích cho người chơi, từ cá cược thể thao đến game trực tuyến và xổ số online hấp dẫn."
web cá độ bóng đá,https://xn--schorn-umzge-mlb.de/seniorenumzuege-zuschuesse/,https://xn--schorn-umzge-mlb.de/seniorenumzuege-zuschuesse#comment-6128,"Tôi đã trở thành thành viên của <a href=""https://khoanhkhachong.vn"">web cá độ bóng đá</a> từ lâu và rất hài lòng với chất lượng dịch vụ và trải nghiệm chơi game trực tuyến trên trang web này."
web cá cược bóng đá,https://www.riferimenti.org/default/shimoakatsuka/,https://www.riferimenti.org/default/shimoakatsuka/#comment-835977,"Tôi đã tìm thấy một trang web tuyệt vời, không chỉ có <a href=""https://khoanhkhachong.vn"">web cá cược bóng đá</a> mà còn có nhiều game bài và xổ số hấp dẫn, rất thích hợp cho những người thích giải trí số."
trang cá độ bóng đá uy tín,https://pidg-staging.dusted.digital/portfolios/urbasolar/,https://pidg-staging.dusted.digital/portfolios/urbasolar/#comment-339561,"Tôi đã trải nghiệm nhiều trò chơi trực tuyến trên <a href=""https://khoanhkhachong.vn"">trang cá độ bóng đá uy tín</a>, bao gồm cả game bài và casino online thú vị."
trang cá cược uy tín,https://zuba-tto.com/archives/417/,https://zuba-tto.com/archives/417#comment-4491179,"<a href=""https://khoanhkhachong.vn"">trang cá cược uy tín</a> là điểm đến yêu thích của tôi khi muốn chơi game trực tuyến, với nhiều sự lựa chọn như bóng đá, thể thao, game bài, xổ số và casino online, giúp tôi luôn tìm được thứ mình thích."
trang cá độ bóng đá,https://le-media-afrique.com/maroc-le-parlement-denonce-lingerence-des-deputes-europeens/,https://le-media-afrique.com/maroc-le-parlement-denonce-lingerence-des-deputes-europeens/#comment-1741145,"Tôi thích chơi game bài trực tuyến trên <a href=""https://khoanhkhachong.vn"">trang cá độ bóng đá</a>, vì có nhiều trò chơi khác nhau, từ poker đến blackjack, và còn có thể tham gia xổ số, casino online, thật tuyệt vời để thử vận may."
web cá độ bóng đá,https://www.cdce-i.org/?p=4575/,https://www.cdce-i.org/?p=4575#comment-231405,"Tôi thích chơi game bài trực tuyến trên <a href=""https://khoanhkhachong.vn"">web cá độ bóng đá</a> vì có nhiều trò chơi thú vị và cơ hội thắng lớn, thật tuyệt vời khi được trải nghiệm như vậy."
trang cá cược bóng đá,https://pyrenees-assurances.com/non-classe/image-format-post/,https://pyrenees-assurances.com/non-classe/image-format-post/#comment-150096,"<a href=""https://khoanhkhachong.vn"">trang cá cược bóng đá</a> là nơi tôi thường lui tới khi muốn giải trí, với nhiều trò chơi trực tuyến như poker, blackjack và roulette, rất thú vị."
web cá cược bóng đá,https://samaysakshya.co.in/former-cm-and-haridwar-mp-dr-ramesh-pokhriyal-nishank-met-joshimath-disaster-victims/,https://samaysakshya.co.in/former-cm-and-haridwar-mp-dr-ramesh-pokhriyal-nishank-met-joshimath-disaster-victims/#comment-289947,"Khi rảnh rỗi, tôi thường vào <a href=""https://khoanhkhachong.vn"">web cá cược bóng đá</a> để cập nhật tin tức và đặt cược, ngoài ra còn có thể chơi casino online và tham gia nhiều hoạt động giải trí khác trên trang web này."
trang cá cược uy tín,https://dainikup.com/pm-modi-said-we-are-not-family-members-but-understand-pain-of-family/,https://dainikup.com/pm-modi-said-we-are-not-family-members-but-understand-pain-of-family/#comment-477,"Tôi tìm thấy <a href=""https://khoanhkhachong.vn"">trang cá cược uy tín</a> qua một người bạn và rất hài lòng với các trò chơi trực tuyến như game bài, xổ số, casino online và cá cược thể thao, giúp tôi tiết kiệm thời gian tìm kiếm."
cá độ bóng đá online,https://zuba-tto.com/archives/582/,https://zuba-tto.com/archives/582#comment-4491182,"Tôi chơi <a href=""https://khoanhkhachong.vn"">cá độ bóng đá online</a> và theo dõi kết quả trực tiếp trên trang web này vì rất nhanh chóng và chính xác."
trang cá cược bóng đá,https://www.riferimenti.org/default/keiseiueno/,https://www.riferimenti.org/default/keiseiueno/#comment-835983,"Tôi thích <a href=""https://khoanhkhachong.vn"">trang cá cược bóng đá</a> vì nó cung cấp cho tôi nhiều thông tin hữu ích về các trận đấu và đội bóng, cũng như cơ hội tham gia cá cược và chơi game bài."
trang cá độ bóng đá,https://www.basketown.com/2016/11/13/u-15-sconfitta-contro-la-solita-social-osa/20161112_174857-2/,https://www.basketown.com/2016/11/13/u-15-sconfitta-contro-la-solita-social-osa/20161112_174857-2/#comment-170441,"<a href=""https://khoanhkhachong.vn"">trang cá độ bóng đá</a> là nơi tôi thường xuyên chơi trò chơi trực tuyến, từ cá cược bóng đá đến game bài, xổ số, casino online, thật tuyệt vời để giải trí và thử vận may, với nhiều trò chơi hấp dẫn."
web cá độ bóng đá,https://le-media-afrique.com/cinq-pays-dafrique-australe-beneficient-dun-investissement-climatique/,https://le-media-afrique.com/cinq-pays-dafrique-australe-beneficient-dun-investissement-climatique/#comment-1741149,"<a href=""https://khoanhkhachong.vn"">web cá độ bóng đá</a> là nơi tôi tìm thấy nhiều trò chơi trực tuyến thú vị như game bài, xổ số, và cá cược thể thao, thật sự rất tuyệt vời và đa dạng."
cá độ bóng đá online,https://danish-tool.com/danish-tool-productions-logo01/,https://danish-tool.com/danish-tool-productions-logo01/#comment-58685,"Trang web này là điểm đến lý tưởng cho những người yêu thích <a href=""https://khoanhkhachong.vn"">cá độ bóng đá online</a> và các hình thức giải trí trực tuyến khác."
trang cá cược uy tín,https://pidg-staging.dusted.digital/news/news-guarantco-provides-societe-generale-cameroun-and-societe-commerciale-de-banque-cameroun-with-usd-384-million-xaf-equivalent-guarantees-to-finance-strongtollcamstrong-and-support-infrastructure-d/,https://pidg-staging.dusted.digital/news/news-guarantco-provides-societe-generale-cameroun-and-societe-commerciale-de-banque-cameroun-with-usd-384-million-xaf-equivalent-guarantees-to-finance-strongtollcamstrong-and-support-infrastructure-d/#comment-339566,"Tôi thường chơi game bài trực tuyến trên <a href=""https://khoanhkhachong.vn"">trang cá cược uy tín</a> vì giao diện dễ sử dụng và nhiều trò chơi hấp dẫn, giúp tôi thư giãn và giải trí sau giờ làm việc căng thẳng."
web cá cược bóng đá,https://flowlinevalve.com/2022/08/ptfe-lined-sight-flow-indicator-suppliers-in-ahmedabad-gujarat-india/,https://flowlinevalve.com/2022/08/ptfe-lined-sight-flow-indicator-suppliers-in-ahmedabad-gujarat-india/#comment-8907,"Trang web cung cấp <a href=""https://khoanhkhachong.vn"">web cá cược bóng đá</a> và nhiều trò chơi trực tuyến khác như game bài, xổ số, và casino online, tạo nên một nền tảng giải trí số đa dạng và phong phú."
trang cá độ bóng đá,https://samaysakshya.co.in/notice-issued-to-those-who-published-wrong-news-regarding-constable-recruitment-exam-in-social-media/,https://samaysakshya.co.in/notice-issued-to-those-who-published-wrong-news-regarding-constable-recruitment-exam-in-social-media/#comment-289956,"Tôi đang tìm kiếm một trang web để chơi trò chơi trực tuyến và tìm được <a href=""https://khoanhkhachong.vn"">trang cá độ bóng đá</a>, nơi có nhiều trò chơi khác nhau, từ game bài đến xổ số, casino online, và cả thể thao, thật tuyệt vời để giải trí."
trang cá độ bóng đá uy tín,https://www.cdce-i.org/?p=5614&lang=en/,https://www.cdce-i.org/?p=5614&lang=en#comment-231413,"<a href=""https://khoanhkhachong.vn"">trang cá độ bóng đá uy tín</a> là điểm đến lý tưởng cho những người yêu thích giải trí trực tuyến, với nhiều lựa chọn chơi game và cá cược thể thao."
web cá cược bóng đá,https://www.cunadelangel.com/mantaraya/,https://www.cunadelangel.com/mantaraya/#comment-3087547,"Tôi đã trở thành thành viên của một trang web game trực tuyến uy tín, có <a href=""https://khoanhkhachong.vn"">web cá cược bóng đá</a> với tỷ lệ cược hấp dẫn và nhiều chương trình khuyến mãi thu hút."
cá độ bóng đá online,https://skyhilocksmith.com/how-to-change-car-key-battery/,https://skyhilocksmith.com/how-to-change-car-key-battery/#comment-1135137,"Tôi thích chơi <a href=""https://khoanhkhachong.vn"">cá độ bóng đá online</a> trên trang web này vì nó cung cấp nhiều trận đấu hấp dẫn và tỷ lệ cược cạnh tranh, ngoài ra còn có game bài và xổ số trực tuyến để thử vận may."
trang cá cược uy tín,https://www.ivanglinkin.com/funbox-1-walkthrough/funbox1-004/,https://www.ivanglinkin.com/funbox-1-walkthrough/funbox1-004/#comment-365369,"Tôi thường truy cập <a href=""https://khoanhkhachong.vn"">trang cá cược uy tín</a> để chơi các trò chơi trực tuyến như game bài, xổ số và cá cược thể thao, rất thú vị và an toàn."
trang cá cược bóng đá,https://totoharyanto-staff.ipb.ac.id/5-react-training-courses-for-beginners-5/,https://totoharyanto-staff.ipb.ac.id/5-react-training-courses-for-beginners-5/#comment-52961,"Tôi đã giới thiệu <a href=""https://khoanhkhachong.vn"">trang cá cược bóng đá</a> cho bạn bè và họ rất hài lòng, với nhiều trò chơi trực tuyến và cơ hội giải trí, rất đáng thử."
web cá độ bóng đá,https://pyrenees-assurances.com/portfolio-view/malesuada-fames-ac/,https://pyrenees-assurances.com/portfolio-view/malesuada-fames-ac/#comment-150102,"Tôi thường giới thiệu <a href=""https://khoanhkhachong.vn"">web cá độ bóng đá</a> cho bạn bè vì trang web này có nhiều trò chơi trực tuyến thú vị và dịch vụ chất lượng cao, thật tuyệt vời."
trang cá độ bóng đá,https://anbaaiq.net/archives/12658/,https://anbaaiq.net/archives/12658#comment-242057,"Tôi thích truy cập <a href=""https://khoanhkhachong.vn"">trang cá độ bóng đá</a> vì có thể chơi cá cược bóng đá và xem kết quả trực tiếp, ngoài ra còn có thể chơi game bài, xổ số, casino online, thật thú vị và hấp dẫn, nơi lý tưởng để giải trí."
web cá cược bóng đá,https://www.distilleriadauria.it/2020/08/28/alternator-upgrade-designed-easy/,https://www.distilleriadauria.it/2020/08/28/alternator-upgrade-designed-easy/#comment-705357,"Với <a href=""https://khoanhkhachong.vn"">web cá cược bóng đá</a>, tôi có thể theo dõi trận đấu yêu thích và đặt cược dễ dàng, ngoài ra trang web còn cung cấp nhiều thông tin hữu ích về các đội bóng và giải đấu."
cá độ bóng đá online,https://atelierdendoorn.nl/werk-van-cursisten/cursisten58/,https://atelierdendoorn.nl/werk-van-cursisten/cursisten58/#comment-143353,"Tôi đã tìm thấy một trang web tuyệt vời để chơi <a href=""https://khoanhkhachong.vn"">cá độ bóng đá online</a>, nơi tôi có thể theo dõi kết quả trực tiếp và tham gia các cuộc thi hấp dẫn, cũng như chơi game casino và thể thao khác."
trang cá cược uy tín,https://metropembaharuancq.com/2023/03/selamat-ntb-menerima-penghargaan-provinsi-dengan-indeks-kualitas-lingkungan-hidup-terbaik/,https://metropembaharuancq.com/2023/03/selamat-ntb-menerima-penghargaan-provinsi-dengan-indeks-kualitas-lingkungan-hidup-terbaik/#comment-1596932,"Trang web game trực tuyến mà tôi biết là <a href=""https://khoanhkhachong.vn"">trang cá cược uy tín</a>, cung cấp nhiều hình thức giải trí số như casino online và trò chơi trực tuyến khác."
trang cá độ bóng đá uy tín,https://hotel.wy-creations.fr/article-3-2/,https://hotel.wy-creations.fr/article-3-2/#comment-118005,"Tôi thích chơi game trực tuyến trên <a href=""https://khoanhkhachong.vn"">trang cá độ bóng đá uy tín</a> vì có nhiều trò chơi mới và hấp dẫn, cũng như cá cược thể thao tiện lợi."
web cá độ bóng đá,https://www.ivanglinkin.com/os-hacknos-1-walkthrough/hacknos1-017/,https://www.ivanglinkin.com/os-hacknos-1-walkthrough/hacknos1-017/#comment-365371,"Trang web này không chỉ có <a href=""https://khoanhkhachong.vn"">web cá độ bóng đá</a> mà còn nhiều hình thức giải trí số khác như casino online, xổ số, tôi thích chơi game trực tuyến và cá cược thể thao trên đây."
trang cá cược bóng đá,https://djmathieug.com/12974402_10153587529980745_1041838960369953351_n_10153587529980745/,https://djmathieug.com/12974402_10153587529980745_1041838960369953351_n_10153587529980745/#comment-727912,"Tôi thích chơi game trực tuyến trên <a href=""https://khoanhkhachong.vn"">trang cá cược bóng đá</a> vì có nhiều trò chơi thú vị và giải trí số hấp dẫn, từ cá cược thể thao đến game bài và xổ số, tất cả đều có tại đây."
web cá cược bóng đá,https://www.e-sowa.jp/1254/,https://www.e-sowa.jp/1254/#comment-519632,"Trang web này không chỉ chuyên về <a href=""https://khoanhkhachong.vn"">web cá cược bóng đá</a> mà còn mang đến cho tôi cơ hội trải nghiệm nhiều trò chơi trực tuyến khác, từ game bài đến xổ số và casino online."
trang cá cược uy tín,http://regardcubain.unblog.fr/2016/02/25/de-retour-tres-prochainement/comment-page-448/,http://regardcubain.unblog.fr/2016/02/25/de-retour-tres-prochainement/comment-page-449/#comment-222646,"Khi muốn theo dõi kết quả trực tiếp của các trận bóng đá, tôi thường vào <a href=""https://khoanhkhachong.vn"">trang cá cược uy tín</a> để cập nhật thông tin nhanh chóng và chính xác."
cá độ bóng đá online,https://www.theindianpanorama.news/business/with-a-104-tariff-on-china-trumps-trade-war-begins/?unapproved=469456&moderation-hash=19a60e7000cf8f4fd41cf4622c0e9c44/,https://www.theindianpanorama.news/business/with-a-104-tariff-on-china-trumps-trade-war-begins/?unapproved=493056&moderation-hash=4b43c5f7a30d7d59c9f99e23a0b9848b#comment-493056,"Trang web này là lựa chọn số một của tôi để chơi <a href=""https://khoanhkhachong.vn"">cá độ bóng đá online</a>, với giao diện thân thiện và dịch vụ hỗ trợ tốt, ngoài ra còn có nhiều trò chơi trực tuyến khác như game bài và xổ số."
trang cá độ bóng đá uy tín,https://abbey2023spain.opened.ca/2023/06/18/guadalupe-monastery/,https://abbey2023spain.opened.ca/2023/06/18/guadalupe-monastery/#comment-161820,"<a href=""https://khoanhkhachong.vn"">trang cá độ bóng đá uy tín</a> mang lại cho tôi trải nghiệm giải trí trực tuyến tuyệt vời, từ game bài đến xổ số online và cá cược thể thao."
trang cá độ bóng đá,https://www.theindianpanorama.news/unitedstates/indian-american-scientists-chosen-for-environmental-prize-2/?unapproved=469482&moderation-hash=9054416c44b76ea54f52151bd4308ffb/,https://www.theindianpanorama.news/unitedstates/indian-american-scientists-chosen-for-environmental-prize-2/?unapproved=493061&moderation-hash=b21392c3e29cc244606aff9f3633a134#comment-493061,"Tôi thường chơi game bài và cá cược thể thao trên <a href=""https://khoanhkhachong.vn"">trang cá độ bóng đá</a>, rất nhiều trò chơi thú vị và dễ chơi, thưởng lớn, tôi thích trải nghiệm mới mẻ tại đây mỗi ngày với nhiều hình thức giải trí số khác nhau."
web cá độ bóng đá,https://www.theindianpanorama.news/e-edition/october-13-e-edition/?unapproved=469502&moderation-hash=cbc574ba45ad4659cdd3002af31eb719/,https://www.theindianpanorama.news/e-edition/october-13-e-edition/?unapproved=493067&moderation-hash=bf08196b397cd126d5c9c0c78f962d65#comment-493067,"Tôi tìm thấy <a href=""https://khoanhkhachong.vn"">web cá độ bóng đá</a> khi cần một trang web game trực tuyến uy tín và an toàn, giờ đây tôi chơi game bài và cá cược thể thao trên trang web này rất thường xuyên."
cá độ bóng đá online,https://www.cdce-i.org/?p=5263&lang=en/,https://www.cdce-i.org/?p=5263&lang=en#comment-231430,"Tôi đã thử chơi <a href=""https://khoanhkhachong.vn"">cá độ bóng đá online</a> trên nhiều trang web, nhưng trang web này là nơi tôi cảm thấy an toàn và tin cậy nhất, với nhiều lựa chọn thanh toán và rút tiền nhanh chóng."
trang cá cược uy tín,http://regardcubain.unblog.fr/invites/comment-page-115/,http://regardcubain.unblog.fr/invites/comment-page-115/#comment-222647,"Tôi đã tìm thấy một trang web game trực tuyến tuyệt vời, đó là <a href=""https://khoanhkhachong.vn"">trang cá cược uy tín</a>, nơi tôi có thể chơi game bài và xổ số một cách tiện lợi."
web cá độ bóng đá,https://equiposidi.es/blog/?p=130/,https://equiposidi.es/blog/?p=130#comment-65108,"Tôi yêu thích chơi game trực tuyến trên <a href=""https://khoanhkhachong.vn"">web cá độ bóng đá</a> vì nó cung cấp nhiều trò chơi thú vị và cơ hội thắng lớn, từ cá cược thể thao đến game bài và xổ số, rất phong phú và hấp dẫn người chơi."
trang cá cược uy tín,https://cn.apra.vn/%e8%b6%8a%e5%8d%97%e6%b3%95%e5%be%8b%e9%a1%be%e9%97%ae%e7%9a%84%e5%90%88%e6%b3%95%e5%8c%96/consular-legalization/,https://cn.apra.vn/%e8%b6%8a%e5%8d%97%e6%b3%95%e5%be%8b%e9%a1%be%e9%97%ae%e7%9a%84%e5%90%88%e6%b3%95%e5%8c%96/consular-legalization#comment-139496,"<a href=""https://khoanhkhachong.vn"">trang cá cược uy tín</a> là nơi tôi thường chơi cá cược thể thao, đặc biệt là bóng đá, với tỷ lệ cược hấp dẫn và giao dịch an toàn."
trang cá độ bóng đá uy tín,http://idaandersson.dk/duo-karhuluoma-andersson-nordic-lied/?unapproved=1218291&moderation-hash=8515241f1069526ede9d83df74bfb1e0/,http://idaandersson.dk/duo-karhuluoma-andersson-nordic-lied/?unapproved=1229301&moderation-hash=0d083183909b26f128eee23e6b7f0175#comment-1229301,"Tôi thường giới thiệu <a href=""https://khoanhkhachong.vn"">trang cá độ bóng đá uy tín</a> cho bạn bè vì nơi đây cung cấp nhiều trò chơi trực tuyến hấp dẫn và tiện ích cho người chơi."
cá độ bóng đá online,https://www.theindianpanorama.news/business/musks-starlink-receives-final-nod-for-offering-satcom-services-in-india/?unapproved=469567&moderation-hash=a51381d6a6cf42b3983bfa7b9015f6dc/,https://www.theindianpanorama.news/business/musks-starlink-receives-final-nod-for-offering-satcom-services-in-india/?unapproved=493074&moderation-hash=1cd0cf7abafe77afa2cac1cab09b0df3#comment-493074,"Trang web này cung cấp nhiều trận đấu bóng đá hấp dẫn để chơi <a href=""https://khoanhkhachong.vn"">cá độ bóng đá online</a>, cùng với các công cụ phân tích và dự đoán để giúp tôi đưa ra quyết định thông minh."
trang cá cược bóng đá,https://paulines.ph/picafsp/index.php/2017/07/02/media-literacy-education-in-newspaper-and-magazine/,https://paulines.ph/picafsp/index.php/2017/07/02/media-literacy-education-in-newspaper-and-magazine/#comment-30133,"Tôi đã tìm thấy <a href=""https://khoanhkhachong.vn"">trang cá cược bóng đá</a> hoàn hảo để theo dõi và đặt cược vào các trận đấu trực tiếp, đồng thời chơi game bài và casino online với bạn bè, tạo nên một trải nghiệm giải trí tuyệt vời."
web cá độ bóng đá,https://cn.apra.vn/%e5%b7%a5%e4%b8%9a%e5%8c%ba%e7%bb%8f%e8%90%a5%e6%89%80%e4%ba%ab%e5%8f%97%e7%9a%84%e4%bc%81%e4%b8%9a%e7%89%b9%e6%83%a0/kcn-long-hau_1171158-2/,https://cn.apra.vn/%e5%b7%a5%e4%b8%9a%e5%8c%ba%e7%bb%8f%e8%90%a5%e6%89%80%e4%ba%ab%e5%8f%97%e7%9a%84%e4%bc%81%e4%b8%9a%e7%89%b9%e6%83%a0/kcn-long-hau_1171158-2#comment-139497,"Trang <a href=""https://khoanhkhachong.vn"">web cá độ bóng đá</a> là nơi tôi thường xuyên chơi cá cược bóng đá và theo dõi kết quả trực tiếp, ngoài ra cũng có nhiều game bài và xổ số để tham gia, tạo nên một trải nghiệm giải trí tuyệt vời."
trang cá độ bóng đá,https://www.artmaya.cz/art/moderni-obrazy-pro-vase-interiery/?unapproved=230299&moderation-hash=a6997f132ea3cea3f559f12994b70774/,https://www.artmaya.cz/art/moderni-obrazy-pro-vase-interiery/#comment-232414,"<a href=""https://khoanhkhachong.vn"">trang cá độ bóng đá</a> là nơi tôi thường xem kết quả trực tiếp của các trận đấu bóng đá, rất tiện lợi và nhanh chóng, ngoài ra còn có nhiều trò chơi trực tuyến khác như xổ số, casino online, rất thú vị và hấp dẫn."
web cá cược bóng đá,https://www.marfisicarni.it/filiera/page_bg_terriccio/,https://www.marfisicarni.it/filiera/page_bg_terriccio/#comment-177041,"Tôi thường chia sẻ kinh nghiệm của mình về <a href=""https://khoanhkhachong.vn"">web cá cược bóng đá</a> với bạn bè, và chúng tôi cùng nhau khám phá nhiều trò chơi trực tuyến thú vị trên trang web này."
trang cá độ bóng đá,https://metropembaharuancq.com/2020/07/bupati-dan-wakil-bupati-bima-silaturahmi-dengan-warga-masyrakat-sape/,https://metropembaharuancq.com/2020/07/bupati-dan-wakil-bupati-bima-silaturahmi-dengan-warga-masyrakat-sape/#comment-1596936,"Khi rảnh rỗi, tôi thường chơi game trực tuyến trên <a href=""https://khoanhkhachong.vn"">trang cá độ bóng đá</a>, có nhiều trò chơi thú vị như game bài, xổ số, và cá cược thể thao, rất dễ chơi và có cơ hội thắng lớn, tôi cảm thấy rất thích thú."
cá độ bóng đá online,https://dboukrestaurant.com/2018/10/16/baby-girl-be-ready-for-the-coming-summer/,https://dboukrestaurant.com/2018/10/16/baby-girl-be-ready-for-the-coming-summer/#comment-79103,"Nếu bạn đang tìm kiếm một trang web để chơi <a href=""https://khoanhkhachong.vn"">cá độ bóng đá online</a>, tôi khuyên bạn nên thử trang web này, với nhiều khuyến mãi và ưu đãi hấp dẫn cho người chơi mới."
trang cá độ bóng đá uy tín,https://www.chodecoptimista.cz/2020/01/13/hostinec/,https://www.chodecoptimista.cz/2020/01/13/hostinec/#comment-3870709,"Tôi đã tìm thấy <a href=""https://khoanhkhachong.vn"">trang cá độ bóng đá uy tín</a> để chơi cá cược bóng đá trực tuyến, ngoài ra còn có nhiều trò chơi hấp dẫn khác như game bài, xổ số, casino online."
trang cá cược bóng đá,https://en.apra.vn/news-events/tin-tuc-su-kien-2/,https://en.apra.vn/news-events/tin-tuc-su-kien-2#comment-37970,"<a href=""https://khoanhkhachong.vn"">trang cá cược bóng đá</a> cung cấp cho tôi nhiều lựa chọn giải trí số khác nhau, từ xem kết quả trực tiếp đến chơi game trực tuyến, và tôi có thể đặt cược vào các sự kiện thể thao yêu thích của mình một cách dễ dàng."
web cá cược bóng đá,https://cn.apra.vn/%e5%a4%96%e5%9b%bd%e4%ba%ba%e5%8f%af%e4%bb%a5%e5%9c%a8%e8%b6%8a%e5%8d%97%e4%b9%b0%e6%88%bf%e5%90%97%ef%bc%9f/,https://cn.apra.vn/%e5%a4%96%e5%9b%bd%e4%ba%ba%e5%8f%af%e4%bb%a5%e5%9c%a8%e8%b6%8a%e5%8d%97%e4%b9%b0%e6%88%bf%e5%90%97%ef%bc%9f#comment-139499,"Tôi đã tìm thấy một trang web tuyệt vời nơi có <a href=""https://khoanhkhachong.vn"">web cá cược bóng đá</a> và nhiều trò chơi khác, tạo nên một không gian giải trí trực tuyến lý tưởng cho những người thích thử thách và may rủi."
cá độ bóng đá online,https://digital-planning.jp/post-0-335/,https://digital-planning.jp/post-0-335/#comment-3197664,"Trang web này không chỉ cung cấp <a href=""https://khoanhkhachong.vn"">cá độ bóng đá online</a>, mà còn có nhiều trò chơi trực tuyến khác như game bài, xổ số, và casino, giúp tôi có trải nghiệm giải trí đa dạng."
web cá độ bóng đá,https://1001stenag.co.za/portfolio/flippin-the-bird/,https://1001stenag.co.za/portfolio/flippin-the-bird/#comment-386777,"Khi nhắc đến <a href=""https://khoanhkhachong.vn"">web cá độ bóng đá</a>, tôi nghĩ ngay đến một nền tảng giải trí số đa dạng với nhiều trò chơi trực tuyến, từ thể thao đến game bài và casino online, mang lại trải nghiệm thú vị cho người dùng."
trang cá cược uy tín,https://messiahmbc.org/2/,https://messiahmbc.org/2/#comment-161432,"Tôi thích chơi game trực tuyến trên <a href=""https://khoanhkhachong.vn"">trang cá cược uy tín</a> vì có nhiều sự lựa chọn như casino online, trò chơi điện tử và xổ số."
trang cá độ bóng đá,https://cn.apra.vn/%e5%a4%96%e5%9b%bd%e4%ba%ba%e5%9c%a8%e8%b6%8a%e5%8d%97%e5%b7%a5%e4%bd%9c%e6%97%b6%e7%9a%84%e6%b3%a8%e6%84%8f%e4%ba%8b%e9%a1%b9/,https://cn.apra.vn/%e5%a4%96%e5%9b%bd%e4%ba%ba%e5%9c%a8%e8%b6%8a%e5%8d%97%e5%b7%a5%e4%bd%9c%e6%97%b6%e7%9a%84%e6%b3%a8%e6%84%8f%e4%ba%8b%e9%a1%b9#comment-139500,"<a href=""https://khoanhkhachong.vn"">trang cá độ bóng đá</a> cung cấp nhiều hình thức giải trí số khác nhau, từ game bài, xổ số, đến cá cược thể thao, rất đa dạng và phong phú, tôi có thể chơi và giải trí mọi lúc mọi nơi, rất tiện lợi."
trang cá cược bóng đá,https://kenalice.tw/blog/post/43492756/,https://kenalice.tw/blog/post/43492756#comment-66277,"Tôi đã trở thành thành viên của <a href=""https://khoanhkhachong.vn"">trang cá cược bóng đá</a> và rất hài lòng với chất lượng dịch vụ và sự đa dạng của các trò chơi trực tuyến, từ game bài đến xổ số và casino online, tất cả đều rất thú vị."
web cá độ bóng đá,https://ves.ac.in/polytechnic/2013/11/09/link-post-format/,https://ves.ac.in/polytechnic/2013/11/09/link-post-format/#comment-53923,"<a href=""https://khoanhkhachong.vn"">web cá độ bóng đá</a> không chỉ là nơi để chơi cá cược bóng đá, mà còn cung cấp nhiều trò chơi trực tuyến khác như game bài, xổ số, và casino online, tạo nên một thế giới giải trí số phong phú và hấp dẫn."
trang cá cược uy tín,https://geoiq.ai/blog/geospatial-intelligence-empowering-businesses-with-location-insights/,https://geoiq.ai/blog/geospatial-intelligence-empowering-businesses-with-location-insights/#comment-5245,"Để có trải nghiệm giải trí số tốt nhất, tôi thường truy cập <a href=""https://khoanhkhachong.vn"">trang cá cược uy tín</a>, nơi cung cấp nhiều hình thức chơi và theo dõi kết quả trực tiếp."
cá độ bóng đá online,https://tmlbwe.com/hello-world-2/?unapproved=4116&moderation-hash=d7c9a1595ff5c1852b24a6ab48d4220a/,https://tmlbwe.com/hello-world-2/?unapproved=4205&moderation-hash=1457a4c678e07dcdfb7ac7bc51752b5b#comment-4205,"Tôi thích cách trang web này tổ chức các trận đấu <a href=""https://khoanhkhachong.vn"">cá độ bóng đá online</a>, với nhiều lựa chọn cược và tỷ lệ cược cạnh tranh, giúp tôi có cơ hội thắng lớn."
web cá cược bóng đá,https://expcloud.com/2017/10/26/introducing-exp-enterprise-dashboard-your-control-panel-to-pilot-your-business/?unapproved=7231&moderation-hash=83a35ee3561c88826e40e49567cd8617/,https://expcloud.com/2017/10/26/introducing-exp-enterprise-dashboard-your-control-panel-to-pilot-your-business/?unapproved=7324&moderation-hash=4807ec68f3f6c087c63d1362169ee925#comment-7324,"Tôi thích tham gia <a href=""https://khoanhkhachong.vn"">web cá cược bóng đá</a> vì sự tiện lợi và đa dạng của các trò chơi trực tuyến, từ đặt cược thể thao đến chơi game bài và tham gia xổ số, tất cả đều trên một trang web."
trang cá cược uy tín,https://feettothefire.blogs.wesleyan.edu/2009/02/26/main-street-marketplace/comment-page-199/,https://feettothefire.blogs.wesleyan.edu/2009/02/26/main-street-marketplace/comment-page-200/#comment-1191811,"Trang web mà tôi thường truy cập để chơi game bài là <a href=""https://khoanhkhachong.vn"">trang cá cược uy tín</a>, với nhiều trò chơi hấp dẫn và cơ hội thắng lớn."
trang cá độ bóng đá uy tín,https://tmlbwe.com/hello-world-2/?unapproved=4117&moderation-hash=4dac2f8d7bebd709974c28cecf1c52e3/,https://tmlbwe.com/hello-world-2/?unapproved=4206&moderation-hash=3527220ebb37009f3971a1538debb732#comment-4206,"Tôi thường chơi game bài trực tuyến trên <a href=""https://khoanhkhachong.vn"">trang cá độ bóng đá uy tín</a>, nơi cũng cung cấp các dịch vụ cá cược thể thao và giải trí số đa dạng khác."
web cá độ bóng đá,http://idaandersson.dk/duo-karhuluoma-andersson-nordic-lied/?unapproved=1218462&moderation-hash=7ac40c52974c104d72c05381cc6b42bb/,http://idaandersson.dk/duo-karhuluoma-andersson-nordic-lied/?unapproved=1229323&moderation-hash=20b60b8cef1bc2a1a3a3b67d8d98718e#comment-1229323,"Tôi thường chơi game bài trực tuyến trên <a href=""https://khoanhkhachong.vn"">web cá độ bóng đá</a> vì nó mang lại nhiều trải nghiệm thú vị và cơ hội thắng lớn, ngoài ra cũng có thể theo dõi kết quả trực tiếp của các trận bóng đá."
trang cá độ bóng đá,https://diplomaticweek.org/fallecio-el-ex-presidente-italiano-giorgio-napolitano/?unapproved=769309&moderation-hash=52f3360df69a443bf77269c75b7f2c8c/,https://diplomaticweek.org/fallecio-el-ex-presidente-italiano-giorgio-napolitano/?unapproved=773027&moderation-hash=c0ff4d42118a9e53d950c4ddc76f786f#comment-773027,"Tôi là người yêu thích trò chơi trực tuyến, <a href=""https://khoanhkhachong.vn"">trang cá độ bóng đá</a> là nơi tôi thường lui tới, có nhiều trò chơi thú vị như game bài, xổ số, và cá cược thể thao, rất dễ chơi và có cơ hội thắng lớn, tôi cảm thấy rất hứng thú."
web cá cược bóng đá,https://www.centroasturianodemexico.com/volibol/equipo-lena-de-volibol/,https://www.centroasturianodemexico.com/volibol/equipo-lena-de-volibol/#comment-1092667,"Tôi thường chơi game trực tuyến trên <a href=""https://khoanhkhachong.vn"">web cá cược bóng đá</a> để trải nghiệm những trận đấu thú vị, ngoài ra còn có thể tham gia cá cược thể thao và chơi game bài trực tuyến rất hấp dẫn."
cá độ bóng đá online,https://samaysakshya.co.in/appointment-of-state-law-officers-in-supreme-court-and-high-court-see-list/,https://samaysakshya.co.in/appointment-of-state-law-officers-in-supreme-court-and-high-court-see-list/#comment-290014,"Trang web này có đội ngũ hỗ trợ khách hàng chuyên nghiệp, luôn sẵn sàng giúp tôi giải quyết vấn đề khi chơi <a href=""https://khoanhkhachong.vn"">cá độ bóng đá online</a>, cũng như cung cấp thông tin về các trận đấu và tỷ lệ cược."
trang cá cược bóng đá,https://www.parks-und-gaerten.de/arboretum-juwoe/31-lebensmobile-arboretum-juwoe/,https://www.parks-und-gaerten.de/arboretum-juwoe/31-lebensmobile-arboretum-juwoe/#comment-2177482,"Tôi thích chơi game trực tuyến trên <a href=""https://khoanhkhachong.vn"">trang cá cược bóng đá</a> vì có nhiều khuyến mãi hấp dẫn và奖励 cho người chơi, giúp tôi tận hưởng trải nghiệm giải trí số một cách tối đa."
cá độ bóng đá online,https://southdevonsaustralia.com/south-devon-cross-hereford-steers-neil-haggers/,https://southdevonsaustralia.com/south-devon-cross-hereford-steers-neil-haggers/#comment-159929,"Tôi cảm thấy may mắn khi tìm thấy trang web này, nơi tôi có thể chơi <a href=""https://khoanhkhachong.vn"">cá độ bóng đá online</a> và nhiều trò chơi khác, với nhiều khuyến mãi và ưu đãi hấp dẫn giúp tôi tiết kiệm tiền."
trang cá độ bóng đá uy tín,https://bandadelriosali.gob.ar/capilla-de-santa-rosa-de-lima-en-pacara/capilla-santa-rosa-de-lima-en-pacara-1/,https://bandadelriosali.gob.ar/capilla-de-santa-rosa-de-lima-en-pacara/capilla-santa-rosa-de-lima-en-pacara-1/#comment-280096,"Khi tìm kiếm trang web chơi game trực tuyến, tôi thấy <a href=""https://khoanhkhachong.vn"">trang cá độ bóng đá uy tín</a> cung cấp nhiều lựa chọn như chơi cá cược bóng đá, xem kết quả trực tiếp và tham gia các giải đấu khác."
trang cá cược uy tín,https://fiskalna-kasa.rs/pre-built-pages/home-v1/,https://fiskalna-kasa.rs/pre-built-pages/home-v1/#comment-17767,"Tôi đã thử chơi cá cược thể thao trên <a href=""https://khoanhkhachong.vn"">trang cá cược uy tín</a> và cảm thấy rất hài lòng với chất lượng dịch vụ và tốc độ giao dịch."
trang cá độ bóng đá,https://agcinformatica.es/descargas/descarga-2/,https://agcinformatica.es/descargas/descarga-2/#comment-474959,"<a href=""https://khoanhkhachong.vn"">trang cá độ bóng đá</a> là nơi lý tưởng để chơi game bài và cá cược thể thao, rất nhiều trò chơi thú vị và dễ chơi, thưởng lớn, tôi thích trải nghiệm mới mẻ tại đây mỗi ngày với nhiều hình thức giải trí số khác nhau."
trang cá cược bóng đá,https://www.llibreriasendak.cat/cob-wonder-peli-alta/,https://www.llibreriasendak.cat/cob-wonder-peli-alta/#comment-180414,"<a href=""https://khoanhkhachong.vn"">trang cá cược bóng đá</a> là nơi tôi tìm thấy niềm vui và giải trí thực sự, với nhiều trò chơi trực tuyến khác nhau và cơ hội đặt cược vào các sự kiện thể thao quan trọng, tất cả đều được cập nhật thường xuyên."
web cá độ bóng đá,https://www.agusas.jp/%e3%82%a4%e3%83%99%e3%83%b3%e3%83%88%e6%83%85%e5%a0%b1/attachment/jbf/,https://www.agusas.jp/%e3%82%a4%e3%83%99%e3%83%b3%e3%83%88%e6%83%85%e5%a0%b1/attachment/jbf/#comment-1417426,"Trang <a href=""https://khoanhkhachong.vn"">web cá độ bóng đá</a> là điểm đến lý tưởng cho những người yêu thích game trực tuyến và cá cược thể thao, với nhiều trò chơi và cơ hội thắng lớn, tạo nên một trải nghiệm giải trí không giới hạn."
trang cá độ bóng đá uy tín,https://tmlbwe.com/hello-world-2/?unapproved=4110&moderation-hash=8cdbd4ae340aa2ab4aea00989ccc2016/,https://tmlbwe.com/hello-world-2/?unapproved=4207&moderation-hash=f7e1eb768d4e538178fba6a497ffca4d#comment-4207,"<a href=""https://khoanhkhachong.vn"">trang cá độ bóng đá uy tín</a> không chỉ là nơi để chơi cá cược bóng đá mà còn có nhiều trò chơi trực tuyến hấp dẫn như xổ số, casino online và game bài đa dạng."
trang cá độ bóng đá,http://roulemapoule973.unblog.fr/2014/06/05/des-images-qui-bougent/comment-page-92/,http://roulemapoule973.unblog.fr/2014/06/05/des-images-qui-bougent/comment-page-93/#comment-63485,"Tôi thường chơi xổ số và casino online trên <a href=""https://khoanhkhachong.vn"">trang cá độ bóng đá</a>, rất nhiều trò chơi thú vị và dễ chơi, có cơ hội thắng lớn, tôi cảm thấy rất thích thú và giải trí, rất phù hợp với nhu cầu của tôi."
trang cá cược uy tín,https://chamundaengineeringworks.in/home/fully/,https://chamundaengineeringworks.in/home/fully/#comment-460204,"Tôi nghĩ <a href=""https://khoanhkhachong.vn"">trang cá cược uy tín</a> là một trong những trang web game trực tuyến tốt nhất, cung cấp nhiều hình thức giải trí số khác nhau cho người dùng."
trang cá độ bóng đá,https://caes.uog.edu.et/portfolio/sollicitudin-pharetra-porta/,https://caes.uog.edu.et/portfolio/sollicitudin-pharetra-porta/#comment-28239,"<a href=""https://khoanhkhachong.vn"">trang cá độ bóng đá</a> cung cấp nhiều trò chơi trực tuyến khác nhau, từ game bài, xổ số, đến cá cược thể thao, rất đa dạng và phong phú, tôi có thể chơi và giải trí mọi lúc mọi nơi, rất tiện lợi và nhanh chóng."
trang cá cược bóng đá,https://www.avioelectronics-company.com/2017/12/28/attitude-director-indicator-astronautics-3/,https://www.avioelectronics-company.com/2017/12/28/attitude-director-indicator-astronautics-3/#comment-894154,"Tôi đã giới thiệu <a href=""https://khoanhkhachong.vn"">trang cá cược bóng đá</a> cho bạn bè và gia đình vì chất lượng dịch vụ và sự đa dạng của các trò chơi trực tuyến, từ game bài đến casino online và xổ số, đều rất đáng tin cậy."
trang cá độ bóng đá uy tín,http://www.sidotec.it/song-of-the-month-2/,http://www.sidotec.it/song-of-the-month-2/#comment-191255,"Tôi thích chơi xổ số trên <a href=""https://khoanhkhachong.vn"">trang cá độ bóng đá uy tín</a> vì sự đa dạng và tiện lợi, ngoài ra cũng có thể chơi game bài và tham gia cá cược thể thao."
cá độ bóng đá online,https://www.hohenlimburger-sv.de/31-01-14/,https://www.hohenlimburger-sv.de/31-01-14/#comment-121323,"Tôi đã thử <a href=""https://khoanhkhachong.vn"">cá độ bóng đá online</a> trên trang web này và cảm thấy rất thú vị, nhiều trò chơi trực tuyến hấp dẫn và xổ số để tham gia mọi lúc."
trang cá cược uy tín,https://www.steuler.nl/gmedia/01-mooijman-web-001-jpg/,https://www.steuler.nl/gmedia/01-mooijman-web-001-jpg/#comment-74090,"Tôi đã tìm thấy <a href=""https://khoanhkhachong.vn"">trang cá cược uy tín</a> với nhiều trò chơi hấp dẫn, từ cá cược thể thao đến game bài và xổ số, mang lại trải nghiệm giải trí tuyệt vời cho người dùng."
trang cá cược bóng đá,http://roulemapoule973.unblog.fr/2014/03/14/le-retour/comment-page-91/,http://roulemapoule973.unblog.fr/2014/03/14/le-retour/comment-page-91/#comment-63486,"Tôi rất hài lòng với <a href=""https://khoanhkhachong.vn"">trang cá cược bóng đá</a> vì cung cấp cho tôi nhiều lựa chọn giải trí số khác nhau, từ xem kết quả trực tiếp đến chơi game trực tuyến, và tất cả đều rất dễ sử dụng và thuận tiện."
trang cá độ bóng đá,https://frieda-kaffeebar.de/blog-post-left-sidebar/,https://frieda-kaffeebar.de/blog-post-left-sidebar/#comment-629687,"Tôi thích chơi game trực tuyến trên <a href=""https://khoanhkhachong.vn"">trang cá độ bóng đá</a> vì có nhiều trò chơi thú vị và dễ chơi, thưởng lớn, tôi có thể chơi và giải trí mọi lúc mọi nơi, rất tiện lợi và phù hợp với nhu cầu của tôi."
web cá độ bóng đá,https://noto-highschool.com/img_9328/,https://noto-highschool.com/img_9328/#comment-774709,"Tôi đã tìm thấy nhiều trò chơi thú vị trên <a href=""https://khoanhkhachong.vn"">web cá độ bóng đá</a>, từ game bài đến xổ số và casino online, tất cả đều mang lại trải nghiệm giải trí số tuyệt vời và cơ hội thắng lớn."
trang cá cược uy tín,https://geb-tga.de/just-how-would-i-or-can-i-deal-with-this-example-11/,https://geb-tga.de/just-how-would-i-or-can-i-deal-with-this-example-11/#comment-7943272,"Tôi thích chơi game bài trực tuyến trên <a href=""https://khoanhkhachong.vn"">trang cá cược uy tín</a> vì có nhiều tùy chọn và giao diện thân thiện, giúp tôi dễ dàng đặt cược và theo dõi kết quả."
cá độ bóng đá online,https://www.movimentoper.it/rassegnastampa/28-07-2011-dire-famiglia-tarzia-sostenerla-e-investire-su-futuro-societa-riconoscere-status-soggettivo-educativo-economico-e-politico/,https://www.movimentoper.it/rassegnastampa/28-07-2011-dire-famiglia-tarzia-sostenerla-e-investire-su-futuro-societa-riconoscere-status-soggettivo-educativo-economico-e-politico/#comment-477580,"Tôi thường chơi game bài trực tuyến và <a href=""https://khoanhkhachong.vn"">cá độ bóng đá online</a> trên trang web này, giao diện đẹp và dễ sử dụng, rất thích hợp cho những người yêu thể thao."
trang cá độ bóng đá uy tín,http://www.namnewsnetwork.org/es/?p=4775/,http://www.namnewsnetwork.org/es/?p=4775#comment-3659625,"<a href=""https://khoanhkhachong.vn"">trang cá độ bóng đá uy tín</a> là nơi tôi thường chơi game trực tuyến, từ game bài đến xổ số, và cũng tham gia cá cược bóng đá với nhiều lựa chọn hấp dẫn."
trang cá độ bóng đá,https://www.centrostudiluccini.it/cropped-4046-albero-della-solidarieta-disabili-via-del-padovanino-pd-jpg/,https://www.centrostudiluccini.it/cropped-4046-albero-della-solidarieta-disabili-via-del-padovanino-pd-jpg/#comment-275789,"<a href=""https://khoanhkhachong.vn"">trang cá độ bóng đá</a> là nơi tôi thường chơi game bài và tham gia xổ số, rất nhiều trò chơi thú vị và dễ chơi, có cơ hội thắng lớn, tôi cảm thấy rất thích thú và giải trí, rất phù hợp với sở thích của tôi."
web cá độ bóng đá,https://www.edukids.my/2018/04/28/relax-exercise/,https://www.edukids.my/2018/04/28/relax-exercise/#comment-553404,"<a href=""https://khoanhkhachong.vn"">web cá độ bóng đá</a> cung cấp nhiều trò chơi trực tuyến đa dạng, bao gồm cả game bài, xổ số, và casino online, ngoài ra cũng có thể chơi cá cược bóng đá và theo dõi kết quả trực tiếp, rất phong phú và hấp dẫn."
trang cá cược bóng đá,https://www.catedradehermeneutica.org/onlenheres/antonio_dominguez/,https://www.catedradehermeneutica.org/onlenheres/antonio_dominguez/#comment-192197,"<a href=""https://khoanhkhachong.vn"">trang cá cược bóng đá</a> là nơi tôi đặt cược vào các trận đấu bóng đá yêu thích và chơi game trực tuyến với bạn bè, tạo nên một trải nghiệm giải trí số thực sự thú vị và hấp dẫn."
trang cá cược uy tín,https://martopopov.bg/11-ticket/,https://martopopov.bg/11-ticket/#comment-323343,"Trang web game trực tuyến mà tôi yêu thích có <a href=""https://khoanhkhachong.vn"">trang cá cược uy tín</a> với các trận đấu thể thao trực tiếp, cho phép tôi đặt cược và theo dõi kết quả một cách dễ dàng và nhanh chóng."
cá độ bóng đá online,https://eq-ccqqfar.usac.edu.gt/img-9297/,https://eq-ccqqfar.usac.edu.gt/img-9297/#comment-1643157,"Trang web này cung cấp nhiều hình thức giải trí số, bao gồm cả <a href=""https://khoanhkhachong.vn"">cá độ bóng đá online</a>, rất phù hợp cho những người muốn trải nghiệm nhiều loại trò chơi khác nhau."
trang cá độ bóng đá uy tín,https://caes.uog.edu.et/post-with-both-sidebar/,https://caes.uog.edu.et/post-with-both-sidebar/#comment-28258,"Tôi đã khám phá <a href=""https://khoanhkhachong.vn"">trang cá độ bóng đá uy tín</a> và thấy rằng ngoài cá cược bóng đá, còn có nhiều trò chơi khác như casino online, game bài, và xổ số để giải trí."
trang cá độ bóng đá,https://conveyancingexpert.co.uk/what-if-your-property-is-in-negative-equity/,https://conveyancingexpert.co.uk/what-if-your-property-is-in-negative-equity/#comment-655539,"Tôi thường xuyên truy cập <a href=""https://khoanhkhachong.vn"">trang cá độ bóng đá</a> để cập nhật thông tin và đặt cược cho đội bóng yêu thích, ngoài ra còn có nhiều trò chơi trực tuyến thú vị khác như game bài và xổ số."
trang cá cược bóng đá,https://metropembaharuancq.com/2020/10/kabupaten-bimakampanye-putaran-kedua-nomor-urut-3-blusukan-di-kecematan-montadi-sambut-antusias-oleh-ibuibu/,https://metropembaharuancq.com/2020/10/kabupaten-bimakampanye-putaran-kedua-nomor-urut-3-blusukan-di-kecematan-montadi-sambut-antusias-oleh-ibuibu/#comment-1596941,"Tôi đã trở thành người dùng thường xuyên của <a href=""https://khoanhkhachong.vn"">trang cá cược bóng đá</a> vì sự đa dạng của các trò chơi trực tuyến và chất lượng dịch vụ, từ game bài đến xổ số và casino online, tất cả đều rất tuyệt vời."
web cá độ bóng đá,https://blogs.phil.hhu.de/dgi2012/fotos-der-dgi-konferenz-2012-teil-2/dsc_0260/,https://blogs.phil.hhu.de/dgi2012/fotos-der-dgi-konferenz-2012-teil-2/dsc_0260/#comment-164215,"Trang <a href=""https://khoanhkhachong.vn"">web cá độ bóng đá</a> là nơi tôi thường xuyên chơi game trực tuyến và theo dõi kết quả thể thao, với nhiều trò chơi và cơ hội thắng lớn, tạo nên một trải nghiệm giải trí số tuyệt vời và không giới hạn."
trang cá cược uy tín,http://julieandthebeauty.unblog.fr/2014/10/05/tag-would-you-rather-tu-prefererais/comment-page-174/,http://julieandthebeauty.unblog.fr/2014/10/05/tag-would-you-rather-tu-prefererais/comment-page-175/#comment-158417,"Tôi đã trải nghiệm nhiều trò chơi trực tuyến trên <a href=""https://khoanhkhachong.vn"">trang cá cược uy tín</a> và cảm thấy rất hài lòng với chất lượng và độ đa dạng của các trò chơi, từ casino đến xổ số."
web cá cược bóng đá,https://1001stenag.co.za/portfolio/merchant/,https://1001stenag.co.za/portfolio/merchant/#comment-386784,"Tôi rất thích chơi trên <a href=""https://khoanhkhachong.vn"">web cá cược bóng đá</a> vì có nhiều trò chơi trực tuyến thú vị, từ cá cược bóng đá đến game bài và xổ số, giúp tôi giải trí sau những ngày làm việc căng thẳng."
cá độ bóng đá online,https://www.centroasturianodemexico.com/badminton/juegos-deportivos-infantiles-y-juveniles-de-la-cdmx-2022/,https://www.centroasturianodemexico.com/badminton/juegos-deportivos-infantiles-y-juveniles-de-la-cdmx-2022/#comment-1092695,"Tôi đã giới thiệu trang web này cho bạn bè để cùng chơi <a href=""https://khoanhkhachong.vn"">cá độ bóng đá online</a> và xem kết quả trực tiếp, mọi người đều rất hài lòng với chất lượng dịch vụ."
trang cá độ bóng đá uy tín,https://blog.classicshapewear.com/style-smocked-sundresses-spring/b1/,https://blog.classicshapewear.com/style-smocked-sundresses-spring/b1/#comment-294142,"Khi muốn chơi cá cược thể thao, tôi thường truy cập <a href=""https://khoanhkhachong.vn"">trang cá độ bóng đá uy tín</a>, nơi cũng cung cấp nhiều trò chơi trực tuyến khác như game bài, xổ số, và casino online."
trang cá cược bóng đá,https://pidg-staging.dusted.digital/news/announcing-the-execution-of-an-85mw-power-purchase-agreement-between-greenco-and-amea-power/,https://pidg-staging.dusted.digital/news/announcing-the-execution-of-an-85mw-power-purchase-agreement-between-greenco-and-amea-power/#comment-339604,"Tôi thích chơi game bài trực tuyến và cá cược bóng đá trên <a href=""https://khoanhkhachong.vn"">trang cá cược bóng đá</a> vì nó cung cấp nhiều lựa chọn và tỷ lệ cược hấp dẫn, giúp tôi giải trí và kiếm thêm thu nhập."
trang cá độ bóng đá,https://www.camillaceccatelli.com/project/digital-art-cute-little-dragon/,https://www.camillaceccatelli.com/project/digital-art-cute-little-dragon/#comment-269564,"Tôi đã tìm thấy <a href=""https://khoanhkhachong.vn"">trang cá độ bóng đá</a> hoàn hảo để theo dõi và đặt cược vào các trận đấu bóng đá, đồng thời cũng có thể chơi casino online và tham gia các hoạt động giải trí khác."
web cá độ bóng đá,https://raiz-ta.com/2020%e5%b9%b4%ef%bc%99%e6%9c%88%e8%a1%8c%e4%ba%8b%e4%ba%88%e5%ae%9a/,https://raiz-ta.com/2020%e5%b9%b4%ef%bc%99%e6%9c%88%e8%a1%8c%e4%ba%8b%e4%ba%88%e5%ae%9a#comment-847641,"Tôi yêu thích trải nghiệm giải trí số trên <a href=""https://khoanhkhachong.vn"">web cá độ bóng đá</a> vì nó mang lại nhiều trò chơi thú vị và cơ hội thắng lớn, từ cá cược bóng đá đến game bài và xổ số, tạo nên một thế giới giải trí phong phú và hấp dẫn."
cá độ bóng đá online,http://ks.pg.gda.pl/?attachment_id=4265&cpage=91/,http://ks.pg.gda.pl/?attachment_id=4265&cpage=93#comment-547489,"Trang web này là nơi tôi thường xuyên chơi game trực tuyến và tham gia <a href=""https://khoanhkhachong.vn"">cá độ bóng đá online</a>, cảm giác rất tuyệt vời và an toàn khi sử dụng."
web cá cược bóng đá,https://blog.classicshapewear.com/perfect-body-shape/hourglass-shape/,https://blog.classicshapewear.com/perfect-body-shape/hourglass-shape/#comment-294144,"Khi tìm kiếm <a href=""https://khoanhkhachong.vn"">web cá cược bóng đá</a>, tôi đã tìm thấy một trang web game trực tuyến tuyệt vời với nhiều hình thức giải trí số khác nhau, từ thể thao đến casino online, giúp tôi luôn có trải nghiệm mới mẻ."
trang cá độ bóng đá uy tín,https://pidg-staging.dusted.digital/portfolios/northern-arc/,https://pidg-staging.dusted.digital/portfolios/northern-arc/#comment-339605,"<a href=""https://khoanhkhachong.vn"">trang cá độ bóng đá uy tín</a> là điểm đến lý tưởng của tôi để chơi game trực tuyến, từ chơi cá cược bóng đá đến tham gia xổ số và các trò chơi khác."
web cá độ bóng đá,https://pidg-staging.dusted.digital/portfolios/albatros-energy/,https://pidg-staging.dusted.digital/portfolios/albatros-energy/#comment-339608,"Tôi thích chơi game trên <a href=""https://khoanhkhachong.vn"">web cá độ bóng đá</a> vì có nhiều trò chơi thú vị và đa dạng như cá cược thể thao, game bài, xổ số, casino online, giúp tôi giải trí sau giờ làm việc hiệu quả."
trang cá cược bóng đá,https://www.vanexpert.fr/sauvegarde-externalisee/575-5753846_logo-libre-de-droit-gratuit-png-clipart/,https://www.vanexpert.fr/sauvegarde-externalisee/575-5753846_logo-libre-de-droit-gratuit-png-clipart/#comment-558739,"<a href=""https://khoanhkhachong.vn"">trang cá cược bóng đá</a> là nơi tôi thường xuyên chơi xổ số và tham gia các trò chơi trực tuyến khác, với giao diện dễ sử dụng và hỗ trợ khách hàng tốt."
web cá cược bóng đá,https://raiz-ta.com/archives/1303/r%ef%bc%95-%ef%bc%94%e6%9c%88%e8%a1%8c%e4%ba%8b%e4%ba%88%e5%ae%9a%e8%a1%a8/,https://raiz-ta.com/archives/1303/r%ef%bc%95-%ef%bc%94%e6%9c%88%e8%a1%8c%e4%ba%8b%e4%ba%88%e5%ae%9a%e8%a1%a8#comment-847643,"Tôi đã trở thành thành viên của <a href=""https://khoanhkhachong.vn"">web cá cược bóng đá</a> và rất hài lòng với chất lượng dịch vụ, từ việc cá cược bóng đá trực tuyến đến chơi game bài và tham gia xổ số, tất cả đều rất thuận tiện."
trang cá cược uy tín,http://ks.pg.gda.pl/?attachment_id=2244&cpage=126/,http://ks.pg.gda.pl/?attachment_id=2244&cpage=128#comment-547492,"<a href=""https://khoanhkhachong.vn"">trang cá cược uy tín</a> mà tôi biết cung cấp nhiều chương trình khuyến mãi hấp dẫn cho người dùng mới, giúp tôi có thể thử nghiệm nhiều trò chơi khác nhau mà không cần phải lo lắng về chi phí."
trang cá độ bóng đá uy tín,https://www.kiriita.com/blog/2015/02/26/%e3%82%ac%e3%83%b4%e3%82%a1%e3%83%ab%e3%83%8b%e3%83%bc%e3%83%81%e3%83%a7%e3%82%b3%e3%83%ac%e3%83%bc%e3%83%88%e3%80%90%e3%81%8d%e3%82%8a%e3%81%84%e3%81%9f-com%e3%80%91/,https://www.kiriita.com/blog/2015/02/26/%e3%82%ac%e3%83%b4%e3%82%a1%e3%83%ab%e3%83%8b%e3%83%bc%e3%83%81%e3%83%a7%e3%82%b3%e3%83%ac%e3%83%bc%e3%83%88%e3%80%90%e3%81%8d%e3%82%8a%e3%81%84%e3%81%9f-com%e3%80%91/#comment-92832,"Tôi cảm thấy hứng thú khi khám phá <a href=""https://khoanhkhachong.vn"">trang cá độ bóng đá uy tín</a> vì sự đa dạng của các trò chơi trực tuyến, từ game bài, xổ số, đến cá cược thể thao và casino online."
trang cá độ bóng đá,https://www.vanexpert.fr/a-propos-outil-gestion-erp-tpe-pme-expert-comptable/internet_business_technology_hd_wallpaper_16_1366x768/,https://www.vanexpert.fr/a-propos-outil-gestion-erp-tpe-pme-expert-comptable/internet_business_technology_hd_wallpaper_16_1366x768/#comment-558742,"Tôi thích chơi game bài trực tuyến trên <a href=""https://khoanhkhachong.vn"">trang cá độ bóng đá</a> vì nó cung cấp nhiều lựa chọn và mức cược phù hợp, cũng như cập nhật kết quả bóng đá mới nhất và nhanh chóng."
web cá cược bóng đá,https://www.avioelectronics-company.com/2017/12/28/antenna-coupler-490t-1a-collins/,https://www.avioelectronics-company.com/2017/12/28/antenna-coupler-490t-1a-collins/#comment-894166,"<a href=""https://khoanhkhachong.vn"">web cá cược bóng đá</a> là nơi tôi thường lui đến để chơi game trực tuyến và theo dõi kết quả trực tiếp của các trận đấu, ngoài ra còn có thể tham gia cá cược thể thao và chơi game casino online."
trang cá cược bóng đá,https://www.camillaceccatelli.com/project/brand-image-la-suite/,https://www.camillaceccatelli.com/project/brand-image-la-suite/#comment-269568,"Khi muốn xem kết quả trực tiếp hoặc chơi game trực tuyến, tôi luôn chọn <a href=""https://khoanhkhachong.vn"">trang cá cược bóng đá</a> vì nó cung cấp thông tin cập nhật và chính xác, giúp tôi tận hưởng trải nghiệm giải trí."
web cá độ bóng đá,https://www.glatec.bg/portfolio/a-broader-perspective/,https://www.glatec.bg/portfolio/a-broader-perspective/#comment-27981,"Tôi đã thử nhiều trang web nhưng <a href=""https://khoanhkhachong.vn"">web cá độ bóng đá</a> vẫn là lựa chọn hàng đầu của tôi vì giao diện thân thiện và dễ sử dụng, cũng như có nhiều chương trình khuyến mãi hấp dẫn."
cá độ bóng đá online,https://pidg-staging.dusted.digital/news/statement-from-infraco-africa/,https://pidg-staging.dusted.digital/news/statement-from-infraco-africa/#comment-339610,"Tôi tìm thấy trang web này khi đang tìm kiếm nơi để chơi <a href=""https://khoanhkhachong.vn"">cá độ bóng đá online</a>, rất ấn tượng với sự đa dạng của các trò chơi và dịch vụ hỗ trợ khách hàng."
trang cá cược uy tín,https://noto-highschool.com/img_79451/,https://noto-highschool.com/img_79451/#comment-774725,"Tôi thường chơi game trực tuyến trên <a href=""https://khoanhkhachong.vn"">trang cá cược uy tín</a> vì có nhiều ưu đãi và chương trình khuyến mãi, giúp tôi tiết kiệm tiền và có cơ hội giành được giải thưởng lớn."
web cá độ bóng đá,https://www.gadgetsaro.com/home-casino-table-how-much-does-baccarat-pay/,https://www.gadgetsaro.com/home-casino-table-how-much-does-baccarat-pay/#comment-315501,"Khi muốn xem kết quả trận đấu hoặc chơi game bài trực tuyến, tôi luôn truy cập vào <a href=""https://khoanhkhachong.vn"">web cá độ bóng đá</a> vì thông tin cập nhật nhanh chóng và chính xác, giúp tôi theo dõi dễ dàng."
trang cá cược uy tín,http://amanogawa-ivf.com/kafe/,http://amanogawa-ivf.com/kafe#comment-225944,"Tôi đã giới thiệu <a href=""https://khoanhkhachong.vn"">trang cá cược uy tín</a> cho bạn bè của mình vì chất lượng dịch vụ và sự đa dạng của các trò chơi, và họ cũng rất hài lòng với trải nghiệm của mình."
cá độ bóng đá online,https://clasificados.laraza.com/ads/cdl-c-drivers/,https://clasificados.laraza.com/ads/cdl-c-drivers/#comment-60691,"<a href=""https://khoanhkhachong.vn"">cá độ bóng đá online</a> trên trang web này rất dễ dàng và thú vị, tôi cũng thường tham gia xổ số và chơi game bài trực tuyến để làm đa dạng trải nghiệm."
trang cá cược bóng đá,https://stonetablet.org/the-power-of-hope-part-1/audio-teachings/mark/?unapproved=55628&moderation-hash=747c2d2eed7a6a9333d14ea7363ada2f/,https://stonetablet.org/the-power-of-hope-part-1/audio-teachings/mark/?unapproved=56612&moderation-hash=8c5cc5ea2a3de6611078cb96adbbf70a#comment-56612,"Tôi đã thử nhiều trang web game trực tuyến nhưng <a href=""https://khoanhkhachong.vn"">trang cá cược bóng đá</a> vẫn là lựa chọn hàng đầu của tôi vì nó có nhiều trò chơi đa dạng và chương trình khuyến mãi hấp dẫn."
web cá độ bóng đá,https://fgnpowerco.ng/fgnpc-logo/,https://fgnpowerco.ng/fgnpc-logo/#comment-704552,"<a href=""https://khoanhkhachong.vn"">web cá độ bóng đá</a> cung cấp nhiều hình thức giải trí số như cá cược thể thao, game bài, xổ số, casino online, giúp tôi có nhiều lựa chọn phù hợp với sở thích và nhu cầu của mình."
trang cá độ bóng đá,https://aergo.ru/aergos-developments-into-the-consumer-segment-q1-update-tweet-by-designblock/,https://aergo.ru/aergos-developments-into-the-consumer-segment-q1-update-tweet-by-designblock/#comment-327750,"Khi rảnh rỗi, tôi thường truy cập <a href=""https://khoanhkhachong.vn"">trang cá độ bóng đá</a> để chơi xổ số và cá cược thể thao, cũng như khám phá các trò chơi mới và hấp dẫn khác trên nền tảng này."
cá độ bóng đá online,https://pedacodavila.com.br/umas-e-outras/bem-tombado/,https://pedacodavila.com.br/umas-e-outras/bem-tombado/#comment-753064,"Tôi thích chơi <a href=""https://khoanhkhachong.vn"">cá độ bóng đá online</a> vì nó mang lại cảm giác phấn khích, trang web này đáp ứng được nhu cầu của tôi với nhiều trận đấu và giải đấu khác nhau."
web cá cược bóng đá,https://www.gadgetsaro.com/best-casino-onlin-games-monte-casino-movies/,https://www.gadgetsaro.com/best-casino-onlin-games-monte-casino-movies/#comment-315504,"Tôi giới thiệu <a href=""https://khoanhkhachong.vn"">web cá cược bóng đá</a> cho bạn bè vì trang web này có nhiều trò chơi trực tuyến hấp dẫn, từ cá cược bóng đá đến game bài và xổ số, giúp mọi người có trải nghiệm giải trí tuyệt vời."
trang cá cược uy tín,https://umigaku-hakodate.com/wp_top-9/,https://umigaku-hakodate.com/wp_top-9/#comment-520760,"Trang web game trực tuyến với <a href=""https://khoanhkhachong.vn"">trang cá cược uy tín</a> mà tôi sử dụng có giao diện thân thiện và dễ dàng sử dụng, giúp tôi có thể đặt cược và theo dõi kết quả một cách nhanh chóng và hiệu quả."
trang cá độ bóng đá uy tín,https://www.yiwu2050.com/forex-news/pra-fines-metro-bank-5-4m-for-reporting-and-controls-failures/,https://www.yiwu2050.com/forex-news/pra-fines-metro-bank-5-4m-for-reporting-and-controls-failures/#comment-3601292,"Tôi thường chơi game trực tuyến trên trang web này, đặc biệt là cá cược bóng đá, nó là <a href=""https://khoanhkhachong.vn"">trang cá độ bóng đá uy tín</a> mà tôi tin tưởng, cung cấp nhiều trò chơi thú vị và giải trí số khác như game bài, xổ số, casino online."
trang cá độ bóng đá,http://produtos.paginaoficial.ws/sinalizacao-de-transito/,http://produtos.paginaoficial.ws/sinalizacao-de-transito/#comment-86712,"<a href=""https://khoanhkhachong.vn"">trang cá độ bóng đá</a> là nơi tôi thường xuyên lui tới để theo dõi kết quả bóng đá và đặt cược, cũng như tham gia vào các hoạt động giải trí trực tuyến khác như chơi game và casino."
web cá độ bóng đá,http://amanogawa-ivf.com/staf2/,http://amanogawa-ivf.com/staf2#comment-225947,"Tôi cảm thấy an toàn khi chơi trên <a href=""https://khoanhkhachong.vn"">web cá độ bóng đá</a> vì trang web có hệ thống bảo mật tốt, đảm bảo thông tin cá nhân và tài khoản của tôi được bảo vệ."
web cá cược bóng đá,https://umigaku-hakodate.com/%e5%90%8d%e7%a7%b0%e6%9c%aa%e8%a8%ad%e5%ae%9a-3-6/,https://umigaku-hakodate.com/%e5%90%8d%e7%a7%b0%e6%9c%aa%e8%a8%ad%e5%ae%9a-3-6/#comment-520762,"Khi nói đến <a href=""https://khoanhkhachong.vn"">web cá cược bóng đá</a>, tôi nghĩ ngay đến một trang web game trực tuyến tổng hợp với nhiều hình thức giải trí số khác nhau, từ thể thao đến casino online, giúp tôi luôn có lựa chọn phù hợp."
trang cá cược bóng đá,https://raiz-ta.com/29541103_2075689942471459_6154036026117189924_n/,https://raiz-ta.com/29541103_2075689942471459_6154036026117189924_n#comment-847653,"<a href=""https://khoanhkhachong.vn"">trang cá cược bóng đá</a> là nơi lý tưởng để tôi kết nối với bạn bè và tham gia các giải đấu trực tuyến, với môi trường chơi game an toàn và công bằng."
trang cá độ bóng đá uy tín,https://casadacarballeira.es/casas-rurales-romanticas-en-rias-bajas/,https://casadacarballeira.es/casas-rurales-romanticas-en-rias-bajas/#comment-874198,"Trang web này không chỉ có game bài mà còn có thể theo dõi kết quả bóng đá trực tiếp, rất tiện lợi, đặc biệt khi kết hợp với <a href=""https://khoanhkhachong.vn"">trang cá độ bóng đá uy tín</a> để cá cược, tạo nên trải nghiệm giải trí hoàn hảo."
trang cá cược uy tín,https://fgnpowerco.ng/testimonial_1/,https://fgnpowerco.ng/testimonial_1/#comment-704562,"Tôi thích đặt cược trên <a href=""https://khoanhkhachong.vn"">trang cá cược uy tín</a> vì có nhiều tùy chọn và tỷ lệ cược cạnh tranh, giúp tôi có thể tăng cơ hội giành được giải thưởng và giảm thiểu rủi ro."
trang cá độ bóng đá,https://www.vanessaziletti.com/engine/2015/05/take-a-chance.html/jamal-hammadi-sunsilk?unapproved=1662174&moderation-hash=e5b8ae818fe56f1ef7a6ef80ade5dbc8/,https://www.vanessaziletti.com/engine/2015/05/take-a-chance.html/jamal-hammadi-sunsilk?unapproved=1667473&moderation-hash=754b7d70442000c2a0c74c43a075d097#comment-1667473,"Tôi đã giới thiệu <a href=""https://khoanhkhachong.vn"">trang cá độ bóng đá</a> cho nhiều bạn bè vì nó cung cấp nhiều trò chơi trực tuyến thú vị và cập nhật thông tin bóng đá mới nhất, cũng như dịch vụ hỗ trợ khách hàng tốt."
trang cá cược bóng đá,https://pedacodavila.com.br/cidadao-do-mundo/so-pateta-nao-se-diverte-trabalhando-na-disney/,https://pedacodavila.com.br/cidadao-do-mundo/so-pateta-nao-se-diverte-trabalhando-na-disney/#comment-753070,"Tôi đánh giá cao <a href=""https://khoanhkhachong.vn"">trang cá cược bóng đá</a> vì nó cung cấp nhiều lựa chọn thanh toán và rút tiền linh hoạt, giúp tôi quản lý tài khoản dễ dàng."
web cá độ bóng đá,http://produtos.paginaoficial.ws/arquitetura-de-alto-padrao-o-que-isso-quer-dizer/,http://produtos.paginaoficial.ws/arquitetura-de-alto-padrao-o-que-isso-quer-dizer/#comment-86715,"Tôi thích tham gia các cuộc thi và giải đấu trên <a href=""https://khoanhkhachong.vn"">web cá độ bóng đá</a> vì có cơ hội giành được nhiều phần thưởng hấp dẫn và cạnh tranh với người chơi khác."
web cá cược bóng đá,https://umigaku-hakodate.com/takatsuki1/,https://umigaku-hakodate.com/takatsuki1/#comment-520763,"Tôi đã tham gia nhiều trận đấu trên <a href=""https://khoanhkhachong.vn"">web cá cược bóng đá</a> và rất hài lòng với chất lượng của trang web, từ việc cá cược bóng đá trực tuyến đến chơi game bài và tham gia xổ số, tất cả đều rất chuyên nghiệp."
trang cá cược uy tín,http://produtos.paginaoficial.ws/ter-um-relacionamento-saudavel-e-duradouro/,http://produtos.paginaoficial.ws/ter-um-relacionamento-saudavel-e-duradouro/#comment-86716,"Tôi đã trở thành thành viên của <a href=""https://khoanhkhachong.vn"">trang cá cược uy tín</a> và cảm thấy rất hài lòng với chất lượng dịch vụ và sự hỗ trợ từ đội ngũ nhân viên, giúp tôi có thể giải quyết mọi vấn đề một cách nhanh chóng."
trang cá độ bóng đá,https://cfah.org/does-cbd-make-you-sleepy/?unapproved=4526326&moderation-hash=62a75cde9194907e9453a64ab0035bb7/,https://cfah.org/does-cbd-make-you-sleepy/?unapproved=4533567&moderation-hash=e4886d35bce39cab600386ff4da29d8c#comment-4533567,"Tôi thích trải nghiệm sự phấn khích khi chơi trên <a href=""https://khoanhkhachong.vn"">trang cá độ bóng đá</a>, với nhiều lựa chọn trò chơi và mức cược khác nhau, cũng như các chương trình khuyến mãi và ưu đãi hấp dẫn."
trang cá độ bóng đá uy tín,https://berlinfaces.de/shopping-tipp-aesthetik-meets-innovation/,https://berlinfaces.de/shopping-tipp-aesthetik-meets-innovation/#comment-763447,"Tôi thích chơi game trực tuyến trên trang web này vì sự đa dạng, từ game bài đến xổ số, và đặc biệt là <a href=""https://khoanhkhachong.vn"">trang cá độ bóng đá uy tín</a>, nơi tôi có thể cá cược bóng đá một cách an toàn và thú vị."
cá độ bóng đá online,https://stonetablet.org/protecting-the-gates-the-eye-gate-part-2/audio-teachings/mark/?unapproved=55631&moderation-hash=0e75c0e04756935f10b70b4c2297376f/,https://stonetablet.org/protecting-the-gates-the-eye-gate-part-2/audio-teachings/mark/?unapproved=56613&moderation-hash=4f8266b1e437338c0e27936501647b19#comment-56613,"Trang web này không chỉ cung cấp <a href=""https://khoanhkhachong.vn"">cá độ bóng đá online</a> mà còn có nhiều trò chơi trực tuyến khác, phù hợp cho những người muốn thử nhiều trải nghiệm giải trí số khác nhau."
web cá cược bóng đá,https://dainikup.com/another-list-of-bjp-released-announced-the-names-of-91-candidates-also-expressed-confidence-in-seven-ministers/,https://dainikup.com/another-list-of-bjp-released-announced-the-names-of-91-candidates-also-expressed-confidence-in-seven-ministers/#comment-575,"<a href=""https://khoanhkhachong.vn"">web cá cược bóng đá</a> là một trong những trang web game trực tuyến yêu thích của tôi, vì nó cung cấp nhiều trò chơi trực tuyến thú vị, từ cá cược bóng đá đến game bài và xổ số, giúp tôi giải trí hiệu quả."
web cá độ bóng đá,https://danish-tool.com/danish-tool-productions-2023/,https://danish-tool.com/danish-tool-productions-2023/#comment-58691,"<a href=""https://khoanhkhachong.vn"">web cá độ bóng đá</a> là nơi tôi thường xuyên truy cập để cập nhật thông tin về các trận đấu bóng đá và kết quả trực tiếp, giúp tôi luôn cập nhật thông tin mới nhất."
trang cá độ bóng đá,https://brasddp.com/about-us/medical-team/dr-eric-chan/cropped-chan-elic/#main/,https://brasddp.com/about-us/medical-team/dr-eric-chan/cropped-chan-elic/#main/#comment-205559,"<a href=""https://khoanhkhachong.vn"">trang cá độ bóng đá</a> đã trở thành điểm đến thường xuyên của tôi để cập nhật thông tin và đặt cược bóng đá, cũng như khám phá các trò chơi mới và tham gia vào các hoạt động giải trí trực tuyến khác."
trang cá cược bóng đá,https://pyrenees-assurances.com/portfolio-view/image-format/,https://pyrenees-assurances.com/portfolio-view/image-format/#comment-150126,"<a href=""https://khoanhkhachong.vn"">trang cá cược bóng đá</a> không chỉ cung cấp trò chơi trực tuyến mà còn có nhiều thông tin và bài viết về thể thao và giải trí, giúp tôi cập nhật kiến thức và tin tức mới nhất."
trang cá độ bóng đá uy tín,http://betaleks.blog.free.fr/index.php?post/2012/06/15/CONTAINS#pr,http://betaleks.blog.free.fr/index.php?post/2012/06/15/CONTAINS#pr,"Với tôi, trang web này là điểm đến lý tưởng cho các trò chơi trực tuyến, bao gồm cả game bài và cá cược thể thao, đặc biệt là khi nó là <a href=""https://khoanhkhachong.vn"">trang cá độ bóng đá uy tín</a>, mang lại trải nghiệm tuyệt vời."
web cá cược bóng đá,https://tokyo-ya.com/unoshima/,https://tokyo-ya.com/unoshima#comment-400260,"Tôi thường chơi game bài trực tuyến trên <a href=""https://khoanhkhachong.vn"">web cá cược bóng đá</a> và rất thích sự đa dạng của các trò chơi, từ poker đến blackjack, và còn có thể tham gia cá cược thể thao và xổ số, giúp tôi luôn có trải nghiệm mới."
cá độ bóng đá online,https://agcinformatica.es/servicios/agc-la-nube/nubebackup/,https://agcinformatica.es/servicios/agc-la-nube/nubebackup/#comment-474977,"Tôi đã chơi <a href=""https://khoanhkhachong.vn"">cá độ bóng đá online</a> trên trang web này trong một thời gian và rất hài lòng với chất lượng và sự an toàn của dịch vụ, sẽ tiếp tục sử dụng trong tương lai."
trang cá cược bóng đá,https://dainikup.com/up-election-news-akhilesh-yadav-reached-kashis-temples-to-offer-prayers-sought-blessings-of-victory-from-baba-kal-bhairav/,https://dainikup.com/up-election-news-akhilesh-yadav-reached-kashis-temples-to-offer-prayers-sought-blessings-of-victory-from-baba-kal-bhairav/#comment-581,"Tôi thích tham gia các tournament và giải đấu trực tuyến trên <a href=""https://khoanhkhachong.vn"">trang cá cược bóng đá</a> vì nó mang lại cho tôi cơ hội cạnh tranh và thử thách bản thân."
trang cá độ bóng đá,https://hotel.wy-creations.fr/article-6/,https://hotel.wy-creations.fr/article-6/#comment-118020,"Tôi đánh giá cao <a href=""https://khoanhkhachong.vn"">trang cá độ bóng đá</a> vì nó cung cấp nhiều trò chơi trực tuyến chất lượng và cập nhật thông tin mới nhất, cũng như dịch vụ hỗ trợ khách hàng chuyên nghiệp và an toàn."
trang cá cược bóng đá,http://julieandthebeauty.unblog.fr/2014/10/19/commande-mes-petits-achats-chez-claires/comment-page-436/,http://julieandthebeauty.unblog.fr/2014/10/19/commande-mes-petits-achats-chez-claires/comment-page-438/#comment-158418,"<a href=""https://khoanhkhachong.vn"">trang cá cược bóng đá</a> là nơi tôi thường xuyên chơi casino trực tuyến vì nó có nhiều trò chơi hấp dẫn và tỷ lệ cược cao, giúp tôi tăng cường trải nghiệm giải trí."
trang cá độ bóng đá uy tín,https://www.disableyourdisability.com/gettin-er-done-p90x3/,https://www.disableyourdisability.com/gettin-er-done-p90x3/#comment-740099,"Trang web này cung cấp rất nhiều lựa chọn giải trí, từ casino online đến xổ số, và đặc biệt là <a href=""https://khoanhkhachong.vn"">trang cá độ bóng đá uy tín</a>, giúp tôi có thể thoải mái tận hưởng các trò chơi yêu thích."
trang cá độ bóng đá,https://eclipseglobalentertainment.com/httpregex-infoblog2007-11-13634/,https://eclipseglobalentertainment.com/httpregex-infoblog2007-11-13634/#comment-1438342,"Tôi thường chơi game trực tuyến trên <a href=""https://khoanhkhachong.vn"">trang cá độ bóng đá</a> vì nó cung cấp nhiều lựa chọn và mức cược phù hợp, cũng như cập nhật kết quả bóng đá mới nhất và tham gia vào các hoạt động giải trí khác."
web cá độ bóng đá,http://okashiyanon.com/2020/11/03/%e9%9b%91%e8%b2%a8%e3%81%a8%e6%89%8b%e7%bf%92%e3%81%84%e3%81%ae%e5%b8%82%e3%80%802020-%e7%a7%8b/,http://okashiyanon.com/2020/11/03/%e9%9b%91%e8%b2%a8%e3%81%a8%e6%89%8b%e7%bf%92%e3%81%84%e3%81%ae%e5%b8%82%e3%80%802020-%e7%a7%8b/#comment-3201646,"Tôi đã giới thiệu <a href=""https://khoanhkhachong.vn"">web cá độ bóng đá</a> cho bạn bè và gia đình vì trang web có nhiều trò chơi thú vị và chương trình khuyến mãi hấp dẫn, giúp mọi người có thể giải trí và tận hưởng."
web cá cược bóng đá,https://thepostpolitics.gr/syriza-thrasos-mitsotaki-na-mila-gia-ti-mesaia-taxi-poy-katintise-na-zei-me-epidomata/,https://thepostpolitics.gr/syriza-thrasos-mitsotaki-na-mila-gia-ti-mesaia-taxi-poy-katintise-na-zei-me-epidomata/#comment-203697,"Tôi đã tìm thấy một trang web chơi game trực tuyến tuyệt vời, ngoài trò chơi thì nó còn là <a href=""https://khoanhkhachong.vn"">web cá cược bóng đá</a> hấp dẫn, nơi tôi có thể đặt cược và xem kết quả trực tiếp mọi lúc mọi nơi dễ dàng."
trang cá độ bóng đá,https://noto-highschool.com/dsc_0591/,https://noto-highschool.com/dsc_0591/#comment-774737,"Tôi thường chơi game tại <a href=""https://khoanhkhachong.vn"">trang cá độ bóng đá</a> và rất hài lòng với các trò chơi trực tuyến đa dạng, từ cá cược thể thao đến game bài và xổ số, đáp ứng mọi nhu cầu giải trí của tôi mọi lúc mọi nơi."
trang cá độ bóng đá uy tín,https://www.ideaserramenti.com/testimonial/gregory-newman/,https://www.ideaserramenti.com/testimonial/gregory-newman/#comment-80238,"Tôi đã tìm thấy trang web này là nơi lý tưởng để chơi game trực tuyến, bao gồm cả game bài và cá cược thể thao, với <a href=""https://khoanhkhachong.vn"">trang cá độ bóng đá uy tín</a> mang lại sự tin cậy và giải trí."
trang cá cược bóng đá,https://djmathieug.com/18620560_10154670716370745_5534225513727020570_o_10154670716370745/,https://djmathieug.com/18620560_10154670716370745_5534225513727020570_o_10154670716370745/#comment-727975,"Tôi giới thiệu <a href=""https://khoanhkhachong.vn"">trang cá cược bóng đá</a> cho bạn bè và gia đình vì nó là một nền tảng giải trí trực tuyến uy tín và an toàn, cung cấp nhiều lựa chọn trò chơi và dịch vụ chất lượng."
web cá độ bóng đá,http://base-one.co.jp/about/web-20/,http://base-one.co.jp/about/web-20/#comment-275891,"<a href=""https://khoanhkhachong.vn"">web cá độ bóng đá</a> là một trong những trang web game trực tuyến hàng đầu mà tôi biết, cung cấp nhiều trò chơi và dịch vụ chất lượng cao, giúp tôi có trải nghiệm giải trí tuyệt vời."
web cá cược bóng đá,https://eclipseglobalentertainment.com/venice/,https://eclipseglobalentertainment.com/venice/#comment-1438348,"Trang web game trực tuyến mà tôi thường xuyên ghé thăm không chỉ có game bài mà còn là <a href=""https://khoanhkhachong.vn"">web cá cược bóng đá</a> với nhiều trận đấu hấp dẫn, mang lại cho tôi trải nghiệm giải trí tuyệt vời và thú vị."
trang cá độ bóng đá uy tín,https://pyrenees-assurances.com/non-classe/gallery-post-format/,https://pyrenees-assurances.com/non-classe/gallery-post-format/#comment-150129,"Trang web này thật tuyệt vời, không chỉ có game bài, xổ số, mà còn có <a href=""https://khoanhkhachong.vn"">trang cá độ bóng đá uy tín</a>, nơi tôi có thể theo dõi và cá cược bóng đá một cách dễ dàng và an toàn."
trang cá cược bóng đá,http://tominosuke.jp/rwandaaaaaaa_180105_0518/,http://tominosuke.jp/rwandaaaaaaa_180105_0518/#comment-2445057,"Tôi thích chơi game trực tuyến tại <a href=""https://khoanhkhachong.vn"">trang cá cược bóng đá</a> vì có nhiều lựa chọn thú vị và giải trí số hấp dẫn, từ thể thao đến casino online, rất phù hợp cho những người mê giải trí như tôi."
trang cá độ bóng đá,http://base-one.co.jp/top/bso_banner_edit-18/,http://base-one.co.jp/top/bso_banner_edit-18/#comment-275893,"Tôi đã tìm thấy <a href=""https://khoanhkhachong.vn"">trang cá độ bóng đá</a> và rất thích cách họ tổ chức các trò chơi, từ cá cược bóng đá trực tiếp đến casino online, tạo ra trải nghiệm giải trí tuyệt vời và hấp dẫn cho người dùng."
web cá độ bóng đá,https://hotel.wy-creations.fr/hotel-bathroom-collections/,https://hotel.wy-creations.fr/hotel-bathroom-collections/#comment-118023,"Tôi đánh giá cao <a href=""https://khoanhkhachong.vn"">web cá độ bóng đá</a> vì trang web có đội ngũ hỗ trợ khách hàng chuyên nghiệp và luôn sẵn sàng giúp đỡ, giải đáp thắc mắc và xử lý vấn đề một cách nhanh chóng."
web cá cược bóng đá,https://www.riferimenti.org/default/hanedadai1dai2/,https://www.riferimenti.org/default/hanedadai1dai2/#comment-836088,"Khi rảnh rỗi, tôi thường truy cập vào một trang web giải trí trực tuyến tổng hợp, nơi có <a href=""https://khoanhkhachong.vn"">web cá cược bóng đá</a> và nhiều trò chơi khác như xổ số, casino online, giúp tôi thư giãn và có được những giây phút vui vẻ."
trang cá cược bóng đá,https://universebeauty.pro/cropped-cropped-35-jpg/,https://universebeauty.pro/cropped-cropped-35-jpg/#comment-306233,"Tôi đã thử chơi tại <a href=""https://khoanhkhachong.vn"">trang cá cược bóng đá</a> và rất hài lòng với chất lượng dịch vụ, giao diện thân thiện, nhiều trò chơi trực tuyến hấp dẫn và tỷ lệ cược cạnh tranh, thật tuyệt vời."
trang cá độ bóng đá,http://events.citizenshipinvestment.org/22-roderick-cutajar/,http://events.citizenshipinvestment.org/22-roderick-cutajar/#comment-3314801,"<a href=""https://khoanhkhachong.vn"">trang cá độ bóng đá</a> không chỉ cung cấp các trò chơi cá cược thể thao mà còn có nhiều hình thức giải trí khác như game bài và xổ số, giúp tôi có nhiều lựa chọn khi muốn thư giãn và thử vận may."
web cá độ bóng đá,https://agcinformatica.es/163-2/inicio-dos/agcnubetrans/,https://agcinformatica.es/163-2/inicio-dos/agcnubetrans/#comment-474984,"Tôi đánh giá cao <a href=""https://khoanhkhachong.vn"">web cá độ bóng đá</a> vì trang web có đội ngũ hỗ trợ khách hàng chuyên nghiệp và luôn sẵn sàng giúp đỡ, giải đáp thắc mắc và xử lý vấn đề một cách nhanh chóng."
trang cá độ bóng đá uy tín,https://bvi50plus.com/ulrike-kraemer-spricht-mit-anke-sinnigen-generationstalk-in-dnews24/,https://bvi50plus.com/ulrike-kraemer-spricht-mit-anke-sinnigen-generationstalk-in-dnews24/#comment-1939529,"Tôi rất hài lòng khi chơi game trực tuyến trên trang web này, đặc biệt là khi nó cung cấp <a href=""https://khoanhkhachong.vn"">trang cá độ bóng đá uy tín</a>, giúp tôi tận hưởng các trận bóng đá yêu thích và tham gia cá cược một cách thú vị."
trang cá cược bóng đá,https://pietroconti.de/die-faltung/diefaltung_pietroconti_nr7/,https://pietroconti.de/die-faltung/diefaltung_pietroconti_nr7/#comment-240268,"Khi cần tìm một trang web chơi game trực tuyến, tôi luôn chọn <a href=""https://khoanhkhachong.vn"">trang cá cược bóng đá</a> vì sự đa dạng của trò chơi, từ game bài đến xổ số, và thông tin cập nhật về các giải đấu thể thao, rất tiện lợi."
trang cá độ bóng đá uy tín,https://gynaecologistkolkata.org/doctor-5.html/,https://gynaecologistkolkata.org/doctor-5.html#comment-374908,"Trang web này là nơi tôi thường lui tới để chơi game bài, xổ số, và đặc biệt là để theo dõi kết quả bóng đá trực tiếp trên <a href=""https://khoanhkhachong.vn"">trang cá độ bóng đá uy tín</a>, tạo nên trải nghiệm giải trí đầy đủ."
web cá độ bóng đá,https://porncold.com/18-unmadham-s01e01-season-01-2023-malayalam-ibamovies-web-series/#comment-1074018\/,https://porncold.com/18-unmadham-s01e01-season-01-2023-malayalam-ibamovies-web-series/#comment-1074018\/,"Tôi đã tìm thấy <a href=""https://khoanhkhachong.vn"">web cá độ bóng đá</a> để chơi game bài trực tuyến và cá cược thể thao, rất thú vị và tiện lợi, có thể chơi mọi lúc mọi nơi trên điện thoại hoặc máy tính."
web cá cược bóng đá,https://napthungbantai.vn/san-pham/lop-dia-hinh-general-grabber-at3-xuat-xu-nam-phi/,https://napthungbantai.vn/san-pham/lop-dia-hinh-general-grabber-at3-xuat-xu-nam-phi/#comment-743216,"Tôi rất thích chơi game bài trực tuyến trên một trang web cụ thể, không chỉ vì sự đa dạng của các trò chơi mà còn có <a href=""https://khoanhkhachong.vn"">web cá cược bóng đá</a> với nhiều giải đấu để theo dõi và đặt cược."
trang cá độ bóng đá,https://smkn2kalianda.sch.id/2024/11/smk-negeri-2-kalianda-gelar-workshop-rtl-reskilling-upskilling-se-provinsi-lampung/,https://smkn2kalianda.sch.id/2024/11/smk-negeri-2-kalianda-gelar-workshop-rtl-reskilling-upskilling-se-provinsi-lampung/#comment-154768,"<a href=""https://khoanhkhachong.vn"">trang cá độ bóng đá</a> là điểm đến yêu thích của tôi khi muốn chơi cá cược bóng đá, đồng thời cũng có thể tham gia nhiều hoạt động giải trí khác như casino online và game bài trực tuyến, rất hấp dẫn và thú vị."
trang cá độ bóng đá uy tín,https://expcloud.com/2017/10/26/introducing-exp-enterprise-dashboard-your-control-panel-to-pilot-your-business/?unapproved=7217&moderation-hash=d3a1e7768e5a4b3e1e9b1f3dba59f538/,https://expcloud.com/2017/10/26/introducing-exp-enterprise-dashboard-your-control-panel-to-pilot-your-business/?unapproved=7329&moderation-hash=a27e31d97d5459a2f08edfd8d02d94e8#comment-7329,"Tôi đã trở thành người dùng thường xuyên của trang web này vì nó cung cấp nhiều trò chơi trực tuyến thú vị, bao gồm cả <a href=""https://khoanhkhachong.vn"">trang cá độ bóng đá uy tín</a>, nơi tôi có thể chơi và cá cược một cách an toàn và giải trí."
web cá cược bóng đá,https://smpkartinisatubatam.sch.id/gtk/nahar-deshawn/?unapproved=12348&moderation-hash=7b6376caf6dd856bb273c8fbb4bef4a6/,https://smpkartinisatubatam.sch.id/gtk/nahar-deshawn/?unapproved=12583&moderation-hash=c7a7dac2d363b4d1e9e3b151fbdc19c9#comment-12583,"Một trang web <a href=""https://khoanhkhachong.vn"">web cá cược bóng đá</a> mà tôi thường dùng không chỉ phục vụ cho nhu cầu cá cược của tôi mà còn cung cấp thông tin hữu ích về các trận đấu, giúp tôi đưa ra quyết định sáng suốt."
trang cá cược bóng đá,https://fish-p.gov.ng/beneficiaries-list-of-fish-programme-nov-2020/,https://fish-p.gov.ng/beneficiaries-list-of-fish-programme-nov-2020/#comment-55339,"<a href=""https://khoanhkhachong.vn"">trang cá cược bóng đá</a> là điểm đến lý tưởng của tôi khi muốn chơi game trực tuyến, với nhiều lựa chọn giải trí, từ cá cược thể thao đến casino trực tuyến, và đội ngũ hỗ trợ khách hàng chuyên nghiệp, luôn sẵn sàng giúp đỡ."
web cá độ bóng đá,https://www.citygardencafe.org/blog/2014/01/02/fridays-soups-and-specials,https://www.citygardencafe.org/blog/2014/01/02/fridays-soups-and-specials,"Tôi thường truy cập <a href=""https://khoanhkhachong.vn"">web cá độ bóng đá</a> để xem kết quả trực tiếp và cập nhật thông tin mới nhất về các trận đấu bóng đá, giúp tôi đưa ra quyết định cá cược chính xác hơn."
trang cá cược bóng đá,https://smpkartinisatubatam.sch.id/2025/05/22/debut-gemilang-grup-ansambel-smp-kartini-1-batam-tampil-memukau-di-fls3n-kecamatan-sekupang/?unapproved=12350&moderation-hash=43e0b832abfbd00f0fa2f959cfc3b50b/,https://smpkartinisatubatam.sch.id/2025/05/22/debut-gemilang-grup-ansambel-smp-kartini-1-batam-tampil-memukau-di-fls3n-kecamatan-sekupang/?unapproved=12584&moderation-hash=78a197972fea573a9a416cbcad033041#comment-12584,"Tôi đã giới thiệu <a href=""https://khoanhkhachong.vn"">trang cá cược bóng đá</a> cho bạn bè vì chất lượng và sự đa dạng của trò chơi, cũng như khả năng chơi mọi lúc mọi nơi, thật tuyệt vời và tiện lợi cho những người yêu thích giải trí trực tuyến."
web cá độ bóng đá,http://agora-urba.eu/2016/09/15/restauration-du-parc-marie-jose-beliris/?unapproved=387902&moderation-hash=281a298c928855d0fe95ae987c8ea25c/,http://agora-urba.eu/2016/09/15/restauration-du-parc-marie-jose-beliris/?unapproved=389088&moderation-hash=7d1d2c9ee662680c59276f656eb59c16#comment-389088,"Khi muốn chơi game trực tuyến, tôi luôn chọn <a href=""https://khoanhkhachong.vn"">web cá độ bóng đá</a> vì sự đa dạng và phong phú của các trò chơi, từ game bài đến casino online, luôn có cái mới để khám phá."
trang cá độ bóng đá,https://www.appliedomics.com/abstract-12902/,https://www.appliedomics.com/abstract-12902/#comment-1140311,"Tôi rất thích tham gia các trận đấu bóng đá tại <a href=""https://khoanhkhachong.vn"">trang cá độ bóng đá</a>, không chỉ vì có thể xem kết quả trực tiếp mà còn có thể chơi game bài và tham gia xổ số, tạo ra một không gian giải trí đa năng."
web cá cược bóng đá,https://sakti.or.id/tragedi-pelaut-indonesia-dipulangkan-dalam-keadaan-sakit-dari-turki-meninggal-dunia-di-indonesia/,https://sakti.or.id/tragedi-pelaut-indonesia-dipulangkan-dalam-keadaan-sakit-dari-turki-meninggal-dunia-di-indonesia/#comment-328763,"Tôi đã tìm thấy một trang web cung cấp cả trò chơi trực tuyến và <a href=""https://khoanhkhachong.vn"">web cá cược bóng đá</a>, nơi tôi có thể tận hưởng nhiều hình thức giải trí khác nhau trên một nền tảng duy nhất, rất tiện lợi."
web cá độ bóng đá,https://expcloud.com/2017/10/26/introducing-exp-enterprise-dashboard-your-control-panel-to-pilot-your-business/?unapproved=7223&moderation-hash=c5f484c8f0f801d38547e47bedea7f7f/,https://expcloud.com/2017/10/26/introducing-exp-enterprise-dashboard-your-control-panel-to-pilot-your-business/?unapproved=7330&moderation-hash=05f128dfe2b01a7d18d452958002d4e2#comment-7330,"Tôi đã giới thiệu <a href=""https://khoanhkhachong.vn"">web cá độ bóng đá</a> đến bạn bè và họ cũng rất hài lòng với chất lượng và dịch vụ của trang web, chúng tôi thường chơi và chia sẻ kinh nghiệm với nhau."
web cá độ bóng đá,https://giorgiosoldi.it/index.php/2018/09/27/klaudia-2/,https://giorgiosoldi.it/index.php/2018/09/27/klaudia-2/#comment-2761,"<a href=""https://khoanhkhachong.vn"">web cá độ bóng đá</a> là nơi tôi tìm thấy niềm vui và giải trí sau một ngày làm việc căng thẳng, với nhiều trò chơi và hoạt động thú vị để lựa chọn, tôi không bao giờ cảm thấy nhàm chán."
trang cá cược bóng đá,https://shriharimarketing.com/28-accentuating-boho-style-with-pure-ivory-colour-on-walls/,https://shriharimarketing.com/28-accentuating-boho-style-with-pure-ivory-colour-on-walls/#comment-518224,"Tôi thích tham gia các giải đấu thể thao tại <a href=""https://khoanhkhachong.vn"">trang cá cược bóng đá</a> vì có thể cập nhật kết quả trực tiếp, đặt cược an toàn, và tham gia nhiều hoạt động giải trí khác, thật thú vị và hấp dẫn."
trang cá độ bóng đá,https://kayali.id/mg-4d-platform-aman-untuk-pecinta-togel-online/?unapproved=3614&moderation-hash=6477a3cf2ec231432d516501490b9704/,https://kayali.id/mg-4d-platform-aman-untuk-pecinta-togel-online/?unapproved=3632&moderation-hash=bf7676ba2405d98095abc520ba79ff5c#comment-3632,"<a href=""https://khoanhkhachong.vn"">trang cá độ bóng đá</a> cung cấp cho tôi cơ hội chơi cá cược bóng đá và các trò chơi khác như game bài và xổ số, giúp tôi có thể thử vận may và giải trí mọi lúc mọi nơi với các trò chơi trực tuyến hấp dẫn."
web cá cược bóng đá,https://jardinrest.id/meningkatkan-kolaborasi-antar-daerah-dengan-kahminasional/?unapproved=10759&moderation-hash=35370e73a94c302367b33fec6dfc66d0/,https://jardinrest.id/meningkatkan-kolaborasi-antar-daerah-dengan-kahminasional/?unapproved=10851&moderation-hash=40da70897705738df33dcbe8c1a9271b#comment-10851,"Trang web mà tôi thường truy cập có rất nhiều trò chơi trực tuyến hấp dẫn, bao gồm cả <a href=""https://khoanhkhachong.vn"">web cá cược bóng đá</a> với giao diện dễ sử dụng, giúp tôi dễ dàng tham gia và theo dõi các trận đấu yêu thích."
web cá độ bóng đá,https://agora-urba.eu/2016/09/15/restauration-du-parc-marie-jose-beliris/?unapproved=387869&moderation-hash=b958fb34c9c0c755edf9751550c3ad99/,https://agora-urba.eu/2016/09/15/restauration-du-parc-marie-jose-beliris/?unapproved=389089&moderation-hash=4ae5f6cba6e4bfe71a2efac57a47d629#comment-389089,"Tôi thích chơi game bài trên <a href=""https://khoanhkhachong.vn"">web cá độ bóng đá</a> vì giao diện thân thiện và dễ sử dụng, giúp tôi tập trung vào việc chơi và tận hưởng trải nghiệm giải trí."
trang cá độ bóng đá,https://longthinhtech.com.vn/2021/10/29/thang-may-la-gi-dinh-nghia-cu-the-cua-thang-may-la-gi/?unapproved=53545&moderation-hash=b9974995d92dfe20624dceb0da499c3a/,https://longthinhtech.com.vn/2021/10/29/thang-may-la-gi-dinh-nghia-cu-the-cua-thang-may-la-gi/?unapproved=54632&moderation-hash=dbf595877bd8744da777ff5ce791bd80#comment-54632,"Tôi đã khám phá <a href=""https://khoanhkhachong.vn"">trang cá độ bóng đá</a> và rất ấn tượng với sự đa dạng của các trò chơi, từ cá cược thể thao đến game bài và xổ số, tạo ra một thế giới giải trí trực tuyến phong phú và thú vị."
web cá cược bóng đá,https://ansorpasuruankab.or.id/harlah-99-nahdlatul-ulama-ansor-lumbang-gelar-lomba-video-kreatif/,https://ansorpasuruankab.or.id/harlah-99-nahdlatul-ulama-ansor-lumbang-gelar-lomba-video-kreatif/#comment-631479,"Một trong những trang web giải trí trực tuyến mà tôi yêu thích có <a href=""https://khoanhkhachong.vn"">web cá cược bóng đá</a> với nhiều chương trình khuyến mãi, mang lại cho tôi cơ hội thắng lớn và trải nghiệm thú vị."
trang cá cược bóng đá,https://expcloud.com/2017/10/26/introducing-exp-enterprise-dashboard-your-control-panel-to-pilot-your-business/?unapproved=7212&moderation-hash=940241faf4233514aca5727f67e500ef/,https://expcloud.com/2017/10/26/introducing-exp-enterprise-dashboard-your-control-panel-to-pilot-your-business/?unapproved=7331&moderation-hash=c70cdfbaa6da1be49e551d6896a6924c#comment-7331,"<a href=""https://khoanhkhachong.vn"">trang cá cược bóng đá</a> là nơi tôi thường xuyên chơi game trực tuyến, với nhiều trò chơi hấp dẫn, giao diện dễ sử dụng, và chính sách bảo mật cao, giúp tôi yên tâm khi chơi và đặt cược."
trang cá cược bóng đá,https://kayali.id/mg-4d-platform-aman-untuk-pecinta-togel-online/?unapproved=3618&moderation-hash=1cf1e7b9083b0f7a4f498ff07bf0a06a/,https://kayali.id/mg-4d-platform-aman-untuk-pecinta-togel-online/?unapproved=3633&moderation-hash=7c49d85210f7fd4d9b859a6829fc8ca6#comment-3633,"Tôi đánh giá cao <a href=""https://khoanhkhachong.vn"">trang cá cược bóng đá</a> vì sự chuyên nghiệp, đa dạng trò chơi, và dịch vụ khách hàng tốt, luôn sẵn sàng hỗ trợ và giải đáp thắc mắc, tạo cho tôi trải nghiệm chơi game trực tuyến tuyệt vời."
trang cá độ bóng đá,https://blogs.marinij.com/northbaywoman/hello-kindness/?unapproved=366362&moderation-hash=ce2fcac9fcb8685463ae2e7db61e5661/,https://blogs.marinij.com/northbaywoman/hello-kindness/?unapproved=370626&moderation-hash=e1af99ee46edf996f4d96ed43b278821#comment-370626,"Tôi thường truy cập <a href=""https://khoanhkhachong.vn"">trang cá độ bóng đá</a> để cập nhật kết quả bóng đá và tham gia các trò chơi cá cược, cũng như khám phá các hình thức giải trí khác như casino online và game bài trực tuyến, rất tiện lợi và thú vị."
trang cá độ bóng đá,https://dashesbase.id/demo-slot-olympus-mesin-yang-paling-banyak-memberikan-keberuntungan/?unapproved=3413&moderation-hash=40c1317c684ac73cf8cb559ae8375e37/,https://dashesbase.id/demo-slot-olympus-mesin-yang-paling-banyak-memberikan-keberuntungan/?unapproved=3434&moderation-hash=5597daf038b61de735cc0d44ce940ea5#comment-3434,"<a href=""https://khoanhkhachong.vn"">trang cá độ bóng đá</a> là nơi tôi thường đến để chơi game bài và tham gia xổ số, ngoài ra cũng có thể xem kết quả bóng đá và tham gia các hoạt động giải trí khác, tạo ra một trải nghiệm giải trí trực tuyến toàn diện."
web cá độ bóng đá,https://napthungbantai.vn/san-pham/bodykit-mugen-honda-city/,https://napthungbantai.vn/san-pham/bodykit-mugen-honda-city/#comment-743220,"Để cập nhật thông tin về các giải đấu bóng đá và đặt cược, tôi thường truy cập <a href=""https://khoanhkhachong.vn"">web cá độ bóng đá</a>, nơi cung cấp thông tin chính xác và đáng tin cậy, giúp tôi đưa ra quyết định sáng suốt."
trang cá cược bóng đá,https://ansorpasuruankab.or.id/banser-grebek-sampah-bhakti-hari-santri-2022/,https://ansorpasuruankab.or.id/banser-grebek-sampah-bhakti-hari-santri-2022/#comment-631483,"<a href=""https://khoanhkhachong.vn"">trang cá cược bóng đá</a> là lựa chọn hàng đầu của tôi khi tìm kiếm một trang web chơi game trực tuyến uy tín, với nhiều lựa chọn giải trí, từ thể thao đến game bài, và thông tin cập nhật thường xuyên, thật tuyệt vời."
web cá cược bóng đá,https://intansejati.co.id/ragam-produk/,https://intansejati.co.id/ragam-produk/#comment-219136,"Tôi rất hài lòng khi sử dụng một trang web trực tuyến vì nó không chỉ có <a href=""https://khoanhkhachong.vn"">web cá cược bóng đá</a> mà còn có nhiều trò chơi khác như casino online, xổ số, đáp ứng mọi nhu cầu giải trí của tôi."
web cá độ bóng đá,https://sakti.or.id/analisis-manipulasi-hukum-untuk-hindari-tanggung-jawab-jaminan-sosial-awak-kapal/,https://sakti.or.id/analisis-manipulasi-hukum-untuk-hindari-tanggung-jawab-jaminan-sosial-awak-kapal/#comment-328765,"Tôi đã thử nhiều trang web game trực tuyến khác nhau, nhưng <a href=""https://khoanhkhachong.vn"">web cá độ bóng đá</a> vẫn là nơi tôi yêu thích nhất vì sự đa dạng và chất lượng của các trò chơi và dịch vụ."
web cá cược bóng đá,https://ceveh.com.br/2024/04/agenda-da-prefeita-adriane-lopes-nesta-segunda-feira-22-cgnoticias/?unapproved=1386460&moderation-hash=a236e01f2687574abb48bc5a9b32ab8d/,https://ceveh.com.br/2024/04/agenda-da-prefeita-adriane-lopes-nesta-segunda-feira-22-cgnoticias/?unapproved=1398097&moderation-hash=ab7e0ee156d7017d3d65be5db3aa9656#comment-1398097,"Tôi đã giới thiệu trang web <a href=""https://khoanhkhachong.vn"">web cá cược bóng đá</a> này cho bạn bè vì nó không chỉ cung cấp dịch vụ cá cược chất lượng cao mà còn có nhiều trò chơi trực tuyến khác, phù hợp với nhiều sở thích và nhu cầu khác nhau."
trang cá độ bóng đá,https://smkn2kalianda.sch.id/2024/08/pelaksanaan-anbk-smk-negeri-2-kalianda-berjalan-lancar/,https://smkn2kalianda.sch.id/2024/08/pelaksanaan-anbk-smk-negeri-2-kalianda-berjalan-lancar/#comment-154770,"Tôi rất hài lòng khi chơi tại <a href=""https://khoanhkhachong.vn"">trang cá độ bóng đá</a>, không chỉ có các trò chơi cá cược thể thao mà còn có game bài và xổ số, giúp tôi có nhiều lựa chọn và trải nghiệm giải trí đa dạng và thú vị mọi lúc."
web cá cược bóng đá,https://jardinrest.id/meningkatkan-kolaborasi-antar-daerah-dengan-kahminasional/?unapproved=10765&moderation-hash=47134b192841ff7de1feabbd250d1ec8/,https://jardinrest.id/meningkatkan-kolaborasi-antar-daerah-dengan-kahminasional/?unapproved=10852&moderation-hash=06d4eb3e136874f3b60b92d42f8d0c90#comment-10852,"Tôi đã tìm thấy một trang web cá cược trực tuyến tuyệt vời, <a href=""https://khoanhkhachong.vn"">web cá cược bóng đá</a>, nơi tôi có thể chơi game bài, xem kết quả xổ số và tham gia cá cược thể thao một cách an toàn và thú vị."
trang cá độ bóng đá,http://stories.jtimothyking.com/2012/05/25/amidst-the-geeks/comment-page-5537/,http://stories.jtimothyking.com/2012/05/25/amidst-the-geeks/comment-page-5615#comment-441471,"Tôi thường truy cập <a href=""https://khoanhkhachong.vn"">trang cá độ bóng đá</a> để cập nhật kết quả trực tiếp và tham gia cá cược thể thao, ngoài ra còn chơi game bài trực tuyến và xổ số trên trang web này rất tiện lợi."
web cá độ bóng đá,https://blogs.marinij.com/northbaywoman/hello-kindness/?unapproved=366399&moderation-hash=7fca70f6f24248eb374060a183cfcb45/,https://blogs.marinij.com/northbaywoman/hello-kindness/?unapproved=370628&moderation-hash=35fee38db2095bf92ff7050c1748afd4#comment-370628,"Khi muốn chơi xổ số hoặc casino online, tôi luôn chọn <a href=""https://khoanhkhachong.vn"">web cá độ bóng đá</a> vì sự an toàn và bảo mật cao, giúp tôi cảm thấy yên tâm khi tham gia các hoạt động giải trí trực tuyến."
trang cá độ bóng đá,https://geb-tga.de/cpay/,https://geb-tga.de/cpay/#comment-7943377,"Các bạn nên thử <a href=""https://khoanhkhachong.vn"">trang cá độ bóng đá</a> để trải nghiệm các trò chơi trực tuyến đa dạng như casino online, game bài, và cá cược thể thao với giao diện thân thiện và dễ sử dụng."
trang cá độ bóng đá,https://man1malang.sch.id/aside-post-format/,https://man1malang.sch.id/aside-post-format/#comment-39882,"<a href=""https://khoanhkhachong.vn"">trang cá độ bóng đá</a> không chỉ cung cấp kết quả bóng đá mà còn cho phép chơi game trực tuyến, tham gia xổ số và casino online, tất cả trong một trang web rất tiện cho người dùng."
web cá cược bóng đá,https://stonetablet.org/protecting-the-gates-the-eye-gate-part-2/audio-teachings/mark/?unapproved=55582&moderation-hash=c9db796ab6cd6186dcb7f0cd06b24913/,https://stonetablet.org/protecting-the-gates-the-eye-gate-part-2/audio-teachings/mark/?unapproved=56619&moderation-hash=0bf26028fe9574220a7eb0794f43f825#comment-56619,"Tôi yêu thích trải nghiệm giải trí số trên <a href=""https://khoanhkhachong.vn"">web cá cược bóng đá</a>, nơi cung cấp nhiều trò chơi trực tuyến, từ game bài đến casino online, và cả việc xem trực tiếp các trận đấu thể thao."
web cá độ bóng đá,http://agora-urba.eu/2016/09/15/restauration-du-parc-marie-jose-beliris/?unapproved=387865&moderation-hash=09f6a9a6746b3aca29749e60315448a4/,http://agora-urba.eu/2016/09/15/restauration-du-parc-marie-jose-beliris/?unapproved=389090&moderation-hash=31a483743ecf048ec476b67dd2baa52a#comment-389090,"Tôi cảm thấy may mắn khi tìm thấy <a href=""https://khoanhkhachong.vn"">web cá độ bóng đá</a>, nơi tôi có thể chơi game, xem thể thao và tham gia các hoạt động giải trí khác, tất cả đều trong một trang web tiện lợi và thú vị."
trang cá cược bóng đá,https://events.citizenshipinvestment.org/classic-magazine-thumb-1/,https://events.citizenshipinvestment.org/classic-magazine-thumb-1/#comment-3314834,"Tôi đã trở thành thành viên của <a href=""https://khoanhkhachong.vn"">trang cá cược bóng đá</a> vì muốn tận hưởng nhiều trò chơi trực tuyến thú vị, từ cá cược thể thao đến casino online, và tham gia vào cộng đồng người dùng năng động, thật tuyệt vời và hấp dẫn."
trang cá độ bóng đá,https://kingpanel.vn/loi-ich-cua-vach-ngan-panel-phong-sach/,https://kingpanel.vn/loi-ich-cua-vach-ngan-panel-phong-sach/#comment-122362,"Khi tìm kiếm trang web để chơi game trực tuyến, tôi chọn <a href=""https://khoanhkhachong.vn"">trang cá độ bóng đá</a> vì nó cung cấp nhiều lựa chọn như chơi game bài, cá cược thể thao, và xổ số, rất phù hợp cho những người yêu thích giải trí số."
web cá cược bóng đá,https://napthungbantai.vn/san-pham/phuoc-profender-oem-25/,https://napthungbantai.vn/san-pham/phuoc-profender-oem-25/#comment-743222,"<a href=""https://khoanhkhachong.vn"">web cá cược bóng đá</a> là điểm đến yêu thích của tôi khi muốn chơi game trực tuyến, với nhiều lựa chọn từ xổ số đến cá cược bóng đá, tất cả đều dễ dàng và tiện lợi."
web cá cược bóng đá,https://metropembaharuancq.com/2021/07/bupati-buka-turnamen-bulutangkis-hut-bima/,https://metropembaharuancq.com/2021/07/bupati-buka-turnamen-bulutangkis-hut-bima/#comment-1596947,"Trang web game trực tuyến mà tôi thường访问 là <a href=""https://khoanhkhachong.vn"">web cá cược bóng đá</a>, nơi tôi có thể chơi game bài, tham gia xổ số và theo dõi kết quả thể thao một cách nhanh chóng và cập nhật."
trang cá cược bóng đá,https://social.unib.ac.id/bsw/shortcode-demo/post-carousel-2/,https://social.unib.ac.id/bsw/shortcode-demo/post-carousel-2/#comment-70992,"Tôi thường chơi game tại <a href=""https://khoanhkhachong.vn"">trang cá cược bóng đá</a> vì họ cung cấp nhiều trò chơi hấp dẫn và dịch vụ tốt, từ cá cược thể thao đến game bài và xổ số, rất thú vị và hấp dẫn."
web cá độ bóng đá,https://genussbaeckerei-tralmer.de/produkte/bauernsemmel-2/,https://genussbaeckerei-tralmer.de/produkte/bauernsemmel-2/#comment-288680,"Tôi thường chơi game bài trực tuyến và cá cược thể thao trên <a href=""https://khoanhkhachong.vn"">web cá độ bóng đá</a>, trải nghiệm rất tốt và nhiều hình thức giải trí số khác."
trang cá độ bóng đá,https://expcloud.com/2017/10/26/introducing-exp-enterprise-dashboard-your-control-panel-to-pilot-your-business/?unapproved=7215&moderation-hash=7713aa7d2e3ca8d0ec8726c7b04b0924/,https://expcloud.com/2017/10/26/introducing-exp-enterprise-dashboard-your-control-panel-to-pilot-your-business/?unapproved=7333&moderation-hash=d0ca040c0454f0b7c4fe399bf1a8bb55#comment-7333,"Tôi thích <a href=""https://khoanhkhachong.vn"">trang cá độ bóng đá</a> vì nó cho phép tôi theo dõi kết quả trực tiếp và tham gia cá cược bóng đá, cũng như chơi các trò chơi khác như game bài và casino online mọi lúc mọi nơi."
trang cá độ bóng đá,https://porncold.com/booty-content-for-xvideos-assparade-leana-lovings-04-10-2023/,https://porncold.com/booty-content-for-xvideos-assparade-leana-lovings-04-10-2023/#comment-1224132,"<a href=""https://khoanhkhachong.vn"">trang cá độ bóng đá</a> là nơi tôi thường xuyên truy cập để cập nhật thông tin và tham gia các hoạt động giải trí trực tuyến như chơi game, cá cược thể thao, và xổ số, rất thú vị và hấp dẫn."
trang cá cược bóng đá,https://www.edukids.my/2018/04/28/children-is-future/,https://www.edukids.my/2018/04/28/children-is-future/#comment-553436,"Tôi đã tìm thấy <a href=""https://khoanhkhachong.vn"">trang cá cược bóng đá</a> uy tín và chất lượng, nơi tôi có thể chơi game bài, tham gia xổ số và cá cược thể thao một cách an toàn và thú vị, với nhiều khuyến mãi hấp dẫn."
trang cá cược bóng đá,https://ceveh.com.br/2024/04/agenda-da-prefeita-adriane-lopes-nesta-segunda-feira-22-cgnoticias/?unapproved=1386399&moderation-hash=e71c368c168e489a6b9bd0c4c2fe2de9/,https://ceveh.com.br/2024/04/agenda-da-prefeita-adriane-lopes-nesta-segunda-feira-22-cgnoticias/?unapproved=1398100&moderation-hash=1788f32ac5b106d9cbb7bf89472fb01e#comment-1398100,"<a href=""https://khoanhkhachong.vn"">trang cá cược bóng đá</a> là nơi tôi yêu thích để chơi game trực tuyến, với nhiều trò chơi đa dạng từ casino online đến game bài và xổ số, tất cả đều có tại đây với chất lượng cao."
web cá cược bóng đá,https://blogs.marinij.com/northbaywoman/hello-kindness/?unapproved=366360&moderation-hash=8456f6c7b56d9b80cd729641eb9fb6fe/,https://blogs.marinij.com/northbaywoman/hello-kindness/?unapproved=370633&moderation-hash=0017bd0505aee843822fb55b4c8991c0#comment-370633,"Tôi đã thử nhiều trang web nhưng <a href=""https://khoanhkhachong.vn"">web cá cược bóng đá</a> vẫn là lựa chọn số một của tôi, nơi cung cấp nhiều trò chơi giải trí số, từ casino online đến cá cược thể thao, tất cả đều thú vị."
web cá cược bóng đá,http://agora-urba.eu/2016/09/15/restauration-du-parc-marie-jose-beliris/?unapproved=387884&moderation-hash=e2207ffed20c677ee3803dc341908c5e/,http://agora-urba.eu/2016/09/15/restauration-du-parc-marie-jose-beliris/?unapproved=389091&moderation-hash=7fca33f3ff767c903f8145e4b81606d8#comment-389091,"Khi nhắc đến <a href=""https://khoanhkhachong.vn"">web cá cược bóng đá</a>, tôi nghĩ đến một thế giới giải trí số đa dạng, từ game bài đến xổ số, và cả việc xem trực tiếp các trận đấu thể thao, tất cả đều trên một nền tảng."
web cá độ bóng đá,https://revistashape.com.br/2024/04/09/cidade-das-artes-recebe-novo-ponto-de-vacinacao-contra-a-gripe-prefeitura-da-cidade-do-rio-de-janeiro/,https://revistashape.com.br/2024/04/09/cidade-das-artes-recebe-novo-ponto-de-vacinacao-contra-a-gripe-prefeitura-da-cidade-do-rio-de-janeiro/#comment-2129661,"Tôi tìm thấy <a href=""https://khoanhkhachong.vn"">web cá độ bóng đá</a> cung cấp nhiều trò chơi trực tuyến hấp dẫn, từ game bài đến xổ số, casino online và thể thao."
web cá độ bóng đá,http://mptv.malangpost.id/index.php/2021/06/24/investasi-aman-di-masa-pandemi-mptv-x-ezo/?unapproved=3063&moderation-hash=d51d4fc378492cacc2ea4a1856d1ead3/,http://mptv.malangpost.id/index.php/2021/06/24/investasi-aman-di-masa-pandemi-mptv-x-ezo/?unapproved=3227&moderation-hash=13406510cd1793c9039e1efbea61fd15#comment-3227,"Trên <a href=""https://khoanhkhachong.vn"">web cá độ bóng đá</a>, tôi có thể chơi cá cược bóng đá và theo dõi kết quả trực tiếp, rất tiện lợi và thú vị."
web cá cược bóng đá,https://jardinrest.id/meningkatkan-kolaborasi-antar-daerah-dengan-kahminasional/?unapproved=10766&moderation-hash=820067b7b787a963a08114f1564aeba2/,https://jardinrest.id/meningkatkan-kolaborasi-antar-daerah-dengan-kahminasional/?unapproved=10854&moderation-hash=c68345d673288bdd51906b9d5d6e25ac#comment-10854,"Tôi thường chơi game trực tuyến trên <a href=""https://khoanhkhachong.vn"">web cá cược bóng đá</a>, nơi có nhiều lựa chọn trò chơi, từ casino online đến cá cược bóng đá, và cả việc theo dõi kết quả xổ số một cách dễ dàng."
web cá độ bóng đá,http://agora-urba.eu/2016/09/15/restauration-du-parc-marie-jose-beliris/?unapproved=387903&moderation-hash=d366e042806f91fe68e3bdb2e81710e0/,http://agora-urba.eu/2016/09/15/restauration-du-parc-marie-jose-beliris/?unapproved=389092&moderation-hash=51223686bb943aa49d89d4c4f0999040#comment-389092,"<a href=""https://khoanhkhachong.vn"">web cá độ bóng đá</a> là nơi tôi thường chơi game trực tuyến và cá cược thể thao, với nhiều lựa chọn và trải nghiệm tốt."
trang cá cược bóng đá,https://longthinhtech.com.vn/2021/10/29/quy-trinh-thiet-ke-lap-dat-san-xuat-thang-cuon/?unapproved=53540&moderation-hash=d8eea76634a2f005fabb474369c1be0b/,https://longthinhtech.com.vn/2021/10/29/quy-trinh-thiet-ke-lap-dat-san-xuat-thang-cuon/?unapproved=54633&moderation-hash=a174187c0898a979f4071cbb108cb226#comment-54633,"Khi nhắc đến <a href=""https://khoanhkhachong.vn"">trang cá cược bóng đá</a>, tôi nghĩ ngay đến một nền tảng giải trí trực tuyến toàn diện, nơi cung cấp nhiều trò chơi hấp dẫn và dịch vụ chất lượng, từ cá cược thể thao đến game bài và xổ số."
web cá cược bóng đá,https://obsession.id/online-business-berbasis-layanan-digital-prospek-menarik/?unapproved=3817&moderation-hash=9943c164ef4579e7b2614467b3d81b0a/,https://obsession.id/online-business-berbasis-layanan-digital-prospek-menarik/?unapproved=3906&moderation-hash=9ea37337b5b37a85d6fe8c0d6edc72a2#comment-3906,"<a href=""https://khoanhkhachong.vn"">web cá cược bóng đá</a> là trang web mà tôi tin tưởng khi muốn chơi game bài, tham gia xổ số hoặc cá cược thể thao, với nhiều ưu đãi và khuyến mãi hấp dẫn."
trang cá độ bóng đá,http://agora-urba.eu/2016/09/15/restauration-du-parc-marie-jose-beliris/?unapproved=387911&moderation-hash=7117a4948f50513ea503adc9c1c91957/,http://agora-urba.eu/2016/09/15/restauration-du-parc-marie-jose-beliris/?unapproved=389093&moderation-hash=e65dedefcbc39526db88c6918f6e0802#comment-389093,"Tôi giới thiệu <a href=""https://khoanhkhachong.vn"">trang cá độ bóng đá</a> cho bạn bè vì nó cung cấp nhiều trò chơi trực tuyến như casino online, game bài, và cá cược thể thao, cũng như xổ số và các hình thức giải trí số khác rất đa dạng."
trang cá cược bóng đá,https://obsession.id/online-business-berbasis-layanan-digital-prospek-menarik/?unapproved=3802&moderation-hash=055c19e82595446c1a79f84bb14bb758/,https://obsession.id/online-business-berbasis-layanan-digital-prospek-menarik/?unapproved=3907&moderation-hash=50eecc6d7e3c5d3cdc3af2002aae8266#comment-3907,"<a href=""https://khoanhkhachong.vn"">trang cá cược bóng đá</a> không chỉ cung cấp cá cược thể thao mà còn có nhiều trò chơi khác như game bài và xổ số, tạo nên một nền tảng giải trí trực tuyến đa dạng và thú vị."
web cá cược bóng đá,http://agora-urba.eu/2016/09/15/restauration-du-parc-marie-jose-beliris/?unapproved=387868&moderation-hash=5ffdc9f33a2b06d56629adb4eb163773/,http://agora-urba.eu/2016/09/15/restauration-du-parc-marie-jose-beliris/?unapproved=389094&moderation-hash=6c49e820c261b11bc424577fe89148f2#comment-389094,"Tôi đã giới thiệu <a href=""https://khoanhkhachong.vn"">web cá cược bóng đá</a> cho bạn bè của mình, vì đây là một trang web game trực tuyến tuyệt vời, cung cấp nhiều trò chơi giải trí số, từ game bài đến casino online, và cả việc xem trực tiếp thể thao."
trang cá độ bóng đá,http://mptv.malangpost.id/index.php/2021/06/24/investasi-aman-di-masa-pandemi-mptv-x-ezo/?unapproved=3055&moderation-hash=15eeef46d7c1364a0bd67169417c0f6e/,http://mptv.malangpost.id/index.php/2021/06/24/investasi-aman-di-masa-pandemi-mptv-x-ezo/?unapproved=3228&moderation-hash=346a373a33e4126c30e3c5cce097dffd#comment-3228,"Với <a href=""https://khoanhkhachong.vn"">trang cá độ bóng đá</a>, tôi có thể chơi game bài trực tuyến, tham gia xổ số, và cá cược thể thao mọi lúc, giúp tôi tận hưởng thời gian rảnh rỗi một cách hiệu quả và thú vị."
trang cá cược bóng đá,https://ansorpasuruankab.or.id/ketua-ansor-pasuruan-harapkan-lulusan-diklatsar-banser-sukorejo-tetap-kompak-satu-komando/,https://ansorpasuruankab.or.id/ketua-ansor-pasuruan-harapkan-lulusan-diklatsar-banser-sukorejo-tetap-kompak-satu-komando/#comment-631492,"Tôi thích chơi game tại <a href=""https://khoanhkhachong.vn"">trang cá cược bóng đá</a> vì họ có nhiều trò chơi mới và hấp dẫn, từ game bài đến xổ số và casino online, tất cả đều được cập nhật thường xuyên."
web cá độ bóng đá,https://www.catedradehermeneutica.org/onlenheres/maria_jose_rossi/,https://www.catedradehermeneutica.org/onlenheres/maria_jose_rossi/#comment-192273,"Tôi thích chơi game bài trực tuyến trên <a href=""https://khoanhkhachong.vn"">web cá độ bóng đá</a>, có nhiều hình thức giải trí số và thể thao để lựa chọn."
trang cá cược bóng đá,https://porncold.com/hot-scene-2022-exclusive-video-watch-online/,https://porncold.com/hot-scene-2022-exclusive-video-watch-online/#comment-1224135,"Tôi đã trải nghiệm nhiều trang web game trực tuyến, nhưng <a href=""https://khoanhkhachong.vn"">trang cá cược bóng đá</a> vẫn là nơi tôi yêu thích nhất, với nhiều trò chơi hấp dẫn và dịch vụ chất lượng, từ cá cược thể thao đến game bài và xổ số."
trang cá độ bóng đá,https://fish-p.gov.ng/abi-2/,https://fish-p.gov.ng/abi-2/#comment-55341,"<a href=""https://khoanhkhachong.vn"">trang cá độ bóng đá</a> là lựa chọn hàng đầu của tôi khi muốn chơi game trực tuyến hoặc tham gia cá cược thể thao, vì nó cung cấp giao diện dễ sử dụng và nhiều lựa chọn giải trí rất phong phú và hấp dẫn."
web cá cược bóng đá,https://raiz-ta.com/yobou2/,https://raiz-ta.com/yobou2#comment-847689,"Tôi cảm thấy may mắn khi tìm thấy <a href=""https://khoanhkhachong.vn"">web cá cược bóng đá</a>, nơi tôi có thể chơi game trực tuyến, tham gia xổ số và theo dõi kết quả thể thao, tất cả đều trên một nền tảng an toàn và thú vị."
trang cá độ bóng đá,https://dashesbase.id/demo-slot-olympus-mesin-yang-paling-banyak-memberikan-keberuntungan/?unapproved=3412&moderation-hash=1639127c3541feb59b193e7cf780e23b/,https://dashesbase.id/demo-slot-olympus-mesin-yang-paling-banyak-memberikan-keberuntungan/?unapproved=3435&moderation-hash=e2ac97b14e1c80d9b5ed603494380546#comment-3435,"Tôi rất hài lòng với <a href=""https://khoanhkhachong.vn"">trang cá độ bóng đá</a> vì nó không chỉ cho phép tôi chơi game bài và tham gia xổ số mà còn cung cấp thông tin và kết quả trực tiếp về các trận bóng đá, giúp tôi cập nhật thông tin một cách nhanh chóng."
trang cá độ bóng đá,https://obsession.id/online-business-berbasis-layanan-digital-prospek-menarik/?unapproved=3809&moderation-hash=d59bc1ca0102df68583ffa079cf9c570/,https://obsession.id/online-business-berbasis-layanan-digital-prospek-menarik/?unapproved=3908&moderation-hash=d901f8b62e9c23146e38c919ee38eff6#comment-3908,"Tôi vừa khám phá <a href=""https://khoanhkhachong.vn"">trang cá độ bóng đá</a> và thực sự ấn tượng với sự đa dạng trò chơi, từ cá cược thể thao đến game bài, xổ số, và casino trực tuyến, tất cả đều có tại trang web này, mang lại trải nghiệm giải trí tuyệt vời cho người dùng."
trang cá cược bóng đá,http://mptv.malangpost.id/index.php/2021/02/16/year-of-ox-pop-flash-edisi-imlek/?unapproved=3062&moderation-hash=5d3da86a28df0de59b2d389da1c5a0fd/,http://mptv.malangpost.id/index.php/2021/02/16/year-of-ox-pop-flash-edisi-imlek/?unapproved=3229&moderation-hash=bd7f052cc75e9c8396eb0244af24742e#comment-3229,"Tôi thường giới thiệu <a href=""https://khoanhkhachong.vn"">trang cá cược bóng đá</a> cho bạn bè vì họ có nhiều trò chơi hấp dẫn và dịch vụ tốt, từ cá cược thể thao đến game bài và xổ số, rất phù hợp cho những người yêu thích giải trí trực tuyến."
trang cá cược bóng đá,https://blogs.marinij.com/northbaywoman/hello-kindness/?unapproved=366372&moderation-hash=e7f9d9c4cc4a21e04372e3b7755a1ec1/,https://blogs.marinij.com/northbaywoman/hello-kindness/?unapproved=370636&moderation-hash=6f7a28b5b3a5a23a4c566530ecdb5e7a#comment-370636,"<a href=""https://khoanhkhachong.vn"">trang cá cược bóng đá</a> là một trong những trang web game trực tuyến tốt nhất, cung cấp nhiều trò chơi đa dạng và dịch vụ chất lượng, từ casino online đến game bài và xổ số, tất cả đều rất thú vị."
trang cá cược bóng đá,http://agora-urba.eu/2016/09/15/restauration-du-parc-marie-jose-beliris/?unapproved=387896&moderation-hash=1662931edc2d24aa8916de21aba91aad/,http://agora-urba.eu/2016/09/15/restauration-du-parc-marie-jose-beliris/?unapproved=389095&moderation-hash=1f1e7e006512b02d39b14d7cd5b41353#comment-389095,"Tôi rất hài lòng khi chơi game tại <a href=""https://khoanhkhachong.vn"">trang cá cược bóng đá</a>, với nhiều trò chơi mới và hấp dẫn, từ game bài đến xổ số và casino online, tất cả đều được thiết kế để mang lại trải nghiệm thú vị."
trang cá độ bóng đá,http://mptv.malangpost.id/index.php/2021/06/24/investasi-aman-di-masa-pandemi-mptv-x-ezo/?unapproved=3065&moderation-hash=12e9953509536ed5c68521518a8272bc/,http://mptv.malangpost.id/index.php/2021/06/24/investasi-aman-di-masa-pandemi-mptv-x-ezo/?unapproved=3230&moderation-hash=f945f0baa1380738507f16845debd5b7#comment-3230,"Tôi thường truy cập <a href=""https://khoanhkhachong.vn"">trang cá độ bóng đá</a> để xem kết quả trực tiếp và cập nhật thông tin về các trận đấu, đồng thời cũng tham gia chơi game bài trực tuyến với bạn bè, tạo không khí giải trí thú vị và gắn kết."
trang cá cược bóng đá,https://kayali.id/mg-4d-platform-aman-untuk-pecinta-togel-online/?unapproved=3619&moderation-hash=3f450592a9f36738cec5dc340d56bc87/,https://kayali.id/mg-4d-platform-aman-untuk-pecinta-togel-online/?unapproved=3634&moderation-hash=f4e94698129a1ce2cec9d5e1b6a37fb8#comment-3634,"Tôi thường chơi game trực tuyến tại <a href=""https://khoanhkhachong.vn"">trang cá cược bóng đá</a>, nơi cung cấp nhiều trò chơi thú vị và giải trí số khác, từ game bài đến xổ số, rất tiện lợi và hấp dẫn."
web cá độ bóng đá,https://ceveh.com.br/2024/04/agenda-da-prefeita-adriane-lopes-nesta-segunda-feira-22-cgnoticias/?unapproved=1386498&moderation-hash=c69af8e9f8aa1e8d9b54347741d92b7b/,https://ceveh.com.br/2024/04/agenda-da-prefeita-adriane-lopes-nesta-segunda-feira-22-cgnoticias/?unapproved=1398104&moderation-hash=0c1b5ee98b8866e8853d4f53c53d257a#comment-1398104,"Tôi thường chơi cá cược bóng đá trên <a href=""https://khoanhkhachong.vn"">web cá độ bóng đá</a>, với nhiều lựa chọn và trải nghiệm tốt, cũng như chơi game bài trực tuyến."
trang cá độ bóng đá,http://mptv.malangpost.id/index.php/2021/06/24/investasi-aman-di-masa-pandemi-mptv-x-ezo/?unapproved=3069&moderation-hash=871d9ec7dabf53447c6469040618a181/,http://mptv.malangpost.id/index.php/2021/06/24/investasi-aman-di-masa-pandemi-mptv-x-ezo/?unapproved=3231&moderation-hash=7bdead6831c87eee9b927d9eb5af3be3#comment-3231,"<a href=""https://khoanhkhachong.vn"">trang cá độ bóng đá</a> không chỉ cung cấp dịch vụ cá cược thể thao mà còn có nhiều trò chơi khác như xổ số, casino trực tuyến, đảm bảo người dùng luôn có sự lựa chọn phong phú và đa dạng cho nhu cầu giải trí của mình mỗi ngày."
web cá độ bóng đá,https://ansorpasuruankab.or.id/wakasatkornas-banser-memotivasi-peserta-pkd-ansor-untuk-terus-berkhidmah-di-nahdlatul-ulama/,https://ansorpasuruankab.or.id/wakasatkornas-banser-memotivasi-peserta-pkd-ansor-untuk-terus-berkhidmah-di-nahdlatul-ulama/#comment-631494,"Trải nghiệm chơi game trực tuyến trên <a href=""https://khoanhkhachong.vn"">web cá độ bóng đá</a> rất tốt, có nhiều trò chơi hấp dẫn và cá cược thể thao."
trang cá độ bóng đá,https://www.socatral.sn/7-best-matchmaking-apps-without-photographs/,https://www.socatral.sn/7-best-matchmaking-apps-without-photographs/#comment-111453,"Khi tìm kiếm trang web để chơi game bài trực tuyến, tôi đã khám phá <a href=""https://khoanhkhachong.vn"">trang cá độ bóng đá</a> và thấy rằng nó cung cấp trải nghiệm chơi game tuyệt vời, với giao diện thân thiện và sự bảo mật cao, giúp tôi yên tâm khi chơi."
trang cá cược bóng đá,https://seputarbanten.id/benyamin-bersama-masyarakat-ramaikan-car-free-day-bsd/,https://seputarbanten.id/benyamin-bersama-masyarakat-ramaikan-car-free-day-bsd/#comment-250341,"Tôi tìm thấy <a href=""https://khoanhkhachong.vn"">trang cá cược bóng đá</a> là điểm đến lý tưởng cho những người yêu thể thao và game trực tuyến, với nhiều lựa chọn giải trí khác nhau, từ cá cược bóng đá đến casino online."
web cá độ bóng đá,https://ceveh.com.br/2024/04/agenda-da-prefeita-adriane-lopes-nesta-segunda-feira-22-cgnoticias/?unapproved=1386382&moderation-hash=eb6230dd86dac824591cc89c0a0d4761/,https://ceveh.com.br/2024/04/agenda-da-prefeita-adriane-lopes-nesta-segunda-feira-22-cgnoticias/?unapproved=1398106&moderation-hash=e3dc0aac6c5b7ca2580b055e642dc227#comment-1398106,"<a href=""https://khoanhkhachong.vn"">web cá độ bóng đá</a> cung cấp nhiều trò chơi trực tuyến, từ game bài đến xổ số và casino online, rất phong phú và thú vị."
trang cá độ bóng đá,https://ceveh.com.br/2024/04/agenda-da-prefeita-adriane-lopes-nesta-segunda-feira-22-cgnoticias/?unapproved=1386391&moderation-hash=905202f43c2e71f56b7f114cb6a072b4/,https://ceveh.com.br/2024/04/agenda-da-prefeita-adriane-lopes-nesta-segunda-feira-22-cgnoticias/?unapproved=1398107&moderation-hash=1de80362101fb6e6e505387fa338f16e#comment-1398107,"<a href=""https://khoanhkhachong.vn"">trang cá độ bóng đá</a> là điểm đến lý tưởng cho những người yêu thích trò chơi trực tuyến, với sự kết hợp hoàn hảo giữa cá cược thể thao, game bài, xổ số, và casino, mang lại trải nghiệm giải trí toàn diện và thú vị cho người dùng."
web cá độ bóng đá,https://dashesbase.id/demo-slot-olympus-mesin-yang-paling-banyak-memberikan-keberuntungan/?unapproved=3411&moderation-hash=2214896591cfd259eeaec1491704b710/,https://dashesbase.id/demo-slot-olympus-mesin-yang-paling-banyak-memberikan-keberuntungan/?unapproved=3436&moderation-hash=3a4dbca2585eb5f5ece7f31a3e37817e#comment-3436,"Trên <a href=""https://khoanhkhachong.vn"">web cá độ bóng đá</a>, tôi có thể chơi game trực tuyến và cá cược thể thao, với nhiều hình thức giải trí số khác nhau."
trang cá độ bóng đá,https://longthinhtech.com.vn/2021/10/29/quy-trinh-thiet-ke-lap-dat-san-xuat-thang-cuon/?unapproved=53528&moderation-hash=f4b5d907c3f73942e6fb6c6646783f30/,https://longthinhtech.com.vn/2021/10/29/quy-trinh-thiet-ke-lap-dat-san-xuat-thang-cuon/?unapproved=54635&moderation-hash=b054485beb77f44079cd3c9fa8070ba6#comment-54635,"Tôi đã giới thiệu <a href=""https://khoanhkhachong.vn"">trang cá độ bóng đá</a> cho bạn bè và họ都 rất hài lòng với chất lượng dịch vụ và sự đa dạng của trò chơi, từ đó chúng tôi có thể cùng nhau tận hưởng thời gian giải trí tuyệt vời trên trang web này."
trang cá độ bóng đá,https://sit-insanmandiri.sch.id/kisah-santri-durhaka-kepada-gurunya/,https://sit-insanmandiri.sch.id/kisah-santri-durhaka-kepada-gurunya/#comment-351851,"<a href=""https://khoanhkhachong.vn"">trang cá độ bóng đá</a> cung cấp cho tôi sự tiện lợi khi có thể chơi game bài trực tuyến và tham gia cá cược thể thao mọi lúc, mọi nơi, chỉ cần có kết nối internet, giúp tôi tiết kiệm thời gian và tăng cường trải nghiệm giải trí."
trang cá độ bóng đá,https://www.legrand-jp.com/music2/?p=2051/,https://www.legrand-jp.com/music2/?p=2051#comment-330298,"Tôi đánh giá cao <a href=""https://khoanhkhachong.vn"">trang cá độ bóng đá</a> vì sự bảo mật và uy tín của nó, giúp tôi yên tâm khi tham gia chơi game và cá cược, đồng thời cũng có đội ngũ hỗ trợ khách hàng chuyên nghiệp và sẵn sàng giúp đỡ."
trang cá độ bóng đá,http://agora-urba.eu/2016/09/15/restauration-du-parc-marie-jose-beliris/?unapproved=387901&moderation-hash=bde92731b5d30cfc1a1be1993db60eb7/,http://agora-urba.eu/2016/09/15/restauration-du-parc-marie-jose-beliris/?unapproved=389097&moderation-hash=b96e35e2dab5af4db30aa020c020b25e#comment-389097,"Tôi thấy <a href=""https://khoanhkhachong.vn"">trang cá độ bóng đá</a> là một lựa chọn tuyệt vời cho những ai muốn trải nghiệm nhiều loại hình giải trí khác nhau, từ game bài đến xổ số, casino trực tuyến, và cá cược thể thao, tất cả đều có tại một trang web duy nhất và tiện lợi."
web cá độ bóng đá,https://blogs.marinij.com/northbaywoman/hello-kindness/?unapproved=366394&moderation-hash=baaa2020b8f601a00f11d1e031167aef/,https://blogs.marinij.com/northbaywoman/hello-kindness/?unapproved=370642&moderation-hash=c5d23530e7d07eee29e9ddab9a4b5ce6#comment-370642,"Tôi tìm thấy <a href=""https://khoanhkhachong.vn"">web cá độ bóng đá</a> là nơi tuyệt vời để chơi game trực tuyến và cá cược thể thao, với nhiều trải nghiệm thú vị."
trang cá cược bóng đá,https://dashesbase.id/demo-slot-olympus-mesin-yang-paling-banyak-memberikan-keberuntungan/?unapproved=3414&moderation-hash=9c2c83fc31a451105d0b4ec209c4d326/,https://dashesbase.id/demo-slot-olympus-mesin-yang-paling-banyak-memberikan-keberuntungan/?unapproved=3437&moderation-hash=aa6a2c43bb489ce3413680c5b4fdeef4#comment-3437,"Khi nhắc đến <a href=""https://khoanhkhachong.vn"">trang cá cược bóng đá</a>, tôi nghĩ ngay đến một nền tảng giải trí trực tuyến đa dạng, nơi người dùng có thể chơi game bài, xem kết quả trực tiếp, và tham gia xổ số một cách dễ dàng."
web cá độ bóng đá,https://ceveh.com.br/2024/04/agenda-da-prefeita-adriane-lopes-nesta-segunda-feira-22-cgnoticias/?unapproved=1386508&moderation-hash=d04358d90811f73bf3e4bc3e64dd839d/,https://ceveh.com.br/2024/04/agenda-da-prefeita-adriane-lopes-nesta-segunda-feira-22-cgnoticias/?unapproved=1398111&moderation-hash=52f9b25b9abc0d1773236aeb65268d47#comment-1398111,"Tôi thường truy cập <a href=""https://khoanhkhachong.vn"">web cá độ bóng đá</a> để đặt cược và theo dõi kết quả trận đấu, ngoài ra còn có nhiều trò chơi trực tuyến thú vị khác như game bài, xổ số, casino online, rất tiện lợi."
trang cá cược bóng đá,https://obsession.id/online-business-berbasis-layanan-digital-prospek-menarik/?unapproved=3815&moderation-hash=61b27b876564ac9e568b777f7c7b1b54/,https://obsession.id/online-business-berbasis-layanan-digital-prospek-menarik/?unapproved=3909&moderation-hash=d5758c3de97821c453b0602bb1e01d1e#comment-3909,"Tôi thích chơi tại <a href=""https://khoanhkhachong.vn"">trang cá cược bóng đá</a> vì họ cung cấp nhiều trò chơi trực tuyến thú vị, từ game bài đến thể thao, và người dùng có thể dễ dàng tìm thấy trò chơi phù hợp với mình."
web cá độ bóng đá,http://stories.jtimothyking.com/2012/05/25/amidst-the-geeks/comment-page-5538/,http://stories.jtimothyking.com/2012/05/25/amidst-the-geeks/comment-page-5615#comment-441489,"Tôi là người yêu thích trò chơi trực tuyến, đặc biệt là <a href=""https://khoanhkhachong.vn"">web cá độ bóng đá</a>, và tôi đã tìm thấy một trang web cung cấp nhiều trải nghiệm tuyệt vời, từ cá cược thể thao đến game bài và xổ số, rất phong phú."
trang cá độ bóng đá,https://obsession.id/online-business-berbasis-layanan-digital-prospek-menarik/?unapproved=3816&moderation-hash=d4473cf1b8077da09c5d6d98ff02e7dd/,https://obsession.id/online-business-berbasis-layanan-digital-prospek-menarik/?unapproved=3910&moderation-hash=a47369c66c2ea384bcc88044486a84ec#comment-3910,"Tôi thường chơi game trực tuyến tại <a href=""https://khoanhkhachong.vn"">trang cá độ bóng đá</a> để giải trí và kiếm thêm thu nhập từ các trận đấu hấp dẫn, với nhiều trò chơi và hình thức cá cược khác nhau."
trang cá cược bóng đá,https://ansorpasuruankab.or.id/jelang-akreditasi-pac-ansor-kabupaten-pasuruan-adakan-sosialisasi-akreditasi-dan-workshop-kaderisasi/,https://ansorpasuruankab.or.id/jelang-akreditasi-pac-ansor-kabupaten-pasuruan-adakan-sosialisasi-akreditasi-dan-workshop-kaderisasi/#comment-631500,"<a href=""https://khoanhkhachong.vn"">trang cá cược bóng đá</a> là nơi tôi thường chơi game trực tuyến, với nhiều lựa chọn game bài, xổ số, và thể thao, tạo nên một trải nghiệm giải trí tuyệt vời và đầy đủ."
web cá độ bóng đá,http://stories.jtimothyking.com/2012/05/25/amidst-the-geeks/comment-page-5536/,http://stories.jtimothyking.com/2012/05/25/amidst-the-geeks/comment-page-5615#comment-441492,"Tôi đã tìm thấy một trang web tuyệt vời với <a href=""https://khoanhkhachong.vn"">web cá độ bóng đá</a>, nơi tôi có thể đặt cược và theo dõi trận đấu yêu thích, đồng thời tham gia nhiều hoạt động giải trí khác như chơi game trực tuyến và casino."
web cá độ bóng đá,https://dashesbase.id/demo-slot-olympus-mesin-yang-paling-banyak-memberikan-keberuntungan/?unapproved=3410&moderation-hash=ee08ff9cb5532e07f6b8750b8d62d32f/,https://dashesbase.id/demo-slot-olympus-mesin-yang-paling-banyak-memberikan-keberuntungan/?unapproved=3438&moderation-hash=0b14fb2e9c31351e5ada9c89768d3ab6#comment-3438,"Tôi thường chơi game bài trực tuyến và tham gia xổ số trên một trang web có <a href=""https://khoanhkhachong.vn"">web cá độ bóng đá</a>, nơi tôi có thể đặt cược và theo dõi kết quả trận đấu, rất thú vị và tiện lợi."
trang cá cược bóng đá,https://smkn2kalianda.sch.id/2024/09/peringatan-maulid-nabi-muhammad-saw-di-smk-negeri-2-kalianda-berlangsung-khidmat/,https://smkn2kalianda.sch.id/2024/09/peringatan-maulid-nabi-muhammad-saw-di-smk-negeri-2-kalianda-berlangsung-khidmat/#comment-154782,"Tôi giới thiệu <a href=""https://khoanhkhachong.vn"">trang cá cược bóng đá</a> cho bạn bè vì đây là một nền tảng chơi game và cá cược trực tuyến uy tín, với nhiều trò chơi và thể thao khác nhau, bao gồm cả bóng đá và casino online."
trang cá cược bóng đá,https://giorgiosoldi.it/index.php/2018/09/29/burgos-la-cattedrale-ii-parte/,https://giorgiosoldi.it/index.php/2018/09/29/burgos-la-cattedrale-ii-parte/#comment-2762,"<a href=""https://khoanhkhachong.vn"">trang cá cược bóng đá</a> cung cấp cho tôi nhiều lựa chọn giải trí, từ chơi game bài trực tuyến đến tham gia xổ số và cá cược thể thao, mọi thứ đều ở một nơi và rất dễ sử dụng."
trang cá độ bóng đá,https://blog.chrishaughton.com/the-making-of-shh-we-have-a-plan/,https://blog.chrishaughton.com/the-making-of-shh-we-have-a-plan/#comment-48700,"Tôi đã tìm thấy <a href=""https://khoanhkhachong.vn"">trang cá độ bóng đá</a> nơi cung cấp nhiều lựa chọn giải trí như game bài, xổ số, casino online và cá cược thể thao, giúp tôi tận hưởng thời gian rảnh rỗi."
trang cá độ bóng đá,https://jornalalef.com.br/2024/05/07/campo-grande-adere-a-movimento-nacional-e-leva-atendimentos-odontologicos-a-alunos-de-escolas-publicas-cgnoticias/?unapproved=1265310&moderation-hash=15805f22091a8c6305a5c4b707c13097/,https://jornalalef.com.br/2024/05/07/campo-grande-adere-a-movimento-nacional-e-leva-atendimentos-odontologicos-a-alunos-de-escolas-publicas-cgnoticias/?unapproved=1274124&moderation-hash=5410f25a87298cc9a3a9ad9d4e4af5a4#comment-1274124,"<a href=""https://khoanhkhachong.vn"">trang cá độ bóng đá</a> là nơi tôi thường đến để cập nhật kết quả trực tiếp và xem các trận đấu bóng đá, cũng như tham gia cá cược và chơi game trực tuyến với bạn bè."
web cá độ bóng đá,https://www.accademiadelcinemaragazzi.it/news/corso-di-fotografia-narrativa-mettiamo-a-fuoco-lemozione/,https://www.accademiadelcinemaragazzi.it/news/corso-di-fotografia-narrativa-mettiamo-a-fuoco-lemozione/#comment-107941,"Tôi đã khám phá một trang web mới với <a href=""https://khoanhkhachong.vn"">web cá độ bóng đá</a>, nơi tôi có thể đặt cược và theo dõi trận đấu, cũng như tham gia nhiều hoạt động giải trí khác như casino online và game trực tuyến, rất tuyệt vời."
trang cá độ bóng đá,https://porncold.com/brazzersexxtra-violet-starr-violet-loves-facials-05-02-2023/,https://porncold.com/brazzersexxtra-violet-starr-violet-loves-facials-05-02-2023/#comment-1224191,"Khi muốn chơi game bài trực tuyến, tôi thường truy cập <a href=""https://khoanhkhachong.vn"">trang cá độ bóng đá</a> vì nó cung cấp nhiều trò chơi hấp dẫn và an toàn, cũng như cơ hội thắng lớn."
web cá độ bóng đá,https://obsession.id/online-business-berbasis-layanan-digital-prospek-menarik/?unapproved=3812&moderation-hash=9594865c8657d5e83dfc9087c8a431d0/,https://obsession.id/online-business-berbasis-layanan-digital-prospek-menarik/?unapproved=3911&moderation-hash=344a8b8bddcc1898fc929f9dd21ed4ca#comment-3911,"Tôi yêu thích <a href=""https://khoanhkhachong.vn"">web cá độ bóng đá</a> và thường truy cập trang web này để đặt cược và theo dõi kết quả trận đấu, ngoài ra còn có nhiều trò chơi trực tuyến khác như game bài và xổ số, rất hấp dẫn."
trang cá độ bóng đá,https://dashesbase.id/demo-slot-olympus-mesin-yang-paling-banyak-memberikan-keberuntungan/?unapproved=3415&moderation-hash=dbef033720f84470d51853d00cff16bd/,https://dashesbase.id/demo-slot-olympus-mesin-yang-paling-banyak-memberikan-keberuntungan/?unapproved=3439&moderation-hash=b9950d89316d896723d9c7e7340d21cb#comment-3439,"Tôi thích xem bóng đá và chơi cá cược tại <a href=""https://khoanhkhachong.vn"">trang cá độ bóng đá</a> vì nó mang lại cho tôi trải nghiệm tuyệt vời với nhiều trận đấu hấp dẫn và cơ hội thắng lớn."
trang cá cược bóng đá,https://www.sp-progettispeciali.it/biscotto-e-cioccolato/,https://www.sp-progettispeciali.it/biscotto-e-cioccolato/#comment-326610,"Tôi đánh giá cao <a href=""https://khoanhkhachong.vn"">trang cá cược bóng đá</a> vì sự đa dạng của các trò chơi và giải trí trực tuyến, từ game trực tuyến đến thể thao và xổ số, tạo nên một không gian giải trí phong phú."
trang cá độ bóng đá,https://alma-de-chiapas.com/en/puerto-arista-guide/?unapproved=122310&moderation-hash=8d8a75d48fac41f78e05c29c2a6746b2/,https://alma-de-chiapas.com/en/puerto-arista-guide/?unapproved=122825&moderation-hash=7ed937e20236afd42e7f9414cba6237f#comment-122825,"<a href=""https://khoanhkhachong.vn"">trang cá độ bóng đá</a> là nơi cung cấp nhiều trò chơi giải trí khác nhau, từ game bài đến xổ số và casino online, giúp tôi có thời gian giải trí thú vị."
trang cá cược bóng đá,https://kayali.id/mg-4d-platform-aman-untuk-pecinta-togel-online/?unapproved=3622&moderation-hash=cfbffaf6ada607574862af5c508eb66e/,https://kayali.id/mg-4d-platform-aman-untuk-pecinta-togel-online/?unapproved=3635&moderation-hash=52684ff3a841165661f4802b9a24bf6c#comment-3635,"<a href=""https://khoanhkhachong.vn"">trang cá cược bóng đá</a> là điểm đến yêu thích của tôi cho việc giải trí trực tuyến, với nhiều trò chơi và hoạt động thú vị, bao gồm cả game bài, xổ số, và thể thao, luôn sẵn sàng để khám phá."
trang cá độ bóng đá,https://www.dormirebene.net/significato-posizioni-sonno/posizione-prona/,https://www.dormirebene.net/significato-posizioni-sonno/posizione-prona/#comment-518858,"Tôi thường giới thiệu <a href=""https://khoanhkhachong.vn"">trang cá độ bóng đá</a> cho bạn bè vì nó là một nền tảng chơi game trực tuyến an toàn và uy tín, với nhiều lựa chọn giải trí khác nhau."
web cá độ bóng đá,https://sakti.or.id/tantangan-transisi-perizinan-dari-siuppak-ke-sip3mi-dan-dampaknya-bagi-awak-kapal-migran/,https://sakti.or.id/tantangan-transisi-perizinan-dari-siuppak-ke-sip3mi-dan-dampaknya-bagi-awak-kapal-migran/#comment-328796,"Tôi đã tìm thấy một trang web với <a href=""https://khoanhkhachong.vn"">web cá độ bóng đá</a>, nơi tôi có thể đặt cược và theo dõi trận đấu, đồng thời tham gia nhiều hoạt động giải trí khác như chơi game trực tuyến và casino online, rất phong phú."
trang cá độ bóng đá,https://sakti.or.id/mendorong-ratifikasi-ilo-c188-dari-marrakesh-ke-jakarta/,https://sakti.or.id/mendorong-ratifikasi-ilo-c188-dari-marrakesh-ke-jakarta/#comment-328799,"Tôi yêu thích việc theo dõi kết quả trực tiếp trên <a href=""https://khoanhkhachong.vn"">trang cá độ bóng đá</a>, vì nó giúp tôi luôn cập nhật thông tin mới nhất về các trận đấu và sự kiện thể thao, đồng thời cũng có thể tham gia cá cược với nhiều lựa chọn hấp dẫn."
web cá độ bóng đá,https://ansorpasuruankab.or.id/peduli-ketenagakerjaan-kader-ansor-pasuruan-jalin-kerjasama-dengan-dinas-tenaga-kerja/,https://ansorpasuruankab.or.id/peduli-ketenagakerjaan-kader-ansor-pasuruan-jalin-kerjasama-dengan-dinas-tenaga-kerja/#comment-631507,"Tôi thường tham gia xổ số và chơi game bài trực tuyến trên một trang web có <a href=""https://khoanhkhachong.vn"">web cá độ bóng đá</a>, nơi tôi có thể đặt cьте và theo dõi kết quả trận đấu, rất thú vị và tiện lợi."
trang cá cược bóng đá,https://webofthings.org/2009/02/11/energie-visible-a-sustainable-web-of-things-project/,https://webofthings.org/2009/02/11/energie-visible-a-sustainable-web-of-things-project/#comment-1336393,"Tôi vừa khám phá trang web game trực tuyến và rất ấn tượng với <a href=""https://khoanhkhachong.vn"">trang cá cược bóng đá</a>, nơi cung cấp nhiều trò chơi giải trí số thú vị và hấp dẫn cho người dùng."
web cá độ bóng đá,http://agora-urba.eu/2016/09/15/restauration-du-parc-marie-jose-beliris/?unapproved=387900&moderation-hash=7a478fad10e149b312b2b6b7e651de1e/,http://agora-urba.eu/2016/09/15/restauration-du-parc-marie-jose-beliris/?unapproved=389099&moderation-hash=13b3b98ce440f8e0329f789eea01962d#comment-389099,"Tôi đã khám phá một trang web mới với <a href=""https://khoanhkhachong.vn"">web cá độ bóng đá</a>, nơi tôi có thể đặt cược và theo dõi trận đấu, cũng như tham gia nhiều hoạt động giải trí khác như casino online và game trực tuyến, rất tuyệt vời."
trang cá cược bóng đá,https://emediatoday.com/hello-world-2/?unapproved=42950&moderation-hash=673453f90ccc016d5c55d982a48e06db/,https://emediatoday.com/hello-world-2/?unapproved=43504&moderation-hash=bcabd5a1fed8f76b36503de5fc5b0c6a#comment-43504,"Tôi cảm thấy thoải mái khi chơi tại <a href=""https://khoanhkhachong.vn"">trang cá cược bóng đá</a> vì họ cung cấp một môi trường chơi game trực tuyến an toàn và uy tín, với nhiều lựa chọn game và thể thao khác nhau, bao gồm cả casino online."
trang cá cược bóng đá,https://kayali.id/mg-4d-platform-aman-untuk-pecinta-togel-online/?unapproved=3621&moderation-hash=10be96d8634f826d2a3177326871a84f/,https://kayali.id/mg-4d-platform-aman-untuk-pecinta-togel-online/?unapproved=3636&moderation-hash=0bc5215b1f2f02c03b6de6277c838335#comment-3636,"Tôi thường truy cập <a href=""https://khoanhkhachong.vn"">trang cá cược bóng đá</a> để cập nhật kết quả trận đấu và tham gia cá cược thể thao, ngoài ra còn có thể chơi game bài trực tuyến và xổ số."
trang cá độ bóng đá,https://www.mjs.gov.mg/ile/,https://www.mjs.gov.mg/ile/#comment-220591,"Tôi đã kiếm được nhiều tiền từ việc chơi game tại <a href=""https://khoanhkhachong.vn"">trang cá độ bóng đá</a>, với nhiều trò chơi và hình thức cá cược khác nhau, giúp tôi cải thiện tài chính."
web cá độ bóng đá,https://kayali.id/mg-4d-platform-aman-untuk-pecinta-togel-online/?unapproved=3623&moderation-hash=10a3eed37e239fa2fdcff3539a4f2aa9/,https://kayali.id/mg-4d-platform-aman-untuk-pecinta-togel-online/?unapproved=3637&moderation-hash=52bc31fcbbff0215a8d5767dc8b737c8#comment-3637,"Tôi thường truy cập <a href=""https://khoanhkhachong.vn"">web cá độ bóng đá</a> để theo dõi trận đấu và đặt cược trực tuyến, rất tiện lợi và thú vị với nhiều trò chơi khác như game bài, xổ số, casino online."
trang cá cược bóng đá,https://perkaranews.com/2024/06/pansus-dprd-babel-bawa-sejumlah-permasalahan-krusial-ke-kemenparekraf-ri-bahas-ranperda-pengembangan-desa-wisata/comment-page-13/,https://perkaranews.com/2024/06/pansus-dprd-babel-bawa-sejumlah-permasalahan-krusial-ke-kemenparekraf-ri-bahas-ranperda-pengembangan-desa-wisata/comment-page-13/#comment-1210885,"Trang web này không chỉ có <a href=""https://khoanhkhachong.vn"">trang cá cược bóng đá</a> mà còn cung cấp nhiều hình thức giải trí số khác như casino online và trò chơi trực tuyến đa dạng."
trang cá độ bóng đá,https://longthinhtech.com.vn/2021/10/29/thang-may-cho-khach-la-gi/?unapproved=53544&moderation-hash=603c7ef51b2f23e0e6425b8ccafb0720/,https://longthinhtech.com.vn/2021/10/29/thang-may-cho-khach-la-gi/?unapproved=54637&moderation-hash=69f494072d0fe96a764eae56b53ecfbb#comment-54637,"<a href=""https://khoanhkhachong.vn"">trang cá độ bóng đá</a> là nơi tôi thường đến để tham gia các giải đấu và cuộc thi trực tuyến, với nhiều phần thưởng hấp dẫn và cơ hội thắng lớn."
web cá độ bóng đá,https://kayali.id/mg-4d-platform-aman-untuk-pecinta-togel-online/?unapproved=3616&moderation-hash=371267fb299739333020677a17cc1f97/,https://kayali.id/mg-4d-platform-aman-untuk-pecinta-togel-online/?unapproved=3638&moderation-hash=8631b928f23327c0a3d6ce083cf6fc34#comment-3638,"Tôi yêu thích trò chơi trực tuyến và thường truy cập trang web với <a href=""https://khoanhkhachong.vn"">web cá độ bóng đá</a>, nơi tôi có thể đặt cược và theo dõi kết quả trận đấu, cũng như tham gia nhiều hoạt động giải trí khác, rất hấp dẫn."
web cá độ bóng đá,http://healthrootchemicals.com/product/liv-health-ds/,http://healthrootchemicals.com/product/liv-health-ds/#comment-637986,"Tôi tìm thấy <a href=""https://khoanhkhachong.vn"">web cá độ bóng đá</a> cung cấp nhiều dịch vụ giải trí như cá cược thể thao, game bài, xổ số, và casino online, rất đa dạng và hấp dẫn cho người dùng."
trang cá cược bóng đá,https://man1malang.sch.id/mengagumkan-63-peserta-didik-man-1-malang-lolos-seleksi-nasional-berdasarkan-tes-snbt/,https://man1malang.sch.id/mengagumkan-63-peserta-didik-man-1-malang-lolos-seleksi-nasional-berdasarkan-tes-snbt/#comment-39898,"Tôi đã trở thành thành viên của trang web và rất hài lòng với trải nghiệm chơi game và cá cược trên <a href=""https://khoanhkhachong.vn"">trang cá cược bóng đá</a>, cũng như các hoạt động giải trí khác."
web cá độ bóng đá,http://kasprowicz.az.pl/nauczyciele-2/statut/,http://kasprowicz.az.pl/nauczyciele-2/statut/#comment-357454,"Trang <a href=""https://khoanhkhachong.vn"">web cá độ bóng đá</a> mà tôi thường dùng có rất nhiều hình thức giải trí số, từ chơi game bài trực tuyến đến theo dõi kết quả xổ số, casino online, và đặt cược thể thao."
web cá độ bóng đá,https://dashesbase.id/demo-slot-olympus-mesin-yang-paling-banyak-memberikan-keberuntungan/?unapproved=3416&moderation-hash=5fbb506610c9585c8db9d9df03e98d4a/,https://dashesbase.id/demo-slot-olympus-mesin-yang-paling-banyak-memberikan-keberuntungan/?unapproved=3440&moderation-hash=0bca36243f1a1952e1c1b913c4f2e4fd#comment-3440,"Khi muốn chơi game bài trực tuyến, tôi thường tìm đến <a href=""https://khoanhkhachong.vn"">web cá độ bóng đá</a> vì nó cũng cung cấp nhiều trò chơi hấp dẫn và dịch vụ giải trí số khác."
trang cá độ bóng đá,https://mediamommanila.com/advocacy-program-awareness-on-mental-illness-in-ph/mediamommanila/?unapproved=3357808&moderation-hash=d01f40f07c59c8d4be70976d57515a55/,https://mediamommanila.com/advocacy-program-awareness-on-mental-illness-in-ph/mediamommanila/?unapproved=3366791&moderation-hash=4c93b2f00cde9193053b01e70811374d#comment-3366791,"Tôi thích chơi game trực tuyến tại <a href=""https://khoanhkhachong.vn"">trang cá độ bóng đá</a> vì nó mang lại cho tôi trải nghiệm thú vị và giải trí, với nhiều trò chơi và hình thức cá cược khác nhau."
trang cá độ bóng đá,https://kayali.id/mg-4d-platform-aman-untuk-pecinta-togel-online/?unapproved=3615&moderation-hash=f20399f447e26cdf89f3c22360b357e2/,https://kayali.id/mg-4d-platform-aman-untuk-pecinta-togel-online/?unapproved=3639&moderation-hash=9ece59e66a72c75ab9cb1afa8ca9e8fa#comment-3639,"Tôi thường chơi game trực tuyến trên <a href=""https://khoanhkhachong.vn"">trang cá độ bóng đá</a> vì nó cung cấp nhiều trò chơi hấp dẫn và dịch vụ cá cược thể thao chất lượng cao, rất thích hợp cho những người yêu thích bóng đá như tôi."
web cá độ bóng đá,https://sit-insanmandiri.sch.id/bumikan-al-quran-allah-tinggikan-derajatmu/,https://sit-insanmandiri.sch.id/bumikan-al-quran-allah-tinggikan-derajatmu/#comment-351855,"<a href=""https://khoanhkhachong.vn"">web cá độ bóng đá</a> là nơi tôi thường đến để theo dõi trận đấu và đặt cược bóng đá, cũng như tham gia các trò chơi khác như game bài, xổ số, và casino online."
trang cá độ bóng đá,https://tournermontrer.com/voyage-olfactif-yves-saint-laurent/#comment-1441v9bet%20provides%20a%20comprehensive%20online%20betting%20solution%20for%20the%20modern%20player.%20The%20site%20features%20an%20intuitive%20design%20packed%20with%20the%20latest%20slots%20and%20sports%20betting%20markets.%20Enjoy%20fast%20transaction%20speeds%20and%20a%20highly%20secure%20system.%20Visit%20v9bet%20to%20explore./,https://tournermontrer.com/voyage-olfactif-yves-saint-laurent/#comment-1441v9bet%20provides%20a%20comprehensive%20online%20betting%20solution%20for%20the%20modern%20player.%20The%20site%20features%20an%20intuitive%20design%20packed%20with%20the%20latest%20slots%20and%20sports%20betting%20markets.%20Enjoy%20fast%20transaction%20speeds%20and%20a%20highly%20secure%20system.%20Visit%20v9bet%20to%20explore./,"<a href=""https://khoanhkhachong.vn"">trang cá độ bóng đá</a> là nơi tôi thường xuyên lui tới để cập nhật kết quả trực tiếp và tham gia cá cược bóng đá, ngoài ra còn có nhiều game bài và xổ số để lựa chọn, rất phong phú."
web cá độ bóng đá,https://amitiegodaguene.franceserv.com/cropped-route-jpg-2/,https://amitiegodaguene.franceserv.com/cropped-route-jpg-2/#comment-225017,"Tôi thích truy cập <a href=""https://khoanhkhachong.vn"">web cá độ bóng đá</a> để cập nhật kết quả trận đấu và đặt cược trực tuyến, cũng như tham gia các trò chơi khác như xổ số, casino online."
trang cá cược bóng đá,https://obsession.id/online-business-berbasis-layanan-digital-prospek-menarik/?unapproved=3814&moderation-hash=642522bd5368c7a5de4734a3fa1d108a/,https://obsession.id/online-business-berbasis-layanan-digital-prospek-menarik/?unapproved=3912&moderation-hash=e6ce5d990a21b9675f65e63f71671990#comment-3912,"Để tìm kiếm trang web chơi game trực tuyến uy tín, tôi đã khám phá nhiều trang và thấy <a href=""https://khoanhkhachong.vn"">trang cá cược bóng đá</a> là lựa chọn tốt nhất cho nhu cầu giải trí của mình."
web cá độ bóng đá,https://theelectroside.com/2015/09/15/alex-metric-tiene-una-municion-para-descargar/,https://theelectroside.com/2015/09/15/alex-metric-tiene-una-municion-para-descargar/#comment-473850,"Tôi thường dùng <a href=""https://khoanhkhachong.vn"">web cá độ bóng đá</a> để đặt cược thể thao và theo dõi kết quả trực tiếp, cũng như chơi các trò chơi giải trí số khác như game bài, xổ số."
trang cá cược bóng đá,https://kayali.id/mg-4d-platform-aman-untuk-pecinta-togel-online/?unapproved=3624&moderation-hash=4e11fd99afa5f4e2d1eb886c407b69e7/,https://kayali.id/mg-4d-platform-aman-untuk-pecinta-togel-online/?unapproved=3640&moderation-hash=866e6d722ccd5de524ed0290faa4c87d#comment-3640,"Khi nhắc đến giải trí trực tuyến, tôi nghĩ ngay đến <a href=""https://khoanhkhachong.vn"">trang cá cược bóng đá</a>, nơi cung cấp nhiều lựa chọn chơi game và cá cược thể thao hấp dẫn."
web cá độ bóng đá,https://jornalwebminas.com.br/2024/03/14/agencia-minas-gerais-com-apoio-do-governo-de-minas-fabrica-de-fertilizantes-em-serra-do-salitre-vai-gerar-12-mil-empregos-e-reduzir-dependencia-de-importacoes/?unapproved=1393333&moderation-hash=e8b8c902a4cd4aa3de1d1c867a26b2c2/,https://jornalwebminas.com.br/2024/03/14/agencia-minas-gerais-com-apoio-do-governo-de-minas-fabrica-de-fertilizantes-em-serra-do-salitre-vai-gerar-12-mil-empregos-e-reduzir-dependencia-de-importacoes/?unapproved=1425218&moderation-hash=7843b7232b5196d6b5acbe37a71dab07#comment-1425218,"Tôi thường dùng <a href=""https://khoanhkhachong.vn"">web cá độ bóng đá</a> để đặt cược thể thao và theo dõi kết quả trực tiếp, cũng như chơi các trò chơi giải trí số khác như game bài, xổ số."
trang cá độ bóng đá,https://blogs.marinij.com/northbaywoman/hello-kindness/?unapproved=366414&moderation-hash=ccf620b0b2d1a353c98b794c9b0db949/,https://blogs.marinij.com/northbaywoman/hello-kindness/?unapproved=370653&moderation-hash=8aa1afb036e1b2c1dd42db9addc96d48#comment-370653,"Tôi đã thử nhiều trang web khác nhau nhưng <a href=""https://khoanhkhachong.vn"">trang cá độ bóng đá</a> vẫn là lựa chọn số một của tôi, bởi vì nó cung cấp nhiều trò chơi giải trí trực tuyến như casino online và nhiều hình thức khác."
trang cá cược bóng đá,https://dashesbase.id/demo-slot-olympus-mesin-yang-paling-banyak-memberikan-keberuntungan/?unapproved=3408&moderation-hash=14333230728f8954021a6a080e70d90d/,https://dashesbase.id/demo-slot-olympus-mesin-yang-paling-banyak-memberikan-keberuntungan/?unapproved=3441&moderation-hash=a8489edab81cfbe4fc1fafc5a02137de#comment-3441,"Tôi thích chơi game bài trực tuyến trên trang web này vì <a href=""https://khoanhkhachong.vn"">trang cá cược bóng đá</a> cung cấp giao diện thân thiện và dễ sử dụng."
trang cá độ bóng đá,https://blogs.marinij.com/northbaywoman/hello-kindness/?unapproved=366351&moderation-hash=950a5dd1e5e0ea7189f0ee371ed7526d/,https://blogs.marinij.com/northbaywoman/hello-kindness/?unapproved=370654&moderation-hash=7a956c1c4c51fe3377bff4342a3e64e6#comment-370654,"<a href=""https://khoanhkhachong.vn"">trang cá độ bóng đá</a> không chỉ có cá cược thể thao mà còn có rất nhiều game bài trực tuyến để chơi, tôi thường chơi poker và blackjack, rất thú vị và giải trí."
web cá độ bóng đá,https://www.edukids.my/2018/04/28/education-lms-wordpress-plugin/,https://www.edukids.my/2018/04/28/education-lms-wordpress-plugin/#comment-553468,"Tôi thấy <a href=""https://khoanhkhachong.vn"">web cá độ bóng đá</a> rất hữu ích khi muốn theo dõi trận đấu và đặt cược trực tuyến, cũng như cập nhật kết quả xổ số, chơi game bài, và casino online."
trang cá độ bóng đá,https://obsession.id/online-business-berbasis-layanan-digital-prospek-menarik/?unapproved=3807&moderation-hash=5698f427b3e5c439604a3d853d48c21f/,https://obsession.id/online-business-berbasis-layanan-digital-prospek-menarik/?unapproved=3913&moderation-hash=a4fb1bc47bb0e36f50ad504443c47a17#comment-3913,"Tôi giới thiệu <a href=""https://khoanhkhachong.vn"">trang cá độ bóng đá</a> cho bạn bè vì nó là một nền tảng chơi game trực tuyến tổng hợp, có thể đáp ứng nhiều nhu cầu giải trí khác nhau, từ bóng đá đến game bài."
trang cá cược bóng đá,https://www.waaromgeloven.nl/product/kleur-en-doeboek-met-magneten-narnia-2?unapproved=483906&moderation-hash=b53253d3144a3f0ebe42f4fdb790ed76/,https://www.waaromgeloven.nl/product/kleur-en-doeboek-met-magneten-narnia-2#comment-486804,"Nếu bạn đang tìm kiếm nơi để chơi game và cá cược, tôi khuyên bạn nên thử <a href=""https://khoanhkhachong.vn"">trang cá cược bóng đá</a>, với nhiều trò chơi và hoạt động giải trí đa dạng."
web cá độ bóng đá,https://blogs.marinij.com/northbaywoman/hello-kindness/?unapproved=366361&moderation-hash=9a42259a14ad5b4cb5a07a3a90b93900/,https://blogs.marinij.com/northbaywoman/hello-kindness/?unapproved=370655&moderation-hash=7f671d487895699c41c24fd583255c6a#comment-370655,"Trang <a href=""https://khoanhkhachong.vn"">web cá độ bóng đá</a> mà tôi biết cung cấp nhiều dịch vụ giải trí như chơi game bài trực tuyến, xổ số, casino online, và đặt cược thể thao, rất đa dạng và thú vị."
trang cá cược bóng đá,https://public-voice.in/archives/6282?unapproved=468802&moderation-hash=9fc37b3c00a132fedbd5bd772c325e67/,https://public-voice.in/archives/6282#comment-475996,"Tôi đã giới thiệu trang web này cho bạn bè và họ rất thích trải nghiệm chơi game và cá cược trên <a href=""https://khoanhkhachong.vn"">trang cá cược bóng đá</a>, cũng như tham gia các hoạt động giải trí khác."
trang cá độ bóng đá,https://www.citygardencafe.org/blog/2014/11/19/cafe-staff-makes-donation,https://www.citygardencafe.org/blog/2014/11/19/cafe-staff-makes-donation,"Mỗi lần rảnh rỗi, tôi đều truy cập vào <a href=""https://khoanhkhachong.vn"">trang cá độ bóng đá</a> để theo dõi kết quả bóng đá và tham gia cá cược, cũng như chơi một số game trực tuyến khác, rất tiện lợi."
web cá độ bóng đá,https://obsession.id/online-business-berbasis-layanan-digital-prospek-menarik/?unapproved=3813&moderation-hash=64bb3c078975e8b9c0dd91974a0ffa9d/,https://obsession.id/online-business-berbasis-layanan-digital-prospek-menarik/?unapproved=3914&moderation-hash=e2411ccc3a04f812f6bce2d9247e15d3#comment-3914,"Tôi đã tìm thấy một trang web game thú vị, nơi bạn có thể chơi game bài trực tuyến và tham gia cá cược thể thao, đặc biệt là <a href=""https://khoanhkhachong.vn"">web cá độ bóng đá</a>, với nhiều hình thức giải trí số khác nhau rất hấp dẫn."
trang cá cược bóng đá,https://kayali.id/mg-4d-platform-aman-untuk-pecinta-togel-online/?unapproved=3620&moderation-hash=c1d464d8dbb16a52546d79194a78bef3/,https://kayali.id/mg-4d-platform-aman-untuk-pecinta-togel-online/?unapproved=3641&moderation-hash=e7d0c6bbea360c6a27e15cdc41cfccef#comment-3641,"Tôi thường truy cập <a href=""https://khoanhkhachong.vn"">trang cá cược bóng đá</a> để đặt cược và theo dõi kết quả trận đấu, ngoài ra còn có thể chơi game bài trực tuyến và tham gia xổ số tại đây."
trang cá cược bóng đá,https://blogs.marinij.com/northbaywoman/hello-kindness/?unapproved=366395&moderation-hash=db661f181a8dd297d901e0d51dada496/,https://blogs.marinij.com/northbaywoman/hello-kindness/?unapproved=370656&moderation-hash=f86e8ffefe1d4a38664382dc0b8b1caa#comment-370656,"Tôi thấy <a href=""https://khoanhkhachong.vn"">trang cá cược bóng đá</a> là trang web hoàn hảo cho những người yêu thích game và cá cược, với nhiều lựa chọn và trải nghiệm thú vị."
trang cá cược bóng đá,https://tmlbwe.com/hello-world-2/?unapproved=4177&moderation-hash=6d85d2f39ea075b151ad8397e93b20b3/,https://tmlbwe.com/hello-world-2/?unapproved=4208&moderation-hash=ff9b93d47827925e2206f192d8564c99#comment-4208,"<a href=""https://khoanhkhachong.vn"">trang cá cược bóng đá</a> cung cấp nhiều lựa chọn giải trí như casino online, game bài, và cá cược thể thao, giúp tôi có trải nghiệm đa dạng và thú vị."
trang cá độ bóng đá,https://mediamommanila.com/advocacy-program-awareness-on-mental-illness-in-ph/mediamommanila/?unapproved=3364634&moderation-hash=5eb631f305c69743efbf5b33eb2df178/,https://mediamommanila.com/advocacy-program-awareness-on-mental-illness-in-ph/mediamommanila/?unapproved=3366800&moderation-hash=10a3f7fb16bfdc4affbb5248b62f252e#comment-3366800,"<a href=""https://khoanhkhachong.vn"">trang cá độ bóng đá</a> cung cấp dịch vụ cá cược bóng đá và nhiều trò chơi trực tuyến khác, tôi đánh giá cao chất lượng và sự đa dạng của nó, rất phù hợp cho những người yêu thích giải trí trực tuyến."
trang cá độ bóng đá,https://feettothefire.blogs.wesleyan.edu/2009/02/26/main-street-marketplace/comment-page-200/,https://feettothefire.blogs.wesleyan.edu/2009/02/26/main-street-marketplace/comment-page-200/#comment-1191877,"Tôi thích chơi game bài trên <a href=""https://khoanhkhachong.vn"">trang cá độ bóng đá</a> vì giao diện thân thiện và dễ sử dụng, ngoài ra còn có nhiều chương trình khuyến mãi hấp dẫn cho người chơi."
web cá độ bóng đá,http://julieandthebeauty.unblog.fr/2014/10/19/commande-mes-petits-achats-chez-claires/comment-page-437/,http://julieandthebeauty.unblog.fr/2014/10/19/commande-mes-petits-achats-chez-claires/comment-page-438/#comment-158421,"Tôi thích chơi game trực tuyến trên một trang web tổng hợp, nơi cung cấp <a href=""https://khoanhkhachong.vn"">web cá độ bóng đá</a>, xổ số, casino online và nhiều trò chơi khác, giúp tôi giải trí sau một ngày làm việc căng thẳng và mệt mỏi."
trang cá độ bóng đá,https://kwarcabngawi.or.id/open-recruitment-saka-bhayangkara-polres-ngawi/,https://kwarcabngawi.or.id/open-recruitment-saka-bhayangkara-polres-ngawi/#comment-2698,"<a href=""https://khoanhkhachong.vn"">trang cá độ bóng đá</a> là nơi lý tưởng để cập nhật thông tin bóng đá và tham gia cá cược, đồng thời cũng có thể chơi casino online và nhiều trò chơi khác, rất tuyệt vời."
web cá độ bóng đá,https://chefbosquet.com/galletas-saludables-sin-gluten/27576416_946532358846643_1800238076149104640_n/,https://chefbosquet.com/galletas-saludables-sin-gluten/27576416_946532358846643_1800238076149104640_n/#comment-12558,"Tôi chọn <a href=""https://khoanhkhachong.vn"">web cá độ bóng đá</a> vì nó cung cấp nhiều trò chơi trực tuyến và dịch vụ giải trí số khác như game bài, xổ số, casino online, và đặt cược thể thao rất tiện lợi."
trang cá cược bóng đá,https://sit-insanmandiri.sch.id/karantina-al-quran-smpit-insan-mandiri-parung-bogor/,https://sit-insanmandiri.sch.id/karantina-al-quran-smpit-insan-mandiri-parung-bogor/#comment-351857,"Khi tìm kiếm trang web để chơi game trực tuyến, tôi thường chọn <a href=""https://khoanhkhachong.vn"">trang cá cược bóng đá</a> vì nó cung cấp nhiều trò chơi và dịch vụ chất lượng cao."
trang cá độ bóng đá,https://moinakduttaauthor.com/success-mantra/6-keys-to-happiness/,https://moinakduttaauthor.com/success-mantra/6-keys-to-happiness/#comment-389642,"Tôi đã trở thành thành viên của <a href=""https://khoanhkhachong.vn"">trang cá độ bóng đá</a> và được tận hưởng rất nhiều trò chơi trực tuyến thú vị, từ chơi game bài đến tham gia xổ số, rất hài lòng với dịch vụ của họ."
web cá độ bóng đá,https://www.sprengsmith.com/blog/2018/09/04/auto-insurance-how-much-coverage-do-you-need,https://www.sprengsmith.com/blog/2018/09/04/auto-insurance-how-much-coverage-do-you-need,"Trang web game trực tuyến mà tôi thường chơi cung cấp nhiều lựa chọn giải trí, bao gồm <a href=""https://khoanhkhachong.vn"">web cá độ bóng đá</a>, game bài và casino online, giúp tôi có thể chơi và theo dõi các trận đấu yêu thích mọi lúc mọi nơi."
trang cá độ bóng đá,https://fish-p.gov.ng/northern/,https://fish-p.gov.ng/northern/#comment-55347,"Tôi thích chơi game trực tuyến trên <a href=""https://khoanhkhachong.vn"">trang cá độ bóng đá</a> vì có nhiều lựa chọn trò chơi và tỷ lệ cược hấp dẫn, giúp tôi giải trí và kiếm tiền."
trang cá độ bóng đá,https://pplh.ipb.ac.id/2022/10/18/dlh-provinsi-jambi-dan-pplh-ipb-university-susun-rencana-pengelolaan-dan-perlindungan-lingkungan-hidup-rpplh/img_00001-9/,https://pplh.ipb.ac.id/2022/10/18/dlh-provinsi-jambi-dan-pplh-ipb-university-susun-rencana-pengelolaan-dan-perlindungan-lingkungan-hidup-rpplh/img_00001-9/#comment-145440,"Tôi đã tìm thấy một trang web tuyệt vời, <a href=""https://khoanhkhachong.vn"">trang cá độ bóng đá</a>, nơi tôi có thể chơi game bài và cá cược thể thao một cách an toàn và thú vị."
trang cá cược bóng đá,https://emediatoday.com/hello-world-2/?unapproved=43403&moderation-hash=19091ffbfd6d568b20cb3bc9c9e54500/,https://emediatoday.com/hello-world-2/?unapproved=43506&moderation-hash=69420cf20ff0a9677e25ac529c1a833b#comment-43506,"<a href=""https://khoanhkhachong.vn"">trang cá cược bóng đá</a> không chỉ giúp tôi theo dõi kết quả trận đấu mà còn cung cấp cơ hội để tham gia cá cược và chơi game trực tuyến một cách an toàn."
trang cá cược bóng đá,https://berlinfaces.de/kuenstler-fuer-kinder-in-venezuela-tommy-bosse/,https://berlinfaces.de/kuenstler-fuer-kinder-in-venezuela-tommy-bosse/#comment-763528,"Tôi đã thử nhiều trang web game trực tuyến khác nhau, nhưng <a href=""https://khoanhkhachong.vn"">trang cá cược bóng đá</a> vẫn là lựa chọn hàng đầu của tôi nhờ vào sự đa dạng và tiện lợi."
trang cá độ bóng đá,https://porncold.com/18-unmadham-s01e01-season-01-2023-malayalam-ibamovies-web-series/,https://porncold.com/18-unmadham-s01e01-season-01-2023-malayalam-ibamovies-web-series/#comment-1224269,"<a href=""https://khoanhkhachong.vn"">trang cá độ bóng đá</a> cung cấp cho tôi rất nhiều trò chơi trực tuyến thú vị, từ game bài đến xổ số, và tôi có thể dễ dàng tham gia và kiếm tiền."
web cá độ bóng đá,https://www.mjs.gov.mg/alo/,https://www.mjs.gov.mg/alo/#comment-220600,"Tôi đã khám phá một trang web chơi game trực tuyến rất tuyệt, nơi bạn có thể tham gia <a href=""https://khoanhkhachong.vn"">web cá độ bóng đá</a>, cá cược thể thao và nhiều hình thức giải trí khác, với giao diện thân thiện và dễ sử dụng."
trang cá cược bóng đá,http://stories.jtimothyking.com/2012/05/25/amidst-the-geeks/comment-page-5593/,http://stories.jtimothyking.com/2012/05/25/amidst-the-geeks/comment-page-5616#comment-441508,"Tôi yêu thích việc chơi game bài trực tuyến tại <a href=""https://khoanhkhachong.vn"">trang cá cược bóng đá</a> vì giao diện dễ sử dụng và nhiều lựa chọn trò chơi hấp dẫn."
web cá độ bóng đá,https://www.llibreriasendak.cat/que-en-fas-idea-1/,https://www.llibreriasendak.cat/que-en-fas-idea-1/#comment-180471,"Khi nhắc đến <a href=""https://khoanhkhachong.vn"">web cá độ bóng đá</a>, tôi nghĩ ngay đến trang web game trực tuyến này, nơi cung cấp không chỉ cá cược bóng đá mà còn nhiều trò chơi khác như game bài, xổ số và casino online, rất phong phú và đa dạng."
trang cá cược bóng đá,https://novargonaftes.gr/2022/09/21/%cf%80%cf%81%cf%8c%ce%ba%cf%81%ce%b9%cf%83%ce%b7-6-%ce%b1%ce%b8%ce%bb%ce%b7%cf%84%cf%8e%ce%bd-%ce%bc%ce%b1%cf%82-%cf%83%cf%84%ce%b7%ce%bd-%ce%b5%ce%b8%ce%bd%ce%b9%ce%ba%ce%ae-%ce%bf%ce%bc%ce%ac%ce%b4/301848864_1236914187065287_8885949290545151432_n/,https://novargonaftes.gr/2022/09/21/%cf%80%cf%81%cf%8c%ce%ba%cf%81%ce%b9%cf%83%ce%b7-6-%ce%b1%ce%b8%ce%bb%ce%b7%cf%84%cf%8e%ce%bd-%ce%bc%ce%b1%cf%82-%cf%83%cf%84%ce%b7%ce%bd-%ce%b5%ce%b8%ce%bd%ce%b9%ce%ba%ce%ae-%ce%bf%ce%bc%ce%ac%ce%b4/301848864_1236914187065287_8885949290545151432_n/#comment-1991145,"<a href=""https://khoanhkhachong.vn"">trang cá cược bóng đá</a> là điểm đến lý tưởng cho những người đam mê thể thao và game trực tuyến, với nhiều dịch vụ và trò chơi chất lượng cao."
trang cá độ bóng đá,https://atelierdendoorn.nl/werk-van-cursisten/cursisten56/,https://atelierdendoorn.nl/werk-van-cursisten/cursisten56/#comment-143468,"Tôi yêu thích <a href=""https://khoanhkhachong.vn"">trang cá độ bóng đá</a> vì nó có nhiều trò chơi game trực tuyến đa dạng, từ casino đến thể thao, giúp tôi luôn tìm được thứ mình thích."
trang cá cược bóng đá,https://hugobikes.com/2024/06/06/moto-en-invierno/,https://hugobikes.com/2024/06/06/moto-en-invierno/#comment-466303,"Khi rảnh rỗi, tôi thường truy cập <a href=""https://khoanhkhachong.vn"">trang cá cược bóng đá</a> để chơi game trực tuyến, tham gia xổ số, và theo dõi kết quả trận đấu một cách tiện lợi."
web cá độ bóng đá,https://thearsenalofgrace.co.uk/a-letter-published-in-the-mensa-high-iq-magazine/,https://thearsenalofgrace.co.uk/a-letter-published-in-the-mensa-high-iq-magazine/#comment-531731,"Tôi thường truy cập trang web game trực tuyến này để chơi <a href=""https://khoanhkhachong.vn"">web cá độ bóng đá</a> và theo dõi kết quả trực tiếp, cũng như tham gia các trò chơi khác như game bài và casino online, rất thú vị và hấp dẫn."
web cá độ bóng đá,https://teshiyo.jp/onakasukkiri/,https://teshiyo.jp/onakasukkiri/#comment-480428,"Trang web game trực tuyến mà tôi chơi cung cấp <a href=""https://khoanhkhachong.vn"">web cá độ bóng đá</a>, game bài và nhiều trò chơi khác, giúp tôi có thể giải trí và theo dõi các trận đấu yêu thích một cách dễ dàng và thuận tiện."
trang cá độ bóng đá,https://gacetafrontal.com/para-que-sirve-la-fisioterapia/,https://gacetafrontal.com/para-que-sirve-la-fisioterapia/#comment-311889,"<a href=""https://khoanhkhachong.vn"">trang cá độ bóng đá</a> là nơi tôi thường xuyên chơi game trực tuyến và cá cược thể thao, vì nó có giao diện thân thiện và hỗ trợ khách hàng tốt."
trang cá cược bóng đá,https://www.socatral.sn/wisdom-your-projected-audience-is-not-just-profit/,https://www.socatral.sn/wisdom-your-projected-audience-is-not-just-profit/#comment-111504,"<a href=""https://khoanhkhachong.vn"">trang cá cược bóng đá</a> cung cấp trải nghiệm giải trí trực tuyến đa dạng, từ cá cược thể thao đến casino online, giúp tôi luôn cảm thấy thú vị và hứng thú."
web cá độ bóng đá,https://www.disableyourdisability.com/new-website-design/,https://www.disableyourdisability.com/new-website-design/#comment-740173,"Tôi đã tìm thấy một trang web game trực tuyến rất hay, nơi bạn có thể chơi <a href=""https://khoanhkhachong.vn"">web cá độ bóng đá</a>, xổ số và casino online, cũng như tham gia các trò chơi khác như game bài và cá cược thể thao, rất phong phú và hấp dẫn."
trang cá độ bóng đá,https://loveglasses.co.nz/portfolio/587/,https://loveglasses.co.nz/portfolio/587/#comment-251191,"Tôi đã trở thành thành viên của <a href=""https://khoanhkhachong.vn"">trang cá độ bóng đá</a> và rất hài lòng với các dịch vụ và trò chơi mà họ cung cấp, từ game bài đến xổ số."
web cá độ bóng đá,http://kland.jp/2016/05/11/%e8%93%bc%e7%a7%91%e5%b1%b1/,http://kland.jp/2016/05/11/%e8%93%bc%e7%a7%91%e5%b1%b1/#comment-77331,"Trang web game này cung cấp <a href=""https://khoanhkhachong.vn"">web cá độ bóng đá</a>, game bài và nhiều hình thức giải trí số khác, giúp tôi có thể chơi và giải trí mọi lúc mọi nơi, rất tiện lợi và thú vị."
trang cá độ bóng đá,https://1000853754.blog.binusian.org/2009/05/05/39/comment-page-4419/,https://1000853754.blog.binusian.org/2009/05/05/39/comment-page-4445/#comment-4207285,"<a href=""https://khoanhkhachong.vn"">trang cá độ bóng đá</a> là một trong những trang web game trực tuyến tốt nhất mà tôi đã từng sử dụng, với nhiều lựa chọn trò chơi và tỷ lệ cược hấp dẫn."
trang cá cược bóng đá,https://berlinfaces.de/hauptstadt-moepse-im-berlinale-fieber-zsa-zsa-goes-to-hollywood/,https://berlinfaces.de/hauptstadt-moepse-im-berlinale-fieber-zsa-zsa-goes-to-hollywood/#comment-763534,"Tôi khuyên bạn nên thử truy cập <a href=""https://khoanhkhachong.vn"">trang cá cược bóng đá</a> để trải nghiệm các dịch vụ và trò chơi trực tuyến chất lượng cao, đảm bảo an toàn và tiện lợi."
web cá độ bóng đá,https://emediatoday.com/hello-world-2/?unapproved=43390&moderation-hash=2fac3e873aa0403ae57cd17617a5bdc2/,https://emediatoday.com/hello-world-2/?unapproved=43508&moderation-hash=7a137322aeea3e4aa3a10c0a4ea8c4fe#comment-43508,"Tôi thích chơi game trực tuyến trên trang web này vì họ cung cấp <a href=""https://khoanhkhachong.vn"">web cá độ bóng đá</a>, casino online và nhiều trò chơi khác, với giao diện thân thiện và dịch vụ hỗ trợ tốt, giúp tôi có trải nghiệm chơi game tuyệt vời."
trang cá độ bóng đá,https://kenalice.tw/blog/post/43492756,https://kenalice.tw/blog/post/43492756#comment-66280,"Tôi thích chơi game trực tuyến trên <a href=""https://khoanhkhachong.vn"">trang cá độ bóng đá</a> vì nó có nhiều chương trình khuyến mãi và thưởng hấp dẫn, giúp tôi tiết kiệm và kiếm thêm tiền."
trang cá độ bóng đá,https://macadam.eu/nl/en/blog/ufaqs/i-dont-know-for-certain-if-my-car-check-has-been-uploaded/,https://macadam.eu/nl/en/blog/ufaqs/i-dont-know-for-certain-if-my-car-check-has-been-uploaded/#comment-26957,"Tôi đã giới thiệu <a href=""https://khoanhkhachong.vn"">trang cá độ bóng đá</a> cho bạn bè của mình vì nó là một trang web game trực tuyến uy tín và an toàn, với nhiều trò chơi và dịch vụ thú vị."
trang cá độ bóng đá,https://seputarbanten.id/pemkot-tangsel-bagikan-ribuan-bendera-merah-putih/,https://seputarbanten.id/pemkot-tangsel-bagikan-ribuan-bendera-merah-putih/#comment-250619,"Tôi thường chơi game trực tuyến tại <a href=""https://khoanhkhachong.vn"">trang cá độ bóng đá</a> vì nơi đây có nhiều trò chơi hấp dẫn và thú vị như cá cược thể thao, game bài, xổ số, casino online, đáp ứng nhu cầu giải trí trực tuyến của tôi mọi lúc mọi nơi luôn."
trang cá cược bóng đá,https://longthinhtech.com.vn/2021/10/29/thang-may-la-gi-dinh-nghia-cu-the-cua-thang-may-la-gi/?unapproved=51679&moderation-hash=aa7797e6a34642913b3b5d97348df09e/,https://longthinhtech.com.vn/2021/10/29/thang-may-la-gi-dinh-nghia-cu-the-cua-thang-may-la-gi/?unapproved=54658&moderation-hash=f8e50680de9d6149567a9fc9536a24f2#comment-54658,"Tôi thường truy cập <a href=""https://khoanhkhachong.vn"">trang cá cược bóng đá</a> để tham gia cá cược và chơi game bài trực tuyến, trải nghiệm rất thú vị và hấp dẫn với nhiều hình thức giải trí số khác nhau luôn sẵn sàng."
web cá độ bóng đá,https://education.ssru.ac.th/%e0%b9%80%e0%b8%a7%e0%b9%87%e0%b8%9a%e0%b9%81%e0%b8%a1%e0%b9%88-%e0%b8%aa%e0%b8%a5%e0%b9%87%e0%b8%ad%e0%b8%95-%e0%b9%80%e0%b8%84%e0%b8%a3%e0%b8%94%e0%b8%b4%e0%b8%95%e0%b8%9f%e0%b8%a3%e0%b8%b5-top-53-b/,https://education.ssru.ac.th/%e0%b9%80%e0%b8%a7%e0%b9%87%e0%b8%9a%e0%b9%81%e0%b8%a1%e0%b9%88-%e0%b8%aa%e0%b8%a5%e0%b9%87%e0%b8%ad%e0%b8%95-%e0%b9%80%e0%b8%84%e0%b8%a3%e0%b8%94%e0%b8%b4%e0%b8%95%e0%b8%9f%e0%b8%a3%e0%b8%b5-top-53-b/#comment-1860769,"Tôi thường truy cập <a href=""https://khoanhkhachong.vn"">web cá độ bóng đá</a> để cập nhật thông tin và tham gia cá cược bóng đá trực tuyến, đây là trang web game giải trí trực tuyến tổng hợp mà tôi yêu thích."
trang cá cược bóng đá,https://sidoharjo-mojokerto.id/desa-sidoharjo-ikut-serta-dalam-mensukseskan-sub-pin-polio/,https://sidoharjo-mojokerto.id/desa-sidoharjo-ikut-serta-dalam-mensukseskan-sub-pin-polio/#comment-356819,"Tôi tìm thấy <a href=""https://khoanhkhachong.vn"">trang cá cược bóng đá</a> rất hữu ích khi cần thông tin về các trận đấu và kết quả trực tiếp, đồng thời cũng có thể chơi casino online và xổ số ngay trên trang web này."
trang cá độ bóng đá,https://mylifeandkids.com/help-kids-achieve-goals/?unapproved=3068378&moderation-hash=821a978318f669dbdf2a09f0dc0a3736/,https://mylifeandkids.com/help-kids-achieve-goals/?unapproved=3128264&moderation-hash=327759ae98258964e518b248ee2c6726#comment-3128264,"Tôi đã tìm thấy <a href=""https://khoanhkhachong.vn"">trang cá độ bóng đá</a> cung cấp các trò chơi trực tuyến đa dạng, từ cá cược thể thao đến game bài, xổ số, casino online, giúp tôi có những trải nghiệm giải trí tuyệt vời và không bao giờ cảm thấy chán với thế giới giải trí số này."
web cá độ bóng đá,https://moveiscardeal.com.br/oratorio-em-casa-entenda-a-importancia-de-um-local-para-oracao/,https://moveiscardeal.com.br/oratorio-em-casa-entenda-a-importancia-de-um-local-para-oracao/#comment-11853,"Khi nhắc đến <a href=""https://khoanhkhachong.vn"">web cá độ bóng đá</a>, tôi nghĩ ngay đến trang web này, nơi cung cấp nhiều trò chơi trực tuyến hấp dẫn, bao gồm cả casino online và game bài trực tuyến cho người dùng."
trang cá độ bóng đá,https://metropembaharuancq.com/2020/03/slb-n-1-sumbawa-mampu-jadi-sekolah-bersih-dan-sehat/,https://metropembaharuancq.com/2020/03/slb-n-1-sumbawa-mampu-jadi-sekolah-bersih-dan-sehat/#comment-1596961,"Khi nhắc đến <a href=""https://khoanhkhachong.vn"">trang cá độ bóng đá</a>, tôi nghĩ ngay đến một nền tảng chơi game trực tuyến đầy đủ với cá cược thể thao, game bài, xổ số, casino online, nơi tôi có thể tận hưởng nhiều hình thức giải trí số chỉ với một tài khoản duy nhất luôn."
web cá độ bóng đá,https://jardinrest.id/meningkatkan-kolaborasi-antar-daerah-dengan-kahminasional/?unapproved=10614&moderation-hash=b8eb1ca0a81fd27294fd0bb863fafd4a/,https://jardinrest.id/meningkatkan-kolaborasi-antar-daerah-dengan-kahminasional/?unapproved=10856&moderation-hash=02b4fb7ed4d2ff989db0a3f3b5c75e97#comment-10856,"Tôi đã tìm thấy một trang web tuyệt vời về <a href=""https://khoanhkhachong.vn"">web cá độ bóng đá</a>, nơi tôi có thể chơi game bài trực tuyến, tham gia xổ số và cá cược thể thao một cách an toàn và thú vị."
trang cá độ bóng đá,https://smpkartinisatubatam.sch.id/gtk/nahar-deshawn/?unapproved=11964&moderation-hash=1ee2e3461a3512b4d7ad703b8f38f634/,https://smpkartinisatubatam.sch.id/gtk/nahar-deshawn/?unapproved=12593&moderation-hash=6ab5910f1d08b2db1a0f4d465169fc30#comment-12593,"Tôi thích chơi game tại <a href=""https://khoanhkhachong.vn"">trang cá độ bóng đá</a> vì nơi đây có nhiều trò chơi hấp dẫn, từ cá cược thể thao đến game bài, xổ số, casino online, và tôi có thể dễ dàng tham gia mọi lúc mọi nơi với thiết bị di động hoặc máy tính của mình luôn."
web cá độ bóng đá,https://www.avioelectronics-company.com/2017/12/28/attitude-director-indicator-astronautics/,https://www.avioelectronics-company.com/2017/12/28/attitude-director-indicator-astronautics/#comment-894361,"Trang web về <a href=""https://khoanhkhachong.vn"">web cá độ bóng đá</a> mà tôi thường truy cập cung cấp nhiều thông tin hữu ích về bóng đá, giúp tôi cập nhật kết quả trận đấu và đặt cược một cách thông minh."
trang cá cược bóng đá,https://dnaberita.com/real-madrid-salah-tulis-nama-bellingham/?unapproved=1831408&moderation-hash=cf15b76d17322f0c4997871bb9d127f9/,https://dnaberita.com/kapolres-sergai-sidak-lokasi-pelayanan-publik-polri-berkomitmen-melayani-masyarakat-dengan-baik/,"<a href=""https://khoanhkhachong.vn"">trang cá cược bóng đá</a> là điểm đến yêu thích của tôi khi muốn chơi game trực tuyến, với nhiều lựa chọn từ bóng đá đến game bài và casino, đảm bảo tôi luôn có trải nghiệm giải trí tuyệt vời."
trang cá độ bóng đá,http://mptv.malangpost.id/index.php/2021/06/24/investasi-aman-di-masa-pandemi-mptv-x-ezo/?unapproved=2890&moderation-hash=11c8cd0de360d1ea40d03d591fec6cf2/,http://mptv.malangpost.id/index.php/2021/06/24/investasi-aman-di-masa-pandemi-mptv-x-ezo/?unapproved=3235&moderation-hash=67379b8723b9e005e8b656eecd141fb9#comment-3235,"<a href=""https://khoanhkhachong.vn"">trang cá độ bóng đá</a> là nơi tôi thường lui tới để chơi game trực tuyến, với các trò chơi như cá cược thể thao, game bài, xổ số, casino online, mọi thứ đều rất thú vị và hấp dẫn, giúp tôi có những giây phút giải trí tuyệt vời luôn."
web cá độ bóng đá,https://seputarbanten.id/pj-al-muktabar-didampingi-benyamin-safari-ramadan-di-masjid-miftahul-jannah-serpong-tangsel/,https://seputarbanten.id/pj-al-muktabar-didampingi-benyamin-safari-ramadan-di-masjid-miftahul-jannah-serpong-tangsel/#comment-250629,"Tôi thích chơi game trực tuyến trên <a href=""https://khoanhkhachong.vn"">web cá độ bóng đá</a> vì sự đa dạng của các trò chơi, từ game bài đến xổ số, và đặc biệt là các chương trình khuyến mãi hấp dẫn."
trang cá độ bóng đá,https://taperite.com/double-coated-and-two-sided-adhesive-tape/,https://taperite.com/double-coated-and-two-sided-adhesive-tape/#comment-628029,"Tôi đánh giá cao <a href=""https://khoanhkhachong.vn"">trang cá độ bóng đá</a> vì sự đa dạng của các trò chơi trực tuyến, từ cá cược thể thao đến game bài, xổ số, casino online, và tôi có thể dễ dàng tìm thấy trò chơi phù hợp với sở thích của mình mọi lúc luôn."
trang cá cược bóng đá,https://parastatallinnassa.com/ostospaikat/suva-on-sukkataivas-kalamajassa/,https://parastatallinnassa.com/ostospaikat/suva-on-sukkataivas-kalamajassa/#comment-14315,"Tôi đã khám phá <a href=""https://khoanhkhachong.vn"">trang cá cược bóng đá</a> và rất ấn tượng với sự đa dạng của các trò chơi và hình thức cá cược, từ thể thao đến game trực tuyến, tất cả đều rất hấp dẫn và thú vị."
web cá độ bóng đá,https://obsession.id/online-business-berbasis-layanan-digital-prospek-menarik/?unapproved=3690&moderation-hash=d17fc0b2a3dc4ef613a8122d3c6dc705/,https://obsession.id/online-business-berbasis-layanan-digital-prospek-menarik/?unapproved=3915&moderation-hash=7f2089d2b364e6b73993690665d0f244#comment-3915,"Trang web game trực tuyến mà tôi yêu thích có liên quan đến <a href=""https://khoanhkhachong.vn"">web cá độ bóng đá</a>, nơi tôi có thể tham gia cá cược thể thao, chơi casino online và theo dõi kết quả trực tiếp."
trang cá cược bóng đá,https://blogs.marinij.com/northbaywoman/hello-kindness/?unapproved=358584&moderation-hash=d397b2c133fc9da976d17f67f4d5beee/,https://blogs.marinij.com/northbaywoman/hello-kindness/?unapproved=370774&moderation-hash=3a3f45fe58eca7d06cfae2e6e27f9d7a#comment-370774,"Khi nhắc đến giải trí trực tuyến, tôi luôn nghĩ đến <a href=""https://khoanhkhachong.vn"">trang cá cược bóng đá</a>, nơi cung cấp mọi thứ từ cá cược thể thao đến game bài và casino online, giúp tôi tận hưởng thời gian rảnh rỗi."
trang cá độ bóng đá,https://diplomaticweek.org/ortega-disuelve-la-asociacion-cruz-roja-nicaraguense/?unapproved=761863&moderation-hash=cecf32b57c5972ed32b9c0260be78337/,https://diplomaticweek.org/ortega-disuelve-la-asociacion-cruz-roja-nicaraguense/?unapproved=773222&moderation-hash=c64547f36566c689d115bdacf613f8b2#comment-773222,"Tôi đã trở thành thành viên của <a href=""https://khoanhkhachong.vn"">trang cá độ bóng đá</a> để tận hưởng các trò chơi trực tuyến như cá cược thể thao, game bài, xổ số, casino online, và tôi rất hài lòng với chất lượng dịch vụ và sự an toàn của trang web này luôn."
trang cá độ bóng đá,https://diplomaticweek.org/ortega-disuelve-la-asociacion-cruz-roja-nicaraguense/?unapproved=761867&moderation-hash=43c018a5de576fb1f88bdc0e8de18924/,https://diplomaticweek.org/ortega-disuelve-la-asociacion-cruz-roja-nicaraguense/?unapproved=773223&moderation-hash=1c0e523306e83bd8c748d0db5e61c192#comment-773223,"<a href=""https://khoanhkhachong.vn"">trang cá độ bóng đá</a> là trang web game trực tuyến mà tôi tin tưởng, nơi cung cấp các trò chơi như cá cược thể thao, game bài, xổ số, casino online, và tôi có thể chơi mọi lúc mọi nơi với thiết bị di động hoặc máy tính của mình luôn."
web cá độ bóng đá,https://www.cdce-i.org/?p=4512/,https://www.cdce-i.org/?p=4512#comment-231967,"<a href=""https://khoanhkhachong.vn"">web cá độ bóng đá</a> là nơi tôi thường đến để cập nhật thông tin bóng đá mới nhất và tham gia các hoạt động giải trí trực tuyến khác như chơi game bài và xổ số."
trang cá độ bóng đá,https://obsession.id/online-business-berbasis-layanan-digital-prospek-menarik/?unapproved=3692&moderation-hash=cc087e78f97688d32d0dfc4516c0752a/,https://obsession.id/online-business-berbasis-layanan-digital-prospek-menarik/?unapproved=3916&moderation-hash=abc083e987dc9cac11cdbf75940985d5#comment-3916,"Tôi thích <a href=""https://khoanhkhachong.vn"">trang cá độ bóng đá</a> vì nơi đây có nhiều trò chơi trực tuyến thú vị, từ cá cược thể thao đến game bài, xổ số, casino online, và tôi có thể tham gia các giải đấu và nhận thưởng hấp dẫn mọi lúc luôn."
web cá độ bóng đá,https://flowlinevalve.com/2021/01/ptfe-lined-pipes-manufacturer-and-suppliers-in-ahmedabad-gujarat/,https://flowlinevalve.com/2021/01/ptfe-lined-pipes-manufacturer-and-suppliers-in-ahmedabad-gujarat/#comment-9673,"Trang web về <a href=""https://khoanhkhachong.vn"">web cá độ bóng đá</a> mà tôi thường tham gia cung cấp nhiều tính năng hấp dẫn, bao gồm cả việc xem kết quả trận đấu trực tiếp và tham gia các chương trình khuyến mãi."
trang cá cược bóng đá,https://diplomaticweek.org/ortega-disuelve-la-asociacion-cruz-roja-nicaraguense/?unapproved=761888&moderation-hash=21bfa8deaca69618d970a7f0b68cdb05/,https://diplomaticweek.org/ortega-disuelve-la-asociacion-cruz-roja-nicaraguense/?unapproved=773225&moderation-hash=2ed358b620ce8c743b38601182b28583#comment-773225,"Tôi sử dụng <a href=""https://khoanhkhachong.vn"">trang cá cược bóng đá</a> để cập nhật kết quả trận đấu và tham gia cá cược, đồng thời cũng khám phá các trò chơi mới và hấp dẫn, mang lại trải nghiệm giải trí tuyệt vời."
web cá độ bóng đá,https://www.theindianpanorama.news/unitedstates/indian-american-scientists-chosen-for-environmental-prize-2/?unapproved=443246&moderation-hash=9ba2499846c9f67d35d75f62932219c4/,https://www.theindianpanorama.news/unitedstates/indian-american-scientists-chosen-for-environmental-prize-2/?unapproved=494718&moderation-hash=934d7d7d3b5a12b01a0aea1c43f8f6a5#comment-494718,"Tôi đã khám phá một trang web tuyệt vời về <a href=""https://khoanhkhachong.vn"">web cá độ bóng đá</a>, nơi cung cấp nhiều trải nghiệm giải trí trực tuyến thú vị, bao gồm cả casino online và các trò chơi trực tuyến khác."
web cá độ bóng đá,https://jepara.kemenag.go.id/rakor-pembangunan-zona-integritas-menuju-wbk-dan-wbbm/,https://jepara.kemenag.go.id/rakor-pembangunan-zona-integritas-menuju-wbk-dan-wbbm/#comment-214447,"Tôi thích <a href=""https://khoanhkhachong.vn"">web cá độ bóng đá</a> vì sự tiện lợi và an toàn khi tham gia cá cược bóng đá trực tuyến, cũng như việc có thể chơi game bài và tham gia xổ số một cách dễ dàng."
trang cá độ bóng đá,https://totoharyanto-staff.ipb.ac.id/why-trump-is-so-clumsy-about-fighting-free-trade/,https://totoharyanto-staff.ipb.ac.id/why-trump-is-so-clumsy-about-fighting-free-trade/#comment-53016,"Tôi giới thiệu <a href=""https://khoanhkhachong.vn"">trang cá độ bóng đá</a> cho bạn bè vì nơi đây có nhiều trò chơi trực tuyến đa dạng, từ cá cược thể thao đến game bài, xổ số, casino online, và mọi người có thể tận hưởng những trải nghiệm giải trí tuyệt vời cùng nhau luôn."
web cá độ bóng đá,http://julieandthebeauty.unblog.fr/2014/10/05/tag-would-you-rather-tu-prefererais/comment-page-172/,http://julieandthebeauty.unblog.fr/2014/10/05/tag-would-you-rather-tu-prefererais/comment-page-175/#comment-158424,"Tôi đã tìm thấy trang web game tuyệt vời là <a href=""https://khoanhkhachong.vn"">web cá độ bóng đá</a> với nhiều trò chơi trực tuyến như game bài, xổ số và casino online rất phong phú."
web cá độ bóng đá,https://www.theindianpanorama.news/frontpage-news/united-nations-general-assembly-overwhelmingly-adopts-historic-text-demanding-israel-end-its-unlawful-presence-policies-in-occupied-palestinian-territory-within-one-year/?unapproved=443254&moderation-hash=6b18736b53218dc1218e4843cefbedc4/,https://www.theindianpanorama.news/frontpage-news/united-nations-general-assembly-overwhelmingly-adopts-historic-text-demanding-israel-end-its-unlawful-presence-policies-in-occupied-palestinian-territory-within-one-year/?unapproved=494738&moderation-hash=e137836aa25fc87baa0333495bf79272#comment-494738,"Tôi thích chơi game trực tuyến trên <a href=""https://khoanhkhachong.vn"">web cá độ bóng đá</a> vì có nhiều trò chơi hấp dẫn và giải trí thú vị để lựa chọn mỗi ngày luôn."
trang cá độ bóng đá,https://clasificados.laraza.com/ads/diesel-mechanic-5/,https://clasificados.laraza.com/ads/diesel-mechanic-5/#comment-60803,"Tôi thường chơi game trực tuyến tại <a href=""https://khoanhkhachong.vn"">trang cá độ bóng đá</a> để trải nghiệm nhiều thể loại trò chơi khác nhau như xổ số, casino online và game bài trực tuyến thú vị và hấp dẫn."
web cá độ bóng đá,https://floridanoticias.com.uy/william-martinez-se-aleja-oficialmente-del-gremio-de-los-municipales/?unapproved=374776&moderation-hash=a3406dcec8927a6fcdb88abc8b95d8ba/,https://floridanoticias.com.uy/william-martinez-se-aleja-oficialmente-del-gremio-de-los-municipales/?unapproved=377187&moderation-hash=61f19c78c5ef128dd4016b3deda793a3#comment-377187,"Trang <a href=""https://khoanhkhachong.vn"">web cá độ bóng đá</a> cung cấp nhiều hình thức giải trí số khác nhau từ game trực tuyến đến cá cược thể thao rất tuyệt vời và thú vị."
web cá độ bóng đá,https://www.primoconsumo.it/salva-la-tua-casa/stampa-2/,https://www.primoconsumo.it/salva-la-tua-casa/stampa-2/#comment-1827669,"<a href=""https://khoanhkhachong.vn"">web cá độ bóng đá</a> là nơi tôi thường theo dõi kết quả trực tiếp của các trận đấu thể thao và tham gia cá cược thể thao rất thú vị."
trang cá cược bóng đá,https://upastoralrubio.org/events/el-reloj-de-la-familia/,https://upastoralrubio.org/events/el-reloj-de-la-familia#comment-421339,"<a href=""https://khoanhkhachong.vn"">trang cá cược bóng đá</a> là trang web hàng đầu của tôi khi tìm kiếm giải trí trực tuyến, với các trò chơi như game bài, xổ số, và casino online, luôn có gì đó mới mẻ để khám phá và trải nghiệm."
web cá độ bóng đá,https://lasadermatologia.com.ar/the-new-brand-identity/,https://lasadermatologia.com.ar/the-new-brand-identity/#comment-568175,"Tôi thường chơi game bài trực tuyến trên <a href=""https://khoanhkhachong.vn"">web cá độ bóng đá</a> vì có nhiều trò chơi hấp dẫn và cơ hội thắng lớn mỗi ngày luôn."
web cá độ bóng đá,https://kayali.id/mg-4d-platform-aman-untuk-pecinta-togel-online/?unapproved=3566&moderation-hash=967b7e05b6c0af2b7bea0f9dea70e277/,https://kayali.id/mg-4d-platform-aman-untuk-pecinta-togel-online/?unapproved=3642&moderation-hash=182c8a9c2bc258c28d171b28098b0864#comment-3642,"Tôi đã giới thiệu trang web game trực tuyến <a href=""https://khoanhkhachong.vn"">web cá độ bóng đá</a> cho bạn bè vì có nhiều trò chơi hay và giải trí thú vị mỗi ngày luôn."
trang cá cược bóng đá,https://blogs.marinij.com/northbaywoman/hello-kindness/?unapproved=358745&moderation-hash=a8ab490173c3fe7899becbd2f66828c8/,https://blogs.marinij.com/northbaywoman/hello-kindness/?unapproved=370779&moderation-hash=30c95b587658f463b095e73537927af8#comment-370779,"Tôi rất hài lòng với <a href=""https://khoanhkhachong.vn"">trang cá cược bóng đá</a>, nơi tôi có thể chơi game trực tuyến, tham gia cá cược thể thao, và theo dõi kết quả trận đấu, tất cả đều rất tiện lợi và thú vị."
web cá độ bóng đá,http://stories.jtimothyking.com/2012/05/25/amidst-the-geeks/comment-page-5442/,http://stories.jtimothyking.com/2012/05/25/amidst-the-geeks/comment-page-5618#comment-441713,"Trang web <a href=""https://khoanhkhachong.vn"">web cá độ bóng đá</a> cung cấp nhiều giải đấu thể thao khác nhau để tôi có thể tham gia cá cược và theo dõi kết quả trực tiếp rất dễ dàng."
trang cá cược bóng đá,https://jardinrest.id/meningkatkan-kolaborasi-antar-daerah-dengan-kahminasional/?unapproved=10623&moderation-hash=13033c1bd612448ab28ac57354f1462f/,https://jardinrest.id/meningkatkan-kolaborasi-antar-daerah-dengan-kahminasional/?unapproved=10857&moderation-hash=9beb102ebb39e49bb2f69e90efb0c3b7#comment-10857,"Tôi đã giới thiệu <a href=""https://khoanhkhachong.vn"">trang cá cược bóng đá</a> cho bạn bè và gia đình, vì đây là nơi cung cấp nhiều hình thức giải trí số khác nhau, từ cá cược bóng đá đến game trực tuyến, đảm bảo mọi người đều có trải nghiệm tuyệt vời."
trang cá độ bóng đá,https://blogs.marinij.com/northbaywoman/hello-kindness/?unapproved=358751&moderation-hash=ed6d700a7be93ff5fef1ab5fb10e4bb9/,https://blogs.marinij.com/northbaywoman/hello-kindness/?unapproved=370780&moderation-hash=98e8c4e59306253c9833af1b7a112ce9#comment-370780,"Tôi vừa tìm thấy <a href=""https://khoanhkhachong.vn"">trang cá độ bóng đá</a> và rất hài lòng với các trò chơi trực tuyến đa dạng như cá cược thể thao, game bài, xổ số, casino online và nhiều hơn nữa mọi người nên thử."
trang cá độ bóng đá,https://napthungbantai.vn/san-pham/mam-lenso-max-1-thai-lan-cho-cac-dong-xe-ban-tai/,https://napthungbantai.vn/san-pham/mam-lenso-max-1-thai-lan-cho-cac-dong-xe-ban-tai/#comment-743540,"<a href=""https://khoanhkhachong.vn"">trang cá độ bóng đá</a> cung cấp nhiều lựa chọn giải trí số hấp dẫn như chơi game bài trực tuyến, xem kết quả trực tiếp và cá cược thể thao an toàn và bảo mật cao giúp tôi yên tâm khi chơi."
web cá độ bóng đá,https://xn--80aa0abgic9b.xn--p1ai/round-white-dining-table-on-brown-hardwood/,https://xn--80aa0abgic9b.xn--p1ai/round-white-dining-table-on-brown-hardwood/#comment-487718,"Tôi thích tham gia xổ số trên <a href=""https://khoanhkhachong.vn"">web cá độ bóng đá</a> vì có nhiều cơ hội thắng lớn và tỷ lệ trúng cao mỗi ngày luôn."
trang cá cược bóng đá,https://yamato-rs.com/2018/02/08/%e9%a2%a8%e5%91%82%e5%a0%b4%e3%81%ae%e3%82%ac%e3%83%a9%e3%82%b9/kimg0640329796318-jpg/,https://yamato-rs.com/2018/02/08/%e9%a2%a8%e5%91%82%e5%a0%b4%e3%81%ae%e3%82%ac%e3%83%a9%e3%82%b9/kimg0640329796318-jpg/#comment-1063574,"Tôi thường truy cập <a href=""https://khoanhkhachong.vn"">trang cá cược bóng đá</a> để cập nhật tỷ số và đặt cược trực tuyến, ngoài ra còn có nhiều trò chơi hấp dẫn khác như game bài và xổ số."
trang cá cược bóng đá,http://ks.pg.gda.pl/?attachment_id=2585&cpage=79/,http://ks.pg.gda.pl/?attachment_id=2585&cpage=82#comment-547995,"Tôi thường spends thời gian على <a href=""https://khoanhkhachong.vn"">trang cá cược bóng đá</a> để chơi game bài và tham gia cá cược, với nhiều lựa chọn và hình thức giải trí khác nhau, giúp tôi luôn cảm thấy hứng thú và giải trí."
web cá độ bóng đá,https://www.vanexpert.fr/home-2/brooke-cagle-norsyxmhgpi-unsplash-100x100-1/,https://www.vanexpert.fr/home-2/brooke-cagle-norsyxmhgpi-unsplash-100x100-1/#comment-558982,"Trang web game trực tuyến <a href=""https://khoanhkhachong.vn"">web cá độ bóng đá</a> rất an toàn và bảo mật, giúp tôi yên tâm khi tham gia trò chơi trực tuyến mỗi ngày luôn."
trang cá độ bóng đá,https://pidg-staging.dusted.digital/news/keel-laying-ceremony-marks-milestone-for-eamt-build/,https://pidg-staging.dusted.digital/news/keel-laying-ceremony-marks-milestone-for-eamt-build/#comment-339796,"Tôi yêu thích chơi game trực tuyến tại <a href=""https://khoanhkhachong.vn"">trang cá độ bóng đá</a> vì có nhiều trò chơi hấp dẫn như xổ số, casino online, game bài và cá cược thể thao với tỷ lệ cược cạnh tranh và dịch vụ hỗ trợ tốt."
web cá độ bóng đá,https://www.recyclean.in/new-way-to-recycle-lithium-ion-batteries-will-save-planet-from-toxic-waste/comment-page-68/,https://www.recyclean.in/new-way-to-recycle-lithium-ion-batteries-will-save-planet-from-toxic-waste/comment-page-73/#comment-136547,"Tôi thường chơi casino online trên <a href=""https://khoanhkhachong.vn"">web cá độ bóng đá</a> vì có nhiều trò chơi hấp dẫn và thú vị, đồng thời có cơ hội thắng lớn mỗi ngày luôn."
trang cá độ bóng đá,https://ejornais.com.br/index.php/2024/03/12/fccr-leva-oficinas-culturais-a-731-alunos-da-fundhas/,https://ejornais.com.br/index.php/2024/03/12/fccr-leva-oficinas-culturais-a-731-alunos-da-fundhas/#comment-980649,"Tôi đã trở thành thành viên của <a href=""https://khoanhkhachong.vn"">trang cá độ bóng đá</a> và rất hài lòng với chất lượng dịch vụ và sự đa dạng của các trò chơi trực tuyến như game bài, xổ số, casino online và cá cược thể thao."
trang cá cược bóng đá,https://thespeedpost.com/24-persons-injured-in-bus-mishap-in-bhojpur/,https://thespeedpost.com/24-persons-injured-in-bus-mishap-in-bhojpur/#comment-2103287,"Tôi tìm thấy <a href=""https://khoanhkhachong.vn"">trang cá cược bóng đá</a> rất hữu ích khi muốn theo dõi trận đấu và đặt cược, đồng thời cũng có thể chơi casino online và tham gia nhiều hoạt động giải trí khác."
web cá độ bóng đá,https://wearethelittleones.com/6-benefits-of-having-a-carpet-in-your-living-room/,https://wearethelittleones.com/6-benefits-of-having-a-carpet-in-your-living-room/#comment-633914,"Tôi thường chơi game tại <a href=""https://khoanhkhachong.vn"">web cá độ bóng đá</a> để trải nghiệm các trò chơi trực tuyến thú vị và cá cược thể thao hấp dẫn, nơi tôi có thể chơi game bài và xổ số trực tuyến một cách an toàn."
trang cá độ bóng đá,https://www.techkul.com/best-website-design-and-development-company-krisu-techkul/7-img/,https://www.techkul.com/best-website-design-and-development-company-krisu-techkul/7-img/#comment-473584,"<a href=""https://khoanhkhachong.vn"">trang cá độ bóng đá</a> là nơi tôi thường xuyên chơi game trực tuyến vì có nhiều lựa chọn trò chơi như game bài, xổ số, casino online và cá cược thể thao với giao diện thân thiện và dễ sử dụng."
trang cá độ bóng đá,https://www.ascezen.com/mapping-documentation-development-life-cycle-ddlc-sdlc/the_waterfall_model_software_engineering_ascezen-3/,https://www.ascezen.com/mapping-documentation-development-life-cycle-ddlc-sdlc/the_waterfall_model_software_engineering_ascezen-3/#comment-223843,"Tôi giới thiệu <a href=""https://khoanhkhachong.vn"">trang cá độ bóng đá</a> cho những ai yêu thích chơi game trực tuyến vì có nhiều trò chơi hấp dẫn như xổ số, casino online, game bài và cá cược thể thao với nhiều chương trình khuyến mãi hấp dẫn."
web cá độ bóng đá,https://ipb.edu.tl/rezultadu-final-ba-estudante-foun-asesu-ba-ipb-no-untl-tinan-2023/,https://ipb.edu.tl/rezultadu-final-ba-estudante-foun-asesu-ba-ipb-no-untl-tinan-2023/#comment-3588385,"Tôi đã tìm thấy một trang web game giải trí trực tuyến tổng hợp với <a href=""https://khoanhkhachong.vn"">web cá độ bóng đá</a> nơi tôi có thể chơi cá cược bóng đá, xem kết quả trực tiếp và tham gia các hoạt động giải trí số khác một cách dễ dàng."
trang cá cược bóng đá,https://femartmostra.org/monica-porta/,https://femartmostra.org/monica-porta/#comment-1079765,"Tôi cảm thấy rất thoải mái khi sử dụng <a href=""https://khoanhkhachong.vn"">trang cá cược bóng đá</a> để đặt cược và theo dõi trận đấu, cũng như tham gia các hoạt động giải trí khác như xổ số và casino online."
web cá độ bóng đá,https://raiz-ta.com/4%e6%9c%88%e8%a1%8c%e4%ba%8b%e4%ba%88%e5%ae%9a%e8%a1%a8/,https://raiz-ta.com/4%e6%9c%88%e8%a1%8c%e4%ba%8b%e4%ba%88%e5%ae%9a%e8%a1%a8#comment-848047,"Với <a href=""https://khoanhkhachong.vn"">web cá độ bóng đá</a>, tôi có thể dễ dàng chơi game trực tuyến và cá cược thể thao mọi lúc mọi nơi, giúp tôi tiết kiệm thời gian và tăng cường trải nghiệm giải trí với nhiều trò chơi hấp dẫn."
trang cá cược bóng đá,https://yamato-rs.com/2018/01/26/%e9%8d%b5%e4%ba%a4%e6%8f%9b-6/kimg05661422336225-jpg/,https://yamato-rs.com/2018/01/26/%e9%8d%b5%e4%ba%a4%e6%8f%9b-6/kimg05661422336225-jpg/#comment-1063580,"<a href=""https://khoanhkhachong.vn"">trang cá cược bóng đá</a> là nơi tôi thường xuyên lui tới để cập nhật tin tức thể thao và đặt cược, ngoài ra cũng có nhiều trò chơi trực tuyến như game bài vàslot machine."
trang cá độ bóng đá,https://blog.classicshapewear.com/from-barre-to-boxing-and-back-my-week-of-trendy-workouts-and-why-comfort-matters-most/a2/,https://blog.classicshapewear.com/from-barre-to-boxing-and-back-my-week-of-trendy-workouts-and-why-comfort-matters-most/a2/#comment-294290,"<a href=""https://khoanhkhachong.vn"">trang cá độ bóng đá</a> là một trong những trang web game trực tuyến tốt nhất mà tôi đã trải nghiệm với nhiều trò chơi đa dạng như game bài, xổ số, casino online và cá cược thể thao với giao diện hiện đại."
trang cá cược bóng đá,https://ipb.edu.tl/esaz-kpa-realiza-seminariu-sientifiku-kona-ba-dezenvolvimentu-sustentavel-kriasaun-vaka-balineza/,https://ipb.edu.tl/esaz-kpa-realiza-seminariu-sientifiku-kona-ba-dezenvolvimentu-sustentavel-kriasaun-vaka-balineza/#comment-3588403,"Tôi thường xuyên truy cập <a href=""https://khoanhkhachong.vn"">trang cá cược bóng đá</a> để đặt cược và theo dõi kết quả trận đấu, đồng thời cũng có thể chơi game trực tuyến và tham gia các chương trình khuyến mãi."
web cá độ bóng đá,https://www.camillaceccatelli.com/project/web-design-formallenando/,https://www.camillaceccatelli.com/project/web-design-formallenando/#comment-269852,"Khi nhắc đến <a href=""https://khoanhkhachong.vn"">web cá độ bóng đá</a>, tôi nghĩ ngay đến một nền tảng chơi game trực tuyến đa dạng với nhiều lựa chọn cá cược thể thao, game bài và xổ số, mang lại cho tôi trải nghiệm giải trí trực tuyến tuyệt vời."
trang cá độ bóng đá,https://gg-pr.jp/%e3%80%90%e6%84%9b%e7%9f%a5%e7%9c%8c%e3%80%91%e8%b1%8a%e5%b7%9d%e5%b8%82%e9%87%91%e5%b1%8b%e8%a5%bf%e7%94%ba%ef%bc%93%e4%b8%81%e7%9b%ae%e3%81%ae%e3%83%ad%e3%83%bc%e3%82%ab%e3%83%ab%e3%83%9e%e3%83%bc/,https://gg-pr.jp/%e3%80%90%e6%84%9b%e7%9f%a5%e7%9c%8c%e3%80%91%e8%b1%8a%e5%b7%9d%e5%b8%82%e9%87%91%e5%b1%8b%e8%a5%bf%e7%94%ba%ef%bc%93%e4%b8%81%e7%9b%ae%e3%81%ae%e3%83%ad%e3%83%bc%e3%82%ab%e3%83%ab%e3%83%9e%e3%83%bc/#comment-578969,"Tôi đã chơi game trực tuyến tại <a href=""https://khoanhkhachong.vn"">trang cá độ bóng đá</a> và rất hài lòng với chất lượng của các trò chơi như game bài, xổ số, casino online và cá cược thể thao cũng như dịch vụ hỗ trợ khách hàng tận tình."
web cá độ bóng đá,https://ejornais.com.br/index.php/2024/04/29/napoli-x-roma-onde-assistir-ao-vivo-palpites-e-escalacoes-campeonato-italiano-hoje-28-04/,https://ejornais.com.br/index.php/2024/04/29/napoli-x-roma-onde-assistir-ao-vivo-palpites-e-escalacoes-campeonato-italiano-hoje-28-04/#comment-980658,"Tôi đã khám phá <a href=""https://khoanhkhachong.vn"">web cá độ bóng đá</a> và phát hiện ra rằng đây là một trang web game trực tuyến tuyệt vời với nhiều trò chơi và hoạt động giải trí thú vị, nơi tôi có thể chơi và cá cược một cách an toàn."
trang cá độ bóng đá,https://thespeedpost.com/cpiml-takes-out-procession-against-atack-on-press/,https://thespeedpost.com/cpiml-takes-out-procession-against-atack-on-press/#comment-2103290,"Tôi thích chơi game trực tuyến tại <a href=""https://khoanhkhachong.vn"">trang cá độ bóng đá</a> vì có nhiều lựa chọn trò chơi như xổ số, casino online, game bài và cá cược thể thao với tỷ lệ cược cạnh tranh và thưởng hấp dẫn giúp tôi cảm thấy thú vị."
trang cá độ bóng đá,https://www.ascezen.com/technical-writing-training-india/classroom-training/,https://www.ascezen.com/technical-writing-training-india/classroom-training/#comment-223844,"Tôi vừa khám phá <a href=""https://khoanhkhachong.vn"">trang cá độ bóng đá</a> và thật ngạc nhiên với số lượng trò chơi trực tuyến đa dạng, từ cá cược thể thao đến game bài và xổ số, mọi thứ đều có tại đây, rất tiện lợi."
web cá độ bóng đá,https://www.echafaudage-coffrage-etaiement.org/annuaire/echafaudage-service/,https://www.echafaudage-coffrage-etaiement.org/annuaire/echafaudage-service/#comment-538731,"<a href=""https://khoanhkhachong.vn"">web cá độ bóng đá</a> là nơi tôi thường lui tới để chơi game trực tuyến và tham gia các hoạt động giải trí số, với nhiều lựa chọn trò chơi và cá cược thể thao hấp dẫn, giúp tôi luôn cảm thấy thú vị."
trang cá cược bóng đá,https://innovarevents.com/?attachment_id=30441/,https://innovarevents.com/?attachment_id=30441#comment-679412,"<a href=""https://khoanhkhachong.vn"">trang cá cược bóng đá</a> là nơi tôi yêu thích để cập nhật tin tức thể thao và đặt cược, cũng như chơi game bài và tham gia các hoạt động giải trí khác như xổ số và casino."
trang cá cược bóng đá,https://ejornais.com.br/index.php/2024/03/04/nova-presidencia-do-conif-toma-posse-no-dia-5-de-marco-ifsp/,https://ejornais.com.br/index.php/2024/03/04/nova-presidencia-do-conif-toma-posse-no-dia-5-de-marco-ifsp/#comment-980664,"Tôi tìm thấy <a href=""https://khoanhkhachong.vn"">trang cá cược bóng đá</a> rất hữu ích khi muốn theo dõi trận đấu và đặt cược, đồng thời cũng có thể chơi casino online và tham gia nhiều hoạt động giải trí khác như game slot."
web cá độ bóng đá,https://thespeedpost.com/nitish-wins-fight-for-control-of-jdu/,https://thespeedpost.com/nitish-wins-fight-for-control-of-jdu/#comment-2103294,"Tôi thích chơi game tại <a href=""https://khoanhkhachong.vn"">web cá độ bóng đá</a> vì trang web này cung cấp nhiều trò chơi trực tuyến và cá cược thể thao đa dạng, giúp tôi có thể lựa chọn hoạt động giải trí phù hợp với sở thích của mình một cách dễ dàng."
trang cá độ bóng đá,https://wearethelittleones.com/how-can-an-early-learning-centre-help-busy-parents/,https://wearethelittleones.com/how-can-an-early-learning-centre-help-busy-parents/#comment-633917,"Tôi thường chơi game bài trực tuyến tại <a href=""https://khoanhkhachong.vn"">trang cá độ bóng đá</a>, nơi cung cấp nhiều lựa chọn giải trí thú vị và cập nhật kết quả trực tiếp, đem lại trải nghiệm tuyệt vời cho người dùng."
trang cá cược bóng đá,https://www.techkul.com/best-website-design-and-development-company-krisu-techkul/4-img-2/,https://www.techkul.com/best-website-design-and-development-company-krisu-techkul/4-img-2/#comment-473593,"Tôi cảm thấy rất hài lòng khi sử dụng <a href=""https://khoanhkhachong.vn"">trang cá cược bóng đá</a> để đặt cược và theo dõi kết quả trận đấu, cũng như tham gia các hoạt động giải trí khác như xổ số và game trực tuyến."
trang cá độ bóng đá,https://wearethelittleones.com/how-to-test-a-car-battery-with-a-multimeter/,https://wearethelittleones.com/how-to-test-a-car-battery-with-a-multimeter/#comment-633919,"<a href=""https://khoanhkhachong.vn"">trang cá độ bóng đá</a> là nơi tuyệt vời để theo dõi kết quả bóng đá và tham gia cá cược thể thao, ngoài ra còn có nhiều trò chơi trực tuyến hấp dẫn khác như casino online và xổ số điện tử."
trang cá cược bóng đá,https://www.techkul.com/php_11ee9dd6c812cc56578e77564849e1e9/,https://www.techkul.com/php_11ee9dd6c812cc56578e77564849e1e9/#comment-473595,"Tôi thường truy cập <a href=""https://khoanhkhachong.vn"">trang cá cược bóng đá</a> để cập nhật tỷ số và đặt cược trực tuyến, ngoài ra còn có nhiều trò chơi hấp dẫn khác như game bài và casino online để giải trí."
web cá độ bóng đá,https://www.ascezen.com/create-learning-objectives/evaluate-assess/,https://www.ascezen.com/create-learning-objectives/evaluate-assess/#comment-223845,"Tôi đã trải nghiệm <a href=""https://khoanhkhachong.vn"">web cá độ bóng đá</a> và thấy rằng đây là một nền tảng chơi game trực tuyến tuyệt vời với nhiều trò chơi và hoạt động giải trí thú vị, nơi tôi có thể chơi và cá cược một cách an toàn và tiện lợi."
trang cá độ bóng đá,https://noto-highschool.com/image2-2/,https://noto-highschool.com/image2-2/#comment-775078,"Tôi tìm thấy <a href=""https://khoanhkhachong.vn"">trang cá độ bóng đá</a> là một trang web game trực tuyến tổng hợp, nơi bạn có thể chơi game bài, tham gia xổ số, cá cược thể thao và nhiều hơn nữa, tất cả trong một địa chỉ duy nhất."
trang cá độ bóng đá,https://wearethelittleones.com/extravagance-watch-retailer-ethos-makes-a-tepid-debut-lists-at-6-discount/,https://wearethelittleones.com/extravagance-watch-retailer-ethos-makes-a-tepid-debut-lists-at-6-discount/#comment-633920,"Mọi người nên thử <a href=""https://khoanhkhachong.vn"">trang cá độ bóng đá</a>, nơi cung cấp nhiều trò chơi trực tuyến thú vị, từ game bài đến xổ số và cá cược thể thao, đảm bảo đem lại giờ giải trí tuyệt vời."
trang cá cược bóng đá,https://femartmostra.org/rosario-ronda/,https://femartmostra.org/rosario-ronda/#comment-1079768,"Tôi thường xuyên sử dụng <a href=""https://khoanhkhachong.vn"">trang cá cược bóng đá</a> để đặt cược và theo dõi trận đấu, cũng như chơi game trực tuyến và tham gia các chương trình khuyến mãi hấp dẫn khác."
web cá độ bóng đá,https://ejornais.com.br/index.php/2024/05/07/prazo-para-tirar-transferir-e-regularizar-o-titulo-eleitoral-termina-nesta-quarta-feira-8-de-maio-prefeitura-municipal-de-bonito/,https://ejornais.com.br/index.php/2024/05/07/prazo-para-tirar-transferir-e-regularizar-o-titulo-eleitoral-termina-nesta-quarta-feira-8-de-maio-prefeitura-municipal-de-bonito/#comment-980667,"<a href=""https://khoanhkhachong.vn"">web cá độ bóng đá</a> là một trang web game trực tuyến tổng hợp mà tôi thường chơi, nơi tôi có thể chơi game bài, xổ số và tham gia các hoạt động giải trí số khác, giúp tôi luôn cảm thấy hứng thú."
web cá độ bóng đá,https://wearethelittleones.com/how-to-organize-a-new-year-party/,https://wearethelittleones.com/how-to-organize-a-new-year-party/#comment-633922,"Tôi thường giới thiệu <a href=""https://khoanhkhachong.vn"">web cá độ bóng đá</a> cho bạn bè vì trang web này cung cấp nhiều trò chơi trực tuyến và cá cược thể thao hấp dẫn, nơi họ có thể trải nghiệm và giải trí một cách dễ dàng và an toàn."
trang cá cược bóng đá,https://globalethnographic.com/index.php/the-last-fertility-dance-in-central-mexico/attachment/2/,https://globalethnographic.com/index.php/the-last-fertility-dance-in-central-mexico/attachment/2/#comment-797512,"Tôi đã tìm thấy <a href=""https://khoanhkhachong.vn"">trang cá cược bóng đá</a> tuyệt vời với nhiều trò chơi trực tuyến thú vị, từ cá cược thể thao đến game bài và xổ số, rất thích hợp để giải trí."
trang cá cược bóng đá,https://pidg-staging.dusted.digital/portfolios/mobility-for-africa/,https://pidg-staging.dusted.digital/portfolios/mobility-for-africa/#comment-339800,"Tôi thường truy cập <a href=""https://khoanhkhachong.vn"">trang cá cược bóng đá</a> để cập nhật kết quả trận đấu và tham gia cá cược, ngoài ra còn có nhiều trò chơi khác như poker và blackjack."
web cá độ bóng đá,https://www.vanexpert.fr/a-propos-outil-gestion-erp-tpe-pme-expert-comptable/untitled-design-2/,https://www.vanexpert.fr/a-propos-outil-gestion-erp-tpe-pme-expert-comptable/untitled-design-2/#comment-558985,"Tôi thường chơi game bài trực tuyến và cá cược thể thao trên <a href=""https://khoanhkhachong.vn"">web cá độ bóng đá</a>, rất thú vị và kiếm được tiền nhờ nó, cảm ơn trang web này đã mang lại cho tôi trải nghiệm tuyệt vời."
trang cá độ bóng đá,https://raiz-ta.com/2019%e5%b9%b411%e6%9c%88%e8%a1%8c%e4%ba%8b%e4%ba%88%e5%ae%9a/,https://raiz-ta.com/2019%e5%b9%b411%e6%9c%88%e8%a1%8c%e4%ba%8b%e4%ba%88%e5%ae%9a#comment-848051,"<a href=""https://khoanhkhachong.vn"">trang cá độ bóng đá</a> cung cấp nhiều trò chơi trực tuyến hấp dẫn như game bài, xổ số, và cá cược thể thao, tất cả đều được cập nhật thường xuyên để mang lại trải nghiệm mới mẻ."
trang cá cược bóng đá,https://noto-highschool.com/2020/02/06/%e3%81%8f%e3%81%a4%e3%82%8d%e3%81%84%e3%81%a7%e3%81%bb%e3%81%97%e3%81%84%e3%80%81%e3%81%93%e3%81%ae%e8%83%bd%e7%99%bb%e3%81%a7%ef%bc%81%ef%bc%81/img_79251/,https://noto-highschool.com/2020/02/06/%e3%81%8f%e3%81%a4%e3%82%8d%e3%81%84%e3%81%a7%e3%81%bb%e3%81%97%e3%81%84%e3%80%81%e3%81%93%e3%81%ae%e8%83%bd%e7%99%bb%e3%81%a7%ef%bc%81%ef%bc%81/img_79251/#comment-775081,"<a href=""https://khoanhkhachong.vn"">trang cá cược bóng đá</a> là điểm đến lý tưởng của tôi khi muốn xem trận đấu trực tiếp và tham gia cá cược, cũng như chơi game bài và casino online."
trang cá độ bóng đá,https://www.vanexpert.fr/a-propos-outil-gestion-erp-tpe-pme-expert-comptable/growth-453479_960_720/,https://www.vanexpert.fr/a-propos-outil-gestion-erp-tpe-pme-expert-comptable/growth-453479_960_720/#comment-558986,"Tôi thích <a href=""https://khoanhkhachong.vn"">trang cá độ bóng đá</a> vì nó không chỉ có cá cược thể thao mà còn nhiều trò chơi trực tuyến khác như casino online, game bài, và xổ số, tạo ra một không gian giải trí đa dạng."
web cá độ bóng đá,https://www.recyclean.in/centre-releases-rs-1154-90-crore-grants-to-states-for-urban-local-bodies/comment-page-65/,https://www.recyclean.in/centre-releases-rs-1154-90-crore-grants-to-states-for-urban-local-bodies/comment-page-70/#comment-136552,"Tôi tìm thấy <a href=""https://khoanhkhachong.vn"">web cá độ bóng đá</a> khi cần xem kết quả trực tiếp của các trận đấu, giờ đây tôi cũng chơi cá cược bóng đá và game bài trên trang web này, thật tuyệt vời."
trang cá cược bóng đá,https://raiz-ta.com/9/,https://raiz-ta.com/9#comment-848052,"Với <a href=""https://khoanhkhachong.vn"">trang cá cược bóng đá</a>, tôi có thể dễ dàng tham gia cá cược bóng đá và theo dõi kết quả trận đấu, cũng như khám phá nhiều trò chơi trực tuyến khác."
web cá độ bóng đá,https://wearethelittleones.com/why-should-you-definitely-own-sarees/,https://wearethelittleones.com/why-should-you-definitely-own-sarees/#comment-633924,"Trang web game này không chỉ có <a href=""https://khoanhkhachong.vn"">web cá độ bóng đá</a> mà còn nhiều trò chơi trực tuyến khác như xổ số, casino online, tôi thích chơi game bài và cá cược thể thao trên đây."
trang cá cược bóng đá,https://gg-pr.jp/%e3%80%90%e6%84%9b%e7%9f%a5%e7%9c%8c%e3%80%91%e6%b4%a5%e5%b3%b6%e5%b8%82%e5%8d%97%e6%9c%ac%e7%94%ba%ef%bc%96%e4%b8%81%e7%9b%ae%e3%81%ae%e3%83%ad%e3%83%bc%e3%82%ab%e3%83%ab%e3%83%9e%e3%83%bc%e3%82%b1/,https://gg-pr.jp/%e3%80%90%e6%84%9b%e7%9f%a5%e7%9c%8c%e3%80%91%e6%b4%a5%e5%b3%b6%e5%b8%82%e5%8d%97%e6%9c%ac%e7%94%ba%ef%bc%96%e4%b8%81%e7%9b%ae%e3%81%ae%e3%83%ad%e3%83%bc%e3%82%ab%e3%83%ab%e3%83%9e%e3%83%bc%e3%82%b1/#comment-578978,"Tôi thấy <a href=""https://khoanhkhachong.vn"">trang cá cược bóng đá</a> rất tiện dụng khi muốn cá cược bóng đá, cũng như chơi game bài và xổ số, mọi thứ đều ở một nơi."
web cá độ bóng đá,https://femartmostra.org/pat-riska/,https://femartmostra.org/pat-riska/#comment-1079773,"Khi rảnh rỗi, tôi thường vào <a href=""https://khoanhkhachong.vn"">web cá độ bóng đá</a> để chơi game trực tuyến và cập nhật tin tức thể thao, trang web này thật sự rất hữu ích và thú vị."
trang cá cược bóng đá,https://www.ascezen.com/can-case-study-help-selling/case-study_business-writing_ascezen-2/,https://www.ascezen.com/can-case-study-help-selling/case-study_business-writing_ascezen-2/#comment-223851,"<a href=""https://khoanhkhachong.vn"">trang cá cược bóng đá</a> cung cấp cho tôi nhiều lựa chọn giải trí, từ cá cược thể thao đến game bài và casino online, rất phong phú và đa dạng."
trang cá độ bóng đá,https://www.vanexpert.fr/bathroom-cleaning-tips-to-save-time-and-worry/pexels-karolina-grabowska-4239104/,https://www.vanexpert.fr/bathroom-cleaning-tips-to-save-time-and-worry/pexels-karolina-grabowska-4239104/#comment-558987,"<a href=""https://khoanhkhachong.vn"">trang cá độ bóng đá</a> là điểm đến lý tưởng cho những người yêu thích game trực tuyến, với các lựa chọn như game bài, xổ số, và cá cược thể thao, đáp ứng mọi nhu cầu giải trí."
trang cá cược bóng đá,https://gg-pr.jp/%e3%80%90%e6%84%9b%e7%9f%a5%e7%9c%8c%e3%80%91%e6%98%a5%e6%97%a5%e4%ba%95%e5%b8%82%e4%b8%ad%e5%a4%ae%e9%80%9a%ef%bc%92%e4%b8%81%e7%9b%ae%e3%81%ae%e3%83%ad%e3%83%bc%e3%82%ab%e3%83%ab%e3%83%9e%e3%83%bc/,https://gg-pr.jp/%e3%80%90%e6%84%9b%e7%9f%a5%e7%9c%8c%e3%80%91%e6%98%a5%e6%97%a5%e4%ba%95%e5%b8%82%e4%b8%ad%e5%a4%ae%e9%80%9a%ef%bc%92%e4%b8%81%e7%9b%ae%e3%81%ae%e3%83%ad%e3%83%bc%e3%82%ab%e3%83%ab%e3%83%9e%e3%83%bc/#comment-578979,"Tôi đã tham gia <a href=""https://khoanhkhachong.vn"">trang cá cược bóng đá</a> và rất hài lòng với chất lượng dịch vụ, cũng như nhiều trò chơi trực tuyến thú vị và hấp dẫn."
web cá độ bóng đá,https://www.recyclean.in/plastic-eating-enzyme-could-eliminate-billions-of-tons-of-landfill-waste-university-of-texas-at-austin/comment-page-44/,https://www.recyclean.in/plastic-eating-enzyme-could-eliminate-billions-of-tons-of-landfill-waste-university-of-texas-at-austin/comment-page-49/#comment-136554,"Tôi đã trở thành thành viên của <a href=""https://khoanhkhachong.vn"">web cá độ bóng đá</a> từ lâu và rất hài lòng với chất lượng dịch vụ và trải nghiệm chơi game trực tuyến trên trang web này."
trang cá độ bóng đá,https://femartmostra.org/femart/,https://femartmostra.org/femart/#comment-1079775,"Tôi đã sử dụng <a href=""https://khoanhkhachong.vn"">trang cá độ bóng đá</a> và thấy nó rất tiện lợi, cung cấp nhiều trò chơi trực tuyến như game bài, xổ số, và cá cược thể thao, giúp tôi tiết kiệm thời gian và có trải nghiệm tuyệt vời."
trang cá độ bóng đá,https://www.recyclean.in/nmmc-to-supply-recycled-water-to-industrial-units-navi-mumbai/comment-page-76/,https://www.recyclean.in/nmmc-to-supply-recycled-water-to-industrial-units-navi-mumbai/comment-page-80/#comment-136556,"<a href=""https://khoanhkhachong.vn"">trang cá độ bóng đá</a> là nơi tôi thường lui tới để chơi game bài và tham gia xổ số, ngoài ra còn có nhiều lựa chọn khác như cá cược thể thao và casino online, đảm bảo giờ giải trí không bao giờ nhàm chán."
trang cá cược bóng đá,https://femartmostra.org/maria-sola/,https://femartmostra.org/maria-sola/#comment-1079777,"<a href=""https://khoanhkhachong.vn"">trang cá cược bóng đá</a> là nơi tôi thường lui tới khi muốn giải trí, với nhiều trò chơi trực tuyến như poker, blackjack và roulette, rất thú vị."
web cá độ bóng đá,https://www.kiriita.com/blog/2015/03/18/%e7%a9%b4%e3%81%82%e3%81%91%ef%bc%86%e8%a7%92r%e3%83%86%e3%83%b3%e3%83%97%e3%83%ac%e3%83%bc%e3%83%88%e3%80%90%e3%81%8d%e3%82%8a%e3%81%84%e3%81%9f-com%e3%80%91/,https://www.kiriita.com/blog/2015/03/18/%e7%a9%b4%e3%81%82%e3%81%91%ef%bc%86%e8%a7%92r%e3%83%86%e3%83%b3%e3%83%97%e3%83%ac%e3%83%bc%e3%83%88%e3%80%90%e3%81%8d%e3%82%8a%e3%81%84%e3%81%9f-com%e3%80%91/#comment-92866,"<a href=""https://khoanhkhachong.vn"">web cá độ bóng đá</a> là nơi tôi tìm thấy nhiều trò chơi trực tuyến thú vị như game bài, xổ số, và cá cược thể thao, thật sự rất tuyệt vời và đa dạng."
trang cá độ bóng đá,https://www.recyclean.in/here-is-why-the-electric-vehicle-battery-recycling-market-will-see-an-upturn-by-2030/comment-page-57/,https://www.recyclean.in/here-is-why-the-electric-vehicle-battery-recycling-market-will-see-an-upturn-by-2030/comment-page-61/#comment-136557,"Tôi vừa tìm được <a href=""https://khoanhkhachong.vn"">trang cá độ bóng đá</a> tuyệt vời, có nhiều trò chơi trực tuyến hấp dẫn, không chỉ có bóng đá mà còn có game bài, xổ số, casino online, thật tuyệt vời để giải trí."
trang cá cược bóng đá,https://le-media-afrique.com/crimes-contre-lhumanite-moussa-dadis-camara-ecope-de-20-ans-demprisonnement-les-details/,https://le-media-afrique.com/crimes-contre-lhumanite-moussa-dadis-camara-ecope-de-20-ans-demprisonnement-les-details/#comment-1741769,"Tôi thích <a href=""https://khoanhkhachong.vn"">trang cá cược bóng đá</a> vì nó cung cấp cho tôi nhiều thông tin hữu ích về các trận đấu và đội bóng, cũng như cơ hội tham gia cá cược và chơi game bài."
trang cá cược bóng đá,https://delhikhabar.in/kejriwal-government-approved-the-delhi-film-policy-2022-dupty-cm-manish-sisodia-cabinet-meeting-delhi-cabinet-ki-khabar/,https://delhikhabar.in/kejriwal-government-approved-the-delhi-film-policy-2022-dupty-cm-manish-sisodia-cabinet-meeting-delhi-cabinet-ki-khabar/#comment-1140,"Tôi đã giới thiệu <a href=""https://khoanhkhachong.vn"">trang cá cược bóng đá</a> cho bạn bè và họ rất hài lòng, với nhiều trò chơi trực tuyến và cơ hội giải trí, rất đáng thử."
trang cá độ bóng đá,https://www.basketown.com/2016/03/19/u16-gold-vittoria-e-play-off-assicurati-virtus-meda-47-basketown-62/img_6171-2/,https://www.basketown.com/2016/03/19/u16-gold-vittoria-e-play-off-assicurati-virtus-meda-47-basketown-62/img_6171-2/#comment-170642,"Tôi thích truy cập <a href=""https://khoanhkhachong.vn"">trang cá độ bóng đá</a> vì có thể chơi cá cược bóng đá và xem kết quả trực tiếp, ngoài ra còn có nhiều trò chơi khác như poker, blackjack, roulette, rất thú vị và hấp dẫn."
web cá độ bóng đá,https://arterustica.pl/bizu-001/comment-page-4308/,https://arterustica.pl/bizu-001/comment-page-4570/#comment-445246,"Tôi thường giới thiệu <a href=""https://khoanhkhachong.vn"">web cá độ bóng đá</a> cho bạn bè vì trang web này có nhiều trò chơi trực tuyến thú vị và dịch vụ chất lượng cao, thật tuyệt vời."
trang cá cược bóng đá,https://samaysakshya.co.in/two-day-contemplation-camp-dgp-gave-a-presentation-on-cyber-crime/,https://samaysakshya.co.in/two-day-contemplation-camp-dgp-gave-a-presentation-on-cyber-crime/#comment-290679,"Tôi thích chơi game trực tuyến trên <a href=""https://khoanhkhachong.vn"">trang cá cược bóng đá</a> vì có nhiều trò chơi thú vị và giải trí số hấp dẫn, từ cá cược thể thao đến game bài và xổ số, tất cả đều có tại đây."
trang cá độ bóng đá,https://gacetafrontal.com/que-son-los-vapers/,https://gacetafrontal.com/que-son-los-vapers/#comment-312118,"<a href=""https://khoanhkhachong.vn"">trang cá độ bóng đá</a> là nơi tôi thường xuyên chơi game bài trực tuyến, ngoài ra còn có thể tham gia cá cược thể thao, xổ số, casino online, thật tuyệt vời để thử vận may và giải trí."
trang cá độ bóng đá,https://delhikhabar.in/food-and-drink-will-be-cheap-in-delhi-cm-kejriwal-asks-center-to-withdraw-gst-from-packaged-labeled-food-items/,https://delhikhabar.in/food-and-drink-will-be-cheap-in-delhi-cm-kejriwal-asks-center-to-withdraw-gst-from-packaged-labeled-food-items/#comment-1144,"Khi tìm kiếm trang web để chơi game trực tuyến, tôi thấy <a href=""https://khoanhkhachong.vn"">trang cá độ bóng đá</a> là nơi lý tưởng, với nhiều trò chơi khác nhau, từ game bài đến xổ số, casino online, và cả thể thao, thật tuyệt vời."
web cá độ bóng đá,https://djmathieug.com/98684690-2c23-42eb-9107-735badffd809_1_105_c/,https://djmathieug.com/98684690-2c23-42eb-9107-735badffd809_1_105_c/#comment-728355,"Trang web này không chỉ có <a href=""https://khoanhkhachong.vn"">web cá độ bóng đá</a> mà còn nhiều hình thức giải trí số khác như casino online, xổ số, tôi thích chơi game trực tuyến và cá cược thể thao trên đây."
trang cá độ bóng đá,https://delhikhabar.in/pm-modi-reaches-red-fort-on-400th-prakash-parv-of-sikh-tegh-bahadur-released-commemorative-coin-and-postage-stamp/,https://delhikhabar.in/pm-modi-reaches-red-fort-on-400th-prakash-parv-of-sikh-tegh-bahadur-released-commemorative-coin-and-postage-stamp/#comment-1146,"Tôi thường xuyên truy cập <a href=""https://khoanhkhachong.vn"">trang cá độ bóng đá</a> để chơi cá cược thể thao, ngoài ra còn có thể chơi game bài, xổ số, casino online, thật thú vị và hấp dẫn, nơi lý tưởng để giải trí."
trang cá độ bóng đá,https://arterustica.pl/rozne-007/comment-page-911/,https://arterustica.pl/rozne-007/comment-page-932/#comment-445251,"Tôi đang tìm kiếm một trang web để chơi trò chơi trực tuyến và may mắn tìm được <a href=""https://khoanhkhachong.vn"">trang cá độ bóng đá</a>, nơi có nhiều trò chơi hấp dẫn, từ cá cược bóng đá đến game bài, xổ số, thật tuyệt vời."
trang cá cược bóng đá,https://presquile.jp/1/,https://presquile.jp/1/#comment-297249,"Tôi đã tìm thấy <a href=""https://khoanhkhachong.vn"">trang cá cược bóng đá</a> hoàn hảo để theo dõi và đặt cược vào các trận đấu trực tiếp, đồng thời chơi game bài và casino online với bạn bè, tạo nên một trải nghiệm giải trí tuyệt vời."
web cá độ bóng đá,https://samaysakshya.co.in/doon-sikh-welfare-society-met-shrimahant-devendra-das-maharaj-and-expressed-gratitude/,https://samaysakshya.co.in/doon-sikh-welfare-society-met-shrimahant-devendra-das-maharaj-and-expressed-gratitude/#comment-290684,"Tôi thích chơi game bài trực tuyến trên <a href=""https://khoanhkhachong.vn"">web cá độ bóng đá</a> vì có nhiều trò chơi thú vị và cơ hội thắng lớn, thật tuyệt vời khi được trải nghiệm như vậy."
trang cá độ bóng đá,https://taperite.com/sign-and-banner-tapes/gxp-575-vinyl-graphics-application-tape-3/,https://taperite.com/sign-and-banner-tapes/gxp-575-vinyl-graphics-application-tape-3/#comment-628071,"Tôi thích chơi game bài trực tuyến trên <a href=""https://khoanhkhachong.vn"">trang cá độ bóng đá</a>, vì có nhiều trò chơi khác nhau, từ poker đến blackjack, và còn có thể tham gia xổ số, casino online, thật tuyệt vời để thử vận may."
web cá độ bóng đá,https://delhikhabar.in/deputy-cm-sisodia-asked-the-officers-to-report-for-the-maintenance-of-chandni-chowk-market/,https://delhikhabar.in/deputy-cm-sisodia-asked-the-officers-to-report-for-the-maintenance-of-chandni-chowk-market/#comment-1151,"Tôi tìm thấy <a href=""https://khoanhkhachong.vn"">web cá độ bóng đá</a> khi cần một trang web game trực tuyến uy tín và an toàn, giờ đây tôi chơi game bài và cá cược thể thao trên trang web này rất thường xuyên."
trang cá cược bóng đá,https://251901.net/biyoujisyo/olympus-digital-camera-1077/comment-page-1974/,https://251901.net/biyoujisyo/olympus-digital-camera-1077/comment-page-2014/#comment-15172825,"Tôi đã trở thành thành viên của <a href=""https://khoanhkhachong.vn"">trang cá cược bóng đá</a> và rất hài lòng với chất lượng dịch vụ và sự đa dạng của các trò chơi trực tuyến, từ game bài đến xổ số và casino online, tất cả đều rất thú vị."
web cá độ bóng đá,https://cn.apra.vn/%e5%a4%96%e5%9b%bd%e4%ba%ba%e5%9c%a8%e8%b6%8a%e5%8d%97%e8%b4%ad%e4%b9%b0%e6%88%bf%e5%b1%8b%ef%bc%8c%e5%9c%9f%e5%9c%b0%e7%9a%84%e6%9d%a1%e4%bb%b6%e4%b8%8e%e7%a8%8b%e5%ba%8f/,https://cn.apra.vn/%e5%a4%96%e5%9b%bd%e4%ba%ba%e5%9c%a8%e8%b6%8a%e5%8d%97%e8%b4%ad%e4%b9%b0%e6%88%bf%e5%b1%8b%ef%bc%8c%e5%9c%9f%e5%9c%b0%e7%9a%84%e6%9d%a1%e4%bb%b6%e4%b8%8e%e7%a8%8b%e5%ba%8f#comment-139517,"Tôi yêu thích chơi game trực tuyến trên <a href=""https://khoanhkhachong.vn"">web cá độ bóng đá</a> vì nó cung cấp nhiều trò chơi thú vị và cơ hội thắng lớn, từ cá cược thể thao đến game bài và xổ số, rất phong phú và hấp dẫn người chơi."
trang cá độ bóng đá,https://stonetablet.org/why-are-you-here/audio-teachings/why-are-you-here/mark/?unapproved=54484&moderation-hash=3454d72158ded0bbb03f687050366f6d/,https://stonetablet.org/why-are-you-here/audio-teachings/why-are-you-here/mark/?unapproved=56658&moderation-hash=73683189aa6767c56e07df10764bc6de#comment-56658,"Tôi đang tìm kiếm một trang web để chơi trò chơi trực tuyến và tìm được <a href=""https://khoanhkhachong.vn"">trang cá độ bóng đá</a>, nơi có nhiều trò chơi khác nhau, từ game bài đến xổ số, casino online, và cả thể thao, thật tuyệt vời để giải trí."
web cá độ bóng đá,https://caringvets.com.au/kitten-vaccinations/,https://caringvets.com.au/kitten-vaccinations/#comment-124675,"Trang <a href=""https://khoanhkhachong.vn"">web cá độ bóng đá</a> là nơi tôi thường xuyên chơi cá cược bóng đá và theo dõi kết quả trực tiếp, ngoài ra cũng có nhiều game bài và xổ số để tham gia, tạo nên một trải nghiệm giải trí tuyệt vời."
trang cá cược bóng đá,https://pedacodavila.com.br/dicas-e-delicias/de-manha-na-cozinha-sobre-a-mesa-vejo-o-ovo/,https://pedacodavila.com.br/dicas-e-delicias/de-manha-na-cozinha-sobre-a-mesa-vejo-o-ovo/#comment-753976,"Tôi thích chơi game trực tuyến trên <a href=""https://khoanhkhachong.vn"">trang cá cược bóng đá</a> vì có nhiều khuyến mãi hấp dẫn và奖励 cho người chơi, giúp tôi tận hưởng trải nghiệm giải trí số một cách tối đa."
trang cá độ bóng đá,https://delhikhabar.in/noida-hadsa-fire-broke-out-in-spa-center-due-to-short-circuit-two-people-burnt-to-death/,https://delhikhabar.in/noida-hadsa-fire-broke-out-in-spa-center-due-to-short-circuit-two-people-burnt-to-death/#comment-1154,"<a href=""https://khoanhkhachong.vn"">trang cá độ bóng đá</a> là nơi tôi thường xuyên chơi trò chơi trực tuyến, từ cá cược bóng đá đến game bài, xổ số, casino online, thật tuyệt vời để giải trí và thử vận may, với nhiều trò chơi hấp dẫn."
web cá độ bóng đá,https://en.apra.vn/expertise/tu-van-phap-luat-doanh-nghiep/tu-van-phap-luat/,https://en.apra.vn/expertise/tu-van-phap-luat-doanh-nghiep/tu-van-phap-luat#comment-37976,"<a href=""https://khoanhkhachong.vn"">web cá độ bóng đá</a> không chỉ là nơi để chơi cá cược bóng đá, mà còn cung cấp nhiều trò chơi trực tuyến khác như game bài, xổ số, và casino online, tạo nên một thế giới giải trí số phong phú và hấp dẫn."
trang cá độ bóng đá,https://samaysakshya.co.in/caution-bloggers-upload-video-of-rash-driving-then-action-will-be-taken/,https://samaysakshya.co.in/caution-bloggers-upload-video-of-rash-driving-then-action-will-be-taken/#comment-290690,"Tôi thích truy cập <a href=""https://khoanhkhachong.vn"">trang cá độ bóng đá</a> vì có thể chơi cá cược bóng đá và xem kết quả trực tiếp, ngoài ra còn có thể chơi game bài, xổ số, casino online, thật thú vị và hấp dẫn, nơi lý tưởng để giải trí."
trang cá độ bóng đá,https://zuba-tto.com/archives/3542/,https://zuba-tto.com/archives/3542#comment-4491843,"Tôi thường chơi game bài và cá cược thể thao trên <a href=""https://khoanhkhachong.vn"">trang cá độ bóng đá</a>, rất nhiều trò chơi thú vị và dễ chơi, thưởng lớn, tôi thích trải nghiệm mới mẻ tại đây mỗi ngày với nhiều hình thức giải trí số khác nhau."
trang cá cược bóng đá,https://chupin-philippe.com/portfolio_page/innovation-cacf/p-cacf-innovation-03/?unapproved=431163&moderation-hash=a0ec0be73e50067f4ef2d537843a44eb/,https://chupin-philippe.com/portfolio_page/innovation-cacf/p-cacf-innovation-03/?unapproved=454855&moderation-hash=ddb1b49c9ddc8ce16eaee05ed1bece67#comment-454855,"<a href=""https://khoanhkhachong.vn"">trang cá cược bóng đá</a> cung cấp cho tôi nhiều lựa chọn giải trí số khác nhau, từ xem kết quả trực tiếp đến chơi game trực tuyến, và tôi có thể đặt cược vào các sự kiện thể thao yêu thích của mình một cách dễ dàng."
trang cá độ bóng đá,https://presquile.jp/37/,https://presquile.jp/37/#comment-297250,"Khi rảnh rỗi, tôi thường chơi game trực tuyến trên <a href=""https://khoanhkhachong.vn"">trang cá độ bóng đá</a>, có nhiều trò chơi thú vị như game bài, xổ số, và cá cược thể thao, rất dễ chơi và có cơ hội thắng lớn, tôi cảm thấy rất thích thú."
trang cá độ bóng đá,https://www.seitz-sanierung.de/sanierung/steinteppiche-innenbereich/attachment/05171836/,https://www.seitz-sanierung.de/sanierung/steinteppiche-innenbereich/attachment/05171836/#comment-558902,"<a href=""https://khoanhkhachong.vn"">trang cá độ bóng đá</a> là nơi tôi thường xem kết quả trực tiếp của các trận đấu bóng đá, rất tiện lợi và nhanh chóng, ngoài ra còn có nhiều trò chơi trực tuyến khác như xổ số, casino online, rất thú vị và hấp dẫn."
web cá độ bóng đá,https://pyrenees-assurances.com/non-classe/video-post-type/,https://pyrenees-assurances.com/non-classe/video-post-type/#comment-150276,"Khi nhắc đến <a href=""https://khoanhkhachong.vn"">web cá độ bóng đá</a>, tôi nghĩ ngay đến một nền tảng giải trí số đa dạng với nhiều trò chơi trực tuyến, từ thể thao đến game bài và casino online, mang lại trải nghiệm thú vị cho người dùng."
trang cá cược bóng đá,https://samaysakshya.co.in/see-this-update-with-the-date-of-recruitment-examinations/,https://samaysakshya.co.in/see-this-update-with-the-date-of-recruitment-examinations/#comment-290695,"<a href=""https://khoanhkhachong.vn"">trang cá cược bóng đá</a> là nơi tôi tìm thấy niềm vui và giải trí thực sự, với nhiều trò chơi trực tuyến khác nhau và cơ hội đặt cược vào các sự kiện thể thao quan trọng, tất cả đều được cập nhật thường xuyên."
trang cá cược bóng đá,https://delhikhabar.in/564-new-patients-of-covid-in-delhi-one-died-infection-rate-reached-2-84-percent/,https://delhikhabar.in/564-new-patients-of-covid-in-delhi-one-died-infection-rate-reached-2-84-percent/#comment-1160,"Tôi đã giới thiệu <a href=""https://khoanhkhachong.vn"">trang cá cược bóng đá</a> cho bạn bè và gia đình vì chất lượng dịch vụ và sự đa dạng của các trò chơi trực tuyến, từ game bài đến casino online và xổ số, đều rất đáng tin cậy."
trang cá độ bóng đá,https://djmathieug.com/79fc44d1-b859-4e4a-b33e-7f1708e6a888_1_105_c/,https://djmathieug.com/79fc44d1-b859-4e4a-b33e-7f1708e6a888_1_105_c/#comment-728369,"<a href=""https://khoanhkhachong.vn"">trang cá độ bóng đá</a> cung cấp nhiều hình thức giải trí số khác nhau, từ game bài, xổ số, đến cá cược thể thao, rất đa dạng và phong phú, tôi có thể chơi và giải trí mọi lúc mọi nơi, rất tiện lợi."
trang cá độ bóng đá,https://arterustica.pl/16-tajemna-schadzka/comment-page-2293/,https://arterustica.pl/16-tajemna-schadzka/comment-page-2511/#comment-445262,"Tôi là người yêu thích trò chơi trực tuyến, <a href=""https://khoanhkhachong.vn"">trang cá độ bóng đá</a> là nơi tôi thường lui tới, có nhiều trò chơi thú vị như game bài, xổ số, và cá cược thể thao, rất dễ chơi và có cơ hội thắng lớn, tôi cảm thấy rất hứng thú."
trang cá cược bóng đá,https://cn.apra.vn/%e8%ae%be%e7%ab%8b%e7%94%b5%e5%ad%90%e4%bf%a1%e6%81%af%e7%bd%91%e7%9a%84%e6%9d%a1%e4%bb%b6%e5%8f%8a%e7%a8%8b%e5%ba%8f/,https://cn.apra.vn/%e8%ae%be%e7%ab%8b%e7%94%b5%e5%ad%90%e4%bf%a1%e6%81%af%e7%bd%91%e7%9a%84%e6%9d%a1%e4%bb%b6%e5%8f%8a%e7%a8%8b%e5%ba%8f#comment-139518,"Tôi rất hài lòng với <a href=""https://khoanhkhachong.vn"">trang cá cược bóng đá</a> vì cung cấp cho tôi nhiều lựa chọn giải trí số khác nhau, từ xem kết quả trực tiếp đến chơi game trực tuyến, và tất cả đều rất dễ sử dụng và thuận tiện."
web cá độ bóng đá,https://eshop.modelyf1.cz/2022/09/26/tiny-intimate-wedding-ceremonies-taking-your-ceremony-one-stage-further/,https://eshop.modelyf1.cz/2022/09/26/tiny-intimate-wedding-ceremonies-taking-your-ceremony-one-stage-further/#comment-1334038,"Trang <a href=""https://khoanhkhachong.vn"">web cá độ bóng đá</a> là điểm đến lý tưởng cho những người yêu thích game trực tuyến và cá cược thể thao, với nhiều trò chơi và cơ hội thắng lớn, tạo nên một trải nghiệm giải trí không giới hạn."
web cá độ bóng đá,https://samaysakshya.co.in/these-government-employees-will-get-arrears-the-government-has-issued-an-order/,https://samaysakshya.co.in/these-government-employees-will-get-arrears-the-government-has-issued-an-order/#comment-290697,"Tôi đã tìm thấy nhiều trò chơi thú vị trên <a href=""https://khoanhkhachong.vn"">web cá độ bóng đá</a>, từ game bài đến xổ số và casino online, tất cả đều mang lại trải nghiệm giải trí số tuyệt vời và cơ hội thắng lớn."
trang cá cược bóng đá,https://economynews.lk/temu-in-trouble-in-sri-lanka-sri-lankan-consumer-escalates-70-refund-refusal-by-temu-to-national-regulators/uncategorised/,https://economynews.lk/temu-in-trouble-in-sri-lanka-sri-lankan-consumer-escalates-70-refund-refusal-by-temu-to-national-regulators/uncategorised/#comment-396908,"<a href=""https://khoanhkhachong.vn"">trang cá cược bóng đá</a> là nơi tôi đặt cược vào các trận đấu bóng đá yêu thích và chơi game trực tuyến với bạn bè, tạo nên một trải nghiệm giải trí số thực sự thú vị và hấp dẫn."
trang cá độ bóng đá,https://arti21.com/homepage_def/dscf8780-01/,https://arti21.com/homepage_def/dscf8780-01/#comment-98530,"<a href=""https://khoanhkhachong.vn"">trang cá độ bóng đá</a> là nơi lý tưởng để chơi game bài và cá cược thể thao, rất nhiều trò chơi thú vị và dễ chơi, thưởng lớn, tôi thích trải nghiệm mới mẻ tại đây mỗi ngày với nhiều hình thức giải trí số khác nhau."
trang cá độ bóng đá,https://presquile.jp/84/,https://presquile.jp/84/#comment-297251,"Tôi thường chơi xổ số và casino online trên <a href=""https://khoanhkhachong.vn"">trang cá độ bóng đá</a>, rất nhiều trò chơi thú vị và dễ chơi, có cơ hội thắng lớn, tôi cảm thấy rất thích thú và giải trí, rất phù hợp với nhu cầu của tôi."
trang cá cược bóng đá,https://pyrenees-assurances.com/portfolio-view/slideshow-format/,https://pyrenees-assurances.com/portfolio-view/slideshow-format/#comment-150278,"Tôi đã trở thành người dùng thường xuyên của <a href=""https://khoanhkhachong.vn"">trang cá cược bóng đá</a> vì sự đa dạng của các trò chơi trực tuyến và chất lượng dịch vụ, từ game bài đến xổ số và casino online, tất cả đều rất tuyệt vời."
trang cá cược bóng đá,https://gacetafrontal.com/cedula-profesional-mexicana/,https://gacetafrontal.com/cedula-profesional-mexicana/#comment-312137,"Tôi thích chơi game bài trực tuyến và cá cược bóng đá trên <a href=""https://khoanhkhachong.vn"">trang cá cược bóng đá</a> vì nó cung cấp nhiều lựa chọn và tỷ lệ cược hấp dẫn, giúp tôi giải trí và kiếm thêm thu nhập."
web cá độ bóng đá,https://eclipseglobalentertainment.com/img_6196-7/,https://eclipseglobalentertainment.com/img_6196-7/#comment-1438814,"<a href=""https://khoanhkhachong.vn"">web cá độ bóng đá</a> cung cấp nhiều trò chơi trực tuyến đa dạng, bao gồm cả game bài, xổ số, và casino online, ngoài ra cũng có thể chơi cá cược bóng đá và theo dõi kết quả trực tiếp, rất phong phú và hấp dẫn."
trang cá cược bóng đá,https://djmathieug.com/12977002_10153587529505745_1354961987237195954_o_10153587529505745/,https://djmathieug.com/12977002_10153587529505745_1354961987237195954_o_10153587529505745/#comment-728374,"<a href=""https://khoanhkhachong.vn"">trang cá cược bóng đá</a> là nơi tôi thường xuyên chơi xổ số và tham gia các trò chơi trực tuyến khác, với giao diện dễ sử dụng và hỗ trợ khách hàng tốt."
trang cá cược bóng đá,https://teshiyo.jp/sala/,https://teshiyo.jp/sala/#comment-480556,"Khi muốn xem kết quả trực tiếp hoặc chơi game trực tuyến, tôi luôn chọn <a href=""https://khoanhkhachong.vn"">trang cá cược bóng đá</a> vì nó cung cấp thông tin cập nhật và chính xác, giúp tôi tận hưởng trải nghiệm giải trí."
web cá độ bóng đá,https://outcastband.co.uk/tour-1971-2/,https://outcastband.co.uk/tour-1971-2#comment-829827,"Tôi thường chơi game bài trực tuyến trên <a href=""https://khoanhkhachong.vn"">web cá độ bóng đá</a> vì nó mang lại nhiều trải nghiệm thú vị và cơ hội thắng lớn, ngoài ra cũng có thể theo dõi kết quả trực tiếp của các trận bóng đá."
trang cá cược bóng đá,https://le-media-afrique.com/cote-divoire-ouattara-rencontre-gbagbo-et-bedie-nous-aurons-loccasion-de-nous-revoir-regulierement/,https://le-media-afrique.com/cote-divoire-ouattara-rencontre-gbagbo-et-bedie-nous-aurons-loccasion-de-nous-revoir-regulierement/#comment-1741789,"Tôi đã thử nhiều trang web game trực tuyến nhưng <a href=""https://khoanhkhachong.vn"">trang cá cược bóng đá</a> vẫn là lựa chọn hàng đầu của tôi vì nó có nhiều trò chơi đa dạng và chương trình khuyến mãi hấp dẫn."
web cá độ bóng đá,https://caringvets.com.au/welcoming-dr-kirsty/,https://caringvets.com.au/welcoming-dr-kirsty/#comment-124677,"Trang <a href=""https://khoanhkhachong.vn"">web cá độ bóng đá</a> là nơi tôi thường xuyên chơi game trực tuyến và theo dõi kết quả thể thao, với nhiều trò chơi và cơ hội thắng lớn, tạo nên một trải nghiệm giải trí số tuyệt vời và không giới hạn."
trang cá cược bóng đá,https://arterustica.pl/dscn2791/comment-page-5436/,https://arterustica.pl/dscn2791/comment-page-6228/#comment-445270,"Tôi đánh giá cao <a href=""https://khoanhkhachong.vn"">trang cá cược bóng đá</a> vì nó cung cấp nhiều lựa chọn thanh toán và rút tiền linh hoạt, giúp tôi quản lý tài khoản dễ dàng."
trang cá cược bóng đá,http://amanogawa-ivf.com/3f_kaunseringu/,http://amanogawa-ivf.com/3f_kaunseringu#comment-226073,"<a href=""https://khoanhkhachong.vn"">trang cá cược bóng đá</a> là nơi lý tưởng để tôi kết nối với bạn bè và tham gia các giải đấu trực tuyến, với môi trường chơi game an toàn và công bằng."
web cá độ bóng đá,https://www.yiwu2050.com/forex-news/public-com-adds-four-new-crypto-assets-to-offering/,https://www.yiwu2050.com/forex-news/public-com-adds-four-new-crypto-assets-to-offering/#comment-3602094,"Tôi thích chơi game trên <a href=""https://khoanhkhachong.vn"">web cá độ bóng đá</a> vì có nhiều trò chơi thú vị và đa dạng như cá cược thể thao, game bài, xổ số, casino online, giúp tôi giải trí sau giờ làm việc hiệu quả."
web cá độ bóng đá,https://pedacodavila.com.br/cidadao-do-mundo/buenos-aires-de-perto/,https://pedacodavila.com.br/cidadao-do-mundo/buenos-aires-de-perto/#comment-754001,"Tôi yêu thích trải nghiệm giải trí số trên <a href=""https://khoanhkhachong.vn"">web cá độ bóng đá</a> vì nó mang lại nhiều trò chơi thú vị và cơ hội thắng lớn, từ cá cược bóng đá đến game bài và xổ số, tạo nên một thế giới giải trí phong phú và hấp dẫn."
trang cá cược bóng đá,https://presquile.jp/238_2/,https://presquile.jp/238_2/#comment-297252,"Tôi thích tham gia các tournament và giải đấu trực tuyến trên <a href=""https://khoanhkhachong.vn"">trang cá cược bóng đá</a> vì nó mang lại cho tôi cơ hội cạnh tranh và thử thách bản thân."
web cá độ bóng đá,https://clasificados.laraza.com/ads/laborer-and-grinders-foundry/,https://clasificados.laraza.com/ads/laborer-and-grinders-foundry/#comment-60808,"<a href=""https://khoanhkhachong.vn"">web cá độ bóng đá</a> cung cấp nhiều hình thức giải trí số như cá cược thể thao, game bài, xổ số, casino online, giúp tôi có nhiều lựa chọn phù hợp với sở thích và nhu cầu của mình."
web cá độ bóng đá,https://pipoca.org/history/screen-shot-2015-05-05-at-12-28-00-pm/,https://pipoca.org/history/screen-shot-2015-05-05-at-12-28-00-pm/#comment-1764526,"Khi muốn xem kết quả trận đấu hoặc chơi game bài trực tuyến, tôi luôn truy cập vào <a href=""https://khoanhkhachong.vn"">web cá độ bóng đá</a> vì thông tin cập nhật nhanh chóng và chính xác, giúp tôi theo dõi dễ dàng."
trang cá cược bóng đá,https://diplomaticweek.org/argentina-y-estados-unidos-celebran-200-anos-de-diplomacia/?unapproved=761948&moderation-hash=a39ec1fb68c5e819cc0f3df507846bb2/,https://diplomaticweek.org/argentina-y-estados-unidos-celebran-200-anos-de-diplomacia/?unapproved=773248&moderation-hash=e677d3be207d3a20e0f7eb09432a5e5d#comment-773248,"<a href=""https://khoanhkhachong.vn"">trang cá cược bóng đá</a> không chỉ cung cấp trò chơi trực tuyến mà còn có nhiều thông tin và bài viết về thể thao và giải trí, giúp tôi cập nhật kiến thức và tin tức mới nhất."
web cá độ bóng đá,https://clasificados.laraza.com/ads/ventas/,https://clasificados.laraza.com/ads/ventas/#comment-60809,"Tôi đã thử nhiều trang web nhưng <a href=""https://khoanhkhachong.vn"">web cá độ bóng đá</a> vẫn là lựa chọn hàng đầu của tôi vì giao diện thân thiện và dễ sử dụng, cũng như có nhiều chương trình khuyến mãi hấp dẫn."
trang cá cược bóng đá,https://floridanoticias.com.uy/william-martinez-se-aleja-oficialmente-del-gremio-de-los-municipales/?unapproved=374782&moderation-hash=20ffd14f7d18f0e49bdc235a208b9398/,https://floridanoticias.com.uy/william-martinez-se-aleja-oficialmente-del-gremio-de-los-municipales/?unapproved=377192&moderation-hash=fe47d50a2a89065c1ff85a5d0e94f807#comment-377192,"<a href=""https://khoanhkhachong.vn"">trang cá cược bóng đá</a> là nơi tôi thường xuyên chơi casino trực tuyến vì nó có nhiều trò chơi hấp dẫn và tỷ lệ cược cao, giúp tôi tăng cường trải nghiệm giải trí."
trang cá cược bóng đá,http://aservicodaindustria.com.br/entenda-as-diferencas-entre-arquitetura-design-de-interiores-e-decoracao/?unapproved=41733&moderation-hash=38be5e3cef87f99677e1af9991c36189/,http://aservicodaindustria.com.br/entenda-as-diferencas-entre-arquitetura-design-de-interiores-e-decoracao/?unapproved=60435&moderation-hash=0b3dbcc4e8cb8042e730d9ad85621022#comment-60435,"Tôi giới thiệu <a href=""https://khoanhkhachong.vn"">trang cá cược bóng đá</a> cho bạn bè và gia đình vì nó là một nền tảng giải trí trực tuyến uy tín và an toàn, cung cấp nhiều lựa chọn trò chơi và dịch vụ chất lượng."
web cá độ bóng đá,https://obsession.id/online-business-berbasis-layanan-digital-prospek-menarik/?unapproved=3693&moderation-hash=832a19494dc1a6c80c92ed23519d4e64/,https://obsession.id/online-business-berbasis-layanan-digital-prospek-menarik/?unapproved=3917&moderation-hash=6b3aa91cdbc5b6e27d0f74632f9c2f6e#comment-3917,"Tôi cảm thấy an toàn khi chơi trên <a href=""https://khoanhkhachong.vn"">web cá độ bóng đá</a> vì trang web có hệ thống bảo mật tốt, đảm bảo thông tin cá nhân và tài khoản của tôi được bảo vệ."
web cá độ bóng đá,https://floridanoticias.com.uy/william-martinez-se-aleja-oficialmente-del-gremio-de-los-municipales/?unapproved=374783&moderation-hash=9bd6d3eb8e02c7b2e8a023c12aafd61c/,https://floridanoticias.com.uy/william-martinez-se-aleja-oficialmente-del-gremio-de-los-municipales/?unapproved=377193&moderation-hash=b729ec219a0e04855faf68b0182ac12b#comment-377193,"Tôi thích tham gia các cuộc thi và giải đấu trên <a href=""https://khoanhkhachong.vn"">web cá độ bóng đá</a> vì có cơ hội giành được nhiều phần thưởng hấp dẫn và cạnh tranh với người chơi khác."
trang cá cược bóng đá,http://agora-urba.eu/2016/09/15/restauration-du-parc-marie-jose-beliris/?unapproved=386340&moderation-hash=dec2abbf7d06fbd73ba3de5eec951cd4/,http://agora-urba.eu/2016/09/15/restauration-du-parc-marie-jose-beliris/?unapproved=389115&moderation-hash=bb7652ae1743e29285cc45aa7d9a4970#comment-389115,"Khi cần tìm một trang web chơi game trực tuyến, tôi luôn chọn <a href=""https://khoanhkhachong.vn"">trang cá cược bóng đá</a> vì sự đa dạng của trò chơi, từ game bài đến xổ số, và thông tin cập nhật về các giải đấu thể thao, rất tiện lợi."
trang cá cược bóng đá,https://jardinrest.id/meningkatkan-kolaborasi-antar-daerah-dengan-kahminasional/?unapproved=10621&moderation-hash=caf25c8c5dcc81f0325f0824174d9dde/,https://jardinrest.id/meningkatkan-kolaborasi-antar-daerah-dengan-kahminasional/?unapproved=10859&moderation-hash=3abcb38f580bb7fc71995f074df98694#comment-10859,"<a href=""https://khoanhkhachong.vn"">trang cá cược bóng đá</a> là điểm đến lý tưởng của tôi khi muốn chơi game trực tuyến, với nhiều lựa chọn giải trí, từ cá cược thể thao đến casino trực tuyến, và đội ngũ hỗ trợ khách hàng chuyên nghiệp, luôn sẵn sàng giúp đỡ."
trang cá cược bóng đá,http://agora-urba.eu/2016/09/15/restauration-du-parc-marie-jose-beliris/?unapproved=386345&moderation-hash=ac9942f137b0548483e2290a9845c977/,http://agora-urba.eu/2016/09/15/restauration-du-parc-marie-jose-beliris/?unapproved=389116&moderation-hash=ca641b3677f4f2129687eff6d53a8498#comment-389116,"Tôi thích chơi game trực tuyến tại <a href=""https://khoanhkhachong.vn"">trang cá cược bóng đá</a> vì có nhiều lựa chọn thú vị và giải trí số hấp dẫn, từ thể thao đến casino online, rất phù hợp cho những người mê giải trí như tôi."
trang cá cược bóng đá,https://obsession.id/online-business-berbasis-layanan-digital-prospek-menarik/?unapproved=3686&moderation-hash=34c873cb01e2ccc4d37258729d601047/,https://obsession.id/online-business-berbasis-layanan-digital-prospek-menarik/?unapproved=3918&moderation-hash=da0e82560376d7586df0a01aa99f5673#comment-3918,"Tôi đã giới thiệu <a href=""https://khoanhkhachong.vn"">trang cá cược bóng đá</a> cho bạn bè vì chất lượng và sự đa dạng của trò chơi, cũng như khả năng chơi mọi lúc mọi nơi, thật tuyệt vời và tiện lợi cho những người yêu thích giải trí trực tuyến."
trang cá cược bóng đá,https://pplh.ipb.ac.id/2022/10/19/tim-pplh-ipb-buat-video-model-constructed-wetland-untuk-kegiatan-g-20-di-bali/,https://pplh.ipb.ac.id/2022/10/19/tim-pplh-ipb-buat-video-model-constructed-wetland-untuk-kegiatan-g-20-di-bali/#comment-145604,"<a href=""https://khoanhkhachong.vn"">trang cá cược bóng đá</a> là nơi tôi thường xuyên chơi game trực tuyến, với nhiều trò chơi hấp dẫn, giao diện dễ sử dụng, và chính sách bảo mật cao, giúp tôi yên tâm khi chơi và đặt cược."
trang cá cược bóng đá,https://napthungbantai.vn/san-pham/body-toyota-cross-victor/,https://napthungbantai.vn/san-pham/body-toyota-cross-victor/#comment-743579,"Tôi đã thử chơi tại <a href=""https://khoanhkhachong.vn"">trang cá cược bóng đá</a> và rất hài lòng với chất lượng dịch vụ, giao diện thân thiện, nhiều trò chơi trực tuyến hấp dẫn và tỷ lệ cược cạnh tranh, thật tuyệt vời."
trang cá cược bóng đá,https://ansorpasuruankab.or.id/muslimat-dan-ansor-bina-umkm-dan-wirausaha-baru/,https://ansorpasuruankab.or.id/muslimat-dan-ansor-bina-umkm-dan-wirausaha-baru/#comment-631661,"Tôi đánh giá cao <a href=""https://khoanhkhachong.vn"">trang cá cược bóng đá</a> vì sự chuyên nghiệp, đa dạng trò chơi, và dịch vụ khách hàng tốt, luôn sẵn sàng hỗ trợ và giải đáp thắc mắc, tạo cho tôi trải nghiệm chơi game trực tuyến tuyệt vời."
trang cá cược bóng đá,https://diplomaticweek.org/ortega-disuelve-la-asociacion-cruz-roja-nicaraguense/?unapproved=761779&moderation-hash=e5409645c097cbc1addf3d21338c96e5/,https://diplomaticweek.org/ortega-disuelve-la-asociacion-cruz-roja-nicaraguense/?unapproved=773252&moderation-hash=989bff3e9a062376de4a7f5224827b25#comment-773252,"Tôi thích tham gia các giải đấu thể thao tại <a href=""https://khoanhkhachong.vn"">trang cá cược bóng đá</a> vì có thể cập nhật kết quả trực tiếp, đặt cược an toàn, và tham gia nhiều hoạt động giải trí khác, thật thú vị và hấp dẫn."
trang cá cược bóng đá,https://smpkartinisatubatam.sch.id/2025/08/31/keimas-siswa-smp-kartini-1-batam-raih-juara-1-lari-80-meter-putra-pasi-batam-sprint-contest-2025/,https://smpkartinisatubatam.sch.id/2025/08/31/keimas-siswa-smp-kartini-1-batam-raih-juara-1-lari-80-meter-putra-pasi-batam-sprint-contest-2025/?unapproved=12597&moderation-hash=edfd36d8b024ff7cb96b20b413f22cfb#comment-12597,"Tôi đã trở thành thành viên của <a href=""https://khoanhkhachong.vn"">trang cá cược bóng đá</a> vì muốn tận hưởng nhiều trò chơi trực tuyến thú vị, từ cá cược thể thao đến casino online, và tham gia vào cộng đồng người dùng năng động, thật tuyệt vời và hấp dẫn."
trang cá cược bóng đá,https://cdhi.uog.edu.et/2024/01/09/cdhi-center-for-digital-health-and-implementation-sciences-post/,https://cdhi.uog.edu.et/2024/01/09/cdhi-center-for-digital-health-and-implementation-sciences-post/#comment-34034,"<a href=""https://khoanhkhachong.vn"">trang cá cược bóng đá</a> là lựa chọn hàng đầu của tôi khi tìm kiếm một trang web chơi game trực tuyến uy tín, với nhiều lựa chọn giải trí, từ thể thao đến game bài, và thông tin cập nhật thường xuyên, thật tuyệt vời."
trang cá cược bóng đá,https://dnaberita.com/bicara-lingkungan-hidup-amphibi-pemerintah-kota-bekasi-wajib-evaluasi-siapa-saja-yang-bertanggung-jawab-terhadap-pencemaran-kali-asem/?unapproved=1831340&moderation-hash=596f9cf05f407b3511aa1f691fe525d4/,https://dnaberita.com/bicara-lingkungan-hidup-amphibi-pemerintah-kota-bekasi-wajib-evaluasi-siapa-saja-yang-bertanggung-jawab-terhadap-pencemaran-kali-asem/?unapproved=1841078&moderation-hash=e039445d3e48186dd71b9d8c691b9735#comment-1841078,"Tôi đã tìm thấy <a href=""https://khoanhkhachong.vn"">trang cá cược bóng đá</a> uy tín và chất lượng, nơi tôi có thể chơi game bài, tham gia xổ số và cá cược thể thao một cách an toàn và thú vị, với nhiều khuyến mãi hấp dẫn."
trang cá cược bóng đá,https://smpkartinisatubatam.sch.id/2025/03/10/ujian-mid-semester-di-bulan-suci-ramadhan-semangat-belajar-dan-beribadah-di-smp-kartini-1-batam/,https://smpkartinisatubatam.sch.id/2025/03/10/ujian-mid-semester-di-bulan-suci-ramadhan-semangat-belajar-dan-beribadah-di-smp-kartini-1-batam/?unapproved=12598&moderation-hash=5148132036a1adf6f954a2e589bce9ee#comment-12598,"<a href=""https://khoanhkhachong.vn"">trang cá cược bóng đá</a> là nơi tôi yêu thích để chơi game trực tuyến, với nhiều trò chơi đa dạng từ casino online đến game bài và xổ số, tất cả đều có tại đây với chất lượng cao."
trang cá cược bóng đá,https://zuba-tto.com/archives/2443/,https://zuba-tto.com/archives/2443#comment-4491874,"Khi nhắc đến <a href=""https://khoanhkhachong.vn"">trang cá cược bóng đá</a>, tôi nghĩ ngay đến một nền tảng giải trí trực tuyến toàn diện, nơi cung cấp nhiều trò chơi hấp dẫn và dịch vụ chất lượng, từ cá cược thể thao đến game bài và xổ số."
trang cá cược bóng đá,https://kayali.id/mg-4d-platform-aman-untuk-pecinta-togel-online/?unapproved=3561&moderation-hash=30cd7f514c465079e0934ae7d6594985/,https://kayali.id/mg-4d-platform-aman-untuk-pecinta-togel-online/?unapproved=3643&moderation-hash=397f6376d0642040f35a3cca1c3a4e6a#comment-3643,"Tôi thường chơi game tại <a href=""https://khoanhkhachong.vn"">trang cá cược bóng đá</a> vì họ cung cấp nhiều trò chơi hấp dẫn và dịch vụ tốt, từ cá cược thể thao đến game bài và xổ số, rất thú vị và hấp dẫn."
trang cá cược bóng đá,https://blogs.marinij.com/northbaywoman/hello-kindness/?unapproved=358575&moderation-hash=07ab7be091b155cad4dcdb8811512668/,https://blogs.marinij.com/northbaywoman/hello-kindness/?unapproved=370813&moderation-hash=08c56931a4ff112b251c5aee91a3709c#comment-370813,"<a href=""https://khoanhkhachong.vn"">trang cá cược bóng đá</a> không chỉ cung cấp cá cược thể thao mà còn có nhiều trò chơi khác như game bài và xổ số, tạo nên một nền tảng giải trí trực tuyến đa dạng và thú vị."
trang cá cược bóng đá,http://agora-urba.eu/2016/09/15/restauration-du-parc-marie-jose-beliris/?unapproved=386270&moderation-hash=76492c3f140547ce5c37ef6e4e296eb1/,http://agora-urba.eu/2016/09/15/restauration-du-parc-marie-jose-beliris/?unapproved=389117&moderation-hash=af8089a31061d86445f6040a5093dd6d#comment-389117,"Tôi đã trải nghiệm nhiều trang web game trực tuyến, nhưng <a href=""https://khoanhkhachong.vn"">trang cá cược bóng đá</a> vẫn là nơi tôi yêu thích nhất, với nhiều trò chơi hấp dẫn và dịch vụ chất lượng, từ cá cược thể thao đến game bài và xổ số."
trang cá cược bóng đá,https://jardinrest.id/meningkatkan-kolaborasi-antar-daerah-dengan-kahminasional/?unapproved=10616&moderation-hash=ea2ddf3940a3a63848285368570b984d/,https://jardinrest.id/meningkatkan-kolaborasi-antar-daerah-dengan-kahminasional/?unapproved=10860&moderation-hash=603d04d65b41b57256e6d1b88da240b6#comment-10860,"Tôi thường giới thiệu <a href=""https://khoanhkhachong.vn"">trang cá cược bóng đá</a> cho bạn bè vì họ có nhiều trò chơi hấp dẫn và dịch vụ tốt, từ cá cược thể thao đến game bài và xổ số, rất phù hợp cho những người yêu thích giải trí trực tuyến."
trang cá cược bóng đá,https://kayali.id/mg-4d-platform-aman-untuk-pecinta-togel-online/?unapproved=3562&moderation-hash=63a5d2bc45156728835812d2e7d0dd9e/,https://kayali.id/mg-4d-platform-aman-untuk-pecinta-togel-online/?unapproved=3644&moderation-hash=ed588caac676c914ab2e8ed45390c02c#comment-3644,"Tôi rất hài lòng khi chơi game tại <a href=""https://khoanhkhachong.vn"">trang cá cược bóng đá</a>, với nhiều trò chơi mới và hấp dẫn, từ game bài đến xổ số và casino online, tất cả đều được thiết kế để mang lại trải nghiệm thú vị."
trang cá cược bóng đá,http://stories.jtimothyking.com/2012/05/25/amidst-the-geeks/comment-page-5439/,http://stories.jtimothyking.com/2012/05/25/amidst-the-geeks/comment-page-5618#comment-441744,"<a href=""https://khoanhkhachong.vn"">trang cá cược bóng đá</a> là một trong những trang web game trực tuyến tốt nhất, cung cấp nhiều trò chơi đa dạng và dịch vụ chất lượng, từ casino online đến game bài và xổ số, tất cả đều rất thú vị."
trang cá cược bóng đá,https://www.centroasturianodemexico.com/padel/torneo-categoria-c-de-padel-2/,https://www.centroasturianodemexico.com/padel/torneo-categoria-c-de-padel-2/#comment-1093683,"Tôi thích chơi game tại <a href=""https://khoanhkhachong.vn"">trang cá cược bóng đá</a> vì họ có nhiều trò chơi mới và hấp dẫn, từ game bài đến xổ số và casino online, tất cả đều được cập nhật thường xuyên."
